-- MySQL dump 10.13  Distrib 8.0.13, for macos10.14 (x86_64)
--
-- Host: 127.0.0.1    Database: b2blite
-- ------------------------------------------------------
-- Server version	8.0.11

/*!40101 SET @OLD_CHARACTER_SET_CLIENT=@@CHARACTER_SET_CLIENT */;
/*!40101 SET @OLD_CHARACTER_SET_RESULTS=@@CHARACTER_SET_RESULTS */;
/*!40101 SET @OLD_COLLATION_CONNECTION=@@COLLATION_CONNECTION */;
 SET NAMES utf8 ;
/*!40103 SET @OLD_TIME_ZONE=@@TIME_ZONE */;
/*!40103 SET TIME_ZONE='+00:00' */;
/*!40014 SET @OLD_UNIQUE_CHECKS=@@UNIQUE_CHECKS, UNIQUE_CHECKS=0 */;
/*!40014 SET @OLD_FOREIGN_KEY_CHECKS=@@FOREIGN_KEY_CHECKS, FOREIGN_KEY_CHECKS=0 */;
/*!40101 SET @OLD_SQL_MODE=@@SQL_MODE, SQL_MODE='NO_AUTO_VALUE_ON_ZERO' */;
/*!40111 SET @OLD_SQL_NOTES=@@SQL_NOTES, SQL_NOTES=0 */;

--
-- Table structure for table `lte_balance`
--

DROP TABLE IF EXISTS `lte_balance`;
/*!40101 SET @saved_cs_client     = @@character_set_client */;
 SET character_set_client = utf8mb4 ;
CREATE TABLE `lte_balance` (
  `id` bigint(20) unsigned NOT NULL AUTO_INCREMENT,
  `outlet` int(11) NOT NULL,
  `amount` double(8,2) NOT NULL,
  `balance_method` int(11) NOT NULL,
  `method_name` varchar(255) COLLATE utf8mb4_unicode_ci NOT NULL,
  `entry_at` timestamp NOT NULL DEFAULT CURRENT_TIMESTAMP,
  `entry_by` varchar(255) COLLATE utf8mb4_unicode_ci NOT NULL,
  `update_at` timestamp NOT NULL DEFAULT CURRENT_TIMESTAMP ON UPDATE CURRENT_TIMESTAMP,
  `update_by` varchar(255) COLLATE utf8mb4_unicode_ci NOT NULL,
  PRIMARY KEY (`id`)
) ENGINE=InnoDB DEFAULT CHARSET=utf8mb4 COLLATE=utf8mb4_unicode_ci;
/*!40101 SET character_set_client = @saved_cs_client */;

--
-- Dumping data for table `lte_balance`
--

LOCK TABLES `lte_balance` WRITE;
/*!40000 ALTER TABLE `lte_balance` DISABLE KEYS */;
/*!40000 ALTER TABLE `lte_balance` ENABLE KEYS */;
UNLOCK TABLES;

--
-- Table structure for table `lte_balance_method`
--

DROP TABLE IF EXISTS `lte_balance_method`;
/*!40101 SET @saved_cs_client     = @@character_set_client */;
 SET character_set_client = utf8mb4 ;
CREATE TABLE `lte_balance_method` (
  `id` bigint(20) unsigned NOT NULL AUTO_INCREMENT,
  `name` varchar(255) COLLATE utf8mb4_unicode_ci NOT NULL,
  `accounts` varchar(255) COLLATE utf8mb4_unicode_ci NOT NULL,
  `entry_at` timestamp NOT NULL DEFAULT CURRENT_TIMESTAMP,
  `entry_by` varchar(255) COLLATE utf8mb4_unicode_ci NOT NULL,
  `update_at` timestamp NOT NULL DEFAULT CURRENT_TIMESTAMP ON UPDATE CURRENT_TIMESTAMP,
  `update_by` varchar(255) COLLATE utf8mb4_unicode_ci NOT NULL,
  PRIMARY KEY (`id`)
) ENGINE=InnoDB DEFAULT CHARSET=utf8mb4 COLLATE=utf8mb4_unicode_ci;
/*!40101 SET character_set_client = @saved_cs_client */;

--
-- Dumping data for table `lte_balance_method`
--

LOCK TABLES `lte_balance_method` WRITE;
/*!40000 ALTER TABLE `lte_balance_method` DISABLE KEYS */;
/*!40000 ALTER TABLE `lte_balance_method` ENABLE KEYS */;
UNLOCK TABLES;

--
-- Table structure for table `lte_balance_transections`
--

DROP TABLE IF EXISTS `lte_balance_transections`;
/*!40101 SET @saved_cs_client     = @@character_set_client */;
 SET character_set_client = utf8mb4 ;
CREATE TABLE `lte_balance_transections` (
  `id` bigint(20) unsigned NOT NULL AUTO_INCREMENT,
  `fy` year(4) NOT NULL,
  `date` varchar(255) COLLATE utf8mb4_unicode_ci NOT NULL,
  `transection_no` varchar(255) COLLATE utf8mb4_unicode_ci NOT NULL,
  `order_no` varchar(255) COLLATE utf8mb4_unicode_ci DEFAULT NULL,
  `outlet` int(11) NOT NULL,
  `amount` double(8,2) NOT NULL,
  `type` int(11) NOT NULL,
  `balance_method` int(11) NOT NULL,
  `entry_at` timestamp NOT NULL DEFAULT CURRENT_TIMESTAMP,
  `entry_by` varchar(255) COLLATE utf8mb4_unicode_ci NOT NULL,
  `update_at` timestamp NOT NULL DEFAULT CURRENT_TIMESTAMP ON UPDATE CURRENT_TIMESTAMP,
  `update_by` varchar(255) COLLATE utf8mb4_unicode_ci NOT NULL,
  PRIMARY KEY (`id`)
) ENGINE=InnoDB AUTO_INCREMENT=14 DEFAULT CHARSET=utf8mb4 COLLATE=utf8mb4_unicode_ci;
/*!40101 SET character_set_client = @saved_cs_client */;

--
-- Dumping data for table `lte_balance_transections`
--

LOCK TABLES `lte_balance_transections` WRITE;
/*!40000 ALTER TABLE `lte_balance_transections` DISABLE KEYS */;
INSERT INTO `lte_balance_transections` VALUES (1,2021,'2021-07-29','2021-07-29-0-1','ORD-2021-07-29-0-21',0,10.00,1,1,'2021-07-28 20:20:02','1','2021-07-28 20:20:02',''),(2,2021,'2021-07-29','2021-07-29-0-2','ORD-2021-07-29-0-22',0,10.00,1,1,'2021-07-28 20:23:30','1','2021-07-28 20:23:30',''),(3,2021,'2021-07-29','2021-07-29-0-3','ORD-2021-07-29-0-23',0,10.00,1,1,'2021-07-28 20:24:22','1','2021-07-28 20:24:22',''),(4,2021,'2021-07-29','2021-07-29-0-4','ORD-2021-07-29-0-24',0,10.00,1,1,'2021-07-28 20:26:26','1','2021-07-28 20:26:26',''),(5,2021,'2021-07-29','2021-07-29-0-5','ORD-2021-07-29-0-25',0,10.00,1,1,'2021-07-28 20:27:28','1','2021-07-28 20:27:28',''),(6,2021,'2021-07-29','2021-07-29-0-6','ORD-2021-07-29-0-25',0,-5.00,-1,1,'2021-07-28 20:27:35','1','2021-07-28 20:27:35',''),(7,2021,'2021-07-29','2021-07-29-0-7','ORD-2021-07-29-0-25',0,20.00,1,2,'2021-07-28 20:32:04','1','2021-07-28 20:32:04',''),(8,2021,'2021-07-29','2021-07-29-0-8','ORD-2021-07-29-0-28',0,5.00,1,1,'2021-07-29 07:28:09','1','2021-07-29 07:28:09',''),(9,2021,'2021-07-29','2021-07-29-0-9','INV-2021-07-29-3',0,7000.00,1,1,'2021-07-29 09:02:38','1','2021-07-29 09:02:38',''),(10,2021,'2021-07-29','2021-07-29-0-10','INV-2021-07-29-3',0,-1000.00,-1,1,'2021-07-29 09:03:18','1','2021-07-29 09:03:18',''),(11,2021,'2021-07-29','2021-07-29-0-11','INV-2021-07-29-4',0,50.00,1,1,'2021-07-29 15:47:29','1','2021-07-29 15:47:29',''),(12,2021,'2021-07-31','2021-07-31-0-1','INV-2021-07-31-2',0,500.00,1,1,'2021-07-31 10:42:06','1','2021-07-31 10:42:06',''),(13,2021,'2021-07-31','2021-07-31-0-2','INV-2021-07-31-2',0,1500.00,1,1,'2021-07-31 10:42:15','1','2021-07-31 10:42:15','');
/*!40000 ALTER TABLE `lte_balance_transections` ENABLE KEYS */;
UNLOCK TABLES;

--
-- Table structure for table `lte_brands`
--

DROP TABLE IF EXISTS `lte_brands`;
/*!40101 SET @saved_cs_client     = @@character_set_client */;
 SET character_set_client = utf8mb4 ;
CREATE TABLE `lte_brands` (
  `id` bigint(20) unsigned NOT NULL AUTO_INCREMENT,
  `name` varchar(255) COLLATE utf8mb4_unicode_ci NOT NULL,
  `entry_at` timestamp NOT NULL DEFAULT CURRENT_TIMESTAMP,
  `entry_by` varchar(255) COLLATE utf8mb4_unicode_ci NOT NULL,
  `update_at` timestamp NOT NULL DEFAULT CURRENT_TIMESTAMP ON UPDATE CURRENT_TIMESTAMP,
  `update_by` varchar(255) COLLATE utf8mb4_unicode_ci NOT NULL,
  PRIMARY KEY (`id`)
) ENGINE=InnoDB AUTO_INCREMENT=3 DEFAULT CHARSET=utf8mb4 COLLATE=utf8mb4_unicode_ci;
/*!40101 SET character_set_client = @saved_cs_client */;

--
-- Dumping data for table `lte_brands`
--

LOCK TABLES `lte_brands` WRITE;
/*!40000 ALTER TABLE `lte_brands` DISABLE KEYS */;
INSERT INTO `lte_brands` VALUES (1,'Akij','2021-07-29 15:04:26','','2021-07-29 15:04:26',''),(2,'Charu','2021-07-29 15:04:38','','2021-07-29 15:04:38','');
/*!40000 ALTER TABLE `lte_brands` ENABLE KEYS */;
UNLOCK TABLES;

--
-- Table structure for table `lte_customers`
--

DROP TABLE IF EXISTS `lte_customers`;
/*!40101 SET @saved_cs_client     = @@character_set_client */;
 SET character_set_client = utf8mb4 ;
CREATE TABLE `lte_customers` (
  `id` bigint(20) unsigned NOT NULL AUTO_INCREMENT,
  `name` varchar(255) COLLATE utf8mb4_unicode_ci NOT NULL,
  `mobile` varchar(255) COLLATE utf8mb4_unicode_ci NOT NULL,
  `email` varchar(255) COLLATE utf8mb4_unicode_ci NOT NULL,
  `address` varchar(255) COLLATE utf8mb4_unicode_ci NOT NULL,
  `deliveryaddress` varchar(255) COLLATE utf8mb4_unicode_ci NOT NULL,
  `remarks` mediumtext COLLATE utf8mb4_unicode_ci NOT NULL,
  `due` double(8,2) NOT NULL,
  `entry_at` timestamp NOT NULL DEFAULT CURRENT_TIMESTAMP,
  `entry_by` varchar(255) COLLATE utf8mb4_unicode_ci NOT NULL,
  `update_at` timestamp NOT NULL DEFAULT CURRENT_TIMESTAMP ON UPDATE CURRENT_TIMESTAMP,
  `update_by` varchar(255) COLLATE utf8mb4_unicode_ci NOT NULL,
  PRIMARY KEY (`id`)
) ENGINE=InnoDB AUTO_INCREMENT=4 DEFAULT CHARSET=utf8mb4 COLLATE=utf8mb4_unicode_ci;
/*!40101 SET character_set_client = @saved_cs_client */;

--
-- Dumping data for table `lte_customers`
--

LOCK TABLES `lte_customers` WRITE;
/*!40000 ALTER TABLE `lte_customers` DISABLE KEYS */;
INSERT INTO `lte_customers` VALUES (1,'Jasim Uddin','01791767175','jasimmailid@gmail.com','Shyamoli, Dhaka','Flat # A2, House # 31/A, Road # 3, Shyamoli, Dhaka','',0.00,'2021-07-26 13:33:45','','2021-07-27 15:50:10','1'),(2,'Jasim Uddin','01678114209','jasimmail@gmail.com','Dhaka','Dhaka','',0.00,'2021-07-28 19:20:50','','2021-07-28 19:21:07','1'),(3,'Kazi Mokhter Hosain','01711947062','','Dhaka','','',0.00,'2021-07-29 08:56:24','','2021-07-29 08:56:51','1');
/*!40000 ALTER TABLE `lte_customers` ENABLE KEYS */;
UNLOCK TABLES;

--
-- Table structure for table `lte_expense`
--

DROP TABLE IF EXISTS `lte_expense`;
/*!40101 SET @saved_cs_client     = @@character_set_client */;
 SET character_set_client = utf8mb4 ;
CREATE TABLE `lte_expense` (
  `id` bigint(20) unsigned NOT NULL AUTO_INCREMENT,
  `date` varchar(255) COLLATE utf8mb4_unicode_ci NOT NULL,
  `sector_id` int(11) NOT NULL,
  `sector_name` varchar(255) COLLATE utf8mb4_unicode_ci NOT NULL,
  `amount` double(8,2) NOT NULL,
  `receipt_no` varchar(255) COLLATE utf8mb4_unicode_ci NOT NULL,
  `remarks` varchar(255) COLLATE utf8mb4_unicode_ci DEFAULT NULL,
  `entry_at` timestamp NOT NULL DEFAULT CURRENT_TIMESTAMP,
  `entry_by` varchar(255) COLLATE utf8mb4_unicode_ci NOT NULL,
  `update_at` timestamp NOT NULL DEFAULT CURRENT_TIMESTAMP ON UPDATE CURRENT_TIMESTAMP,
  `update_by` varchar(255) COLLATE utf8mb4_unicode_ci NOT NULL,
  PRIMARY KEY (`id`)
) ENGINE=InnoDB AUTO_INCREMENT=6 DEFAULT CHARSET=utf8mb4 COLLATE=utf8mb4_unicode_ci;
/*!40101 SET character_set_client = @saved_cs_client */;

--
-- Dumping data for table `lte_expense`
--

LOCK TABLES `lte_expense` WRITE;
/*!40000 ALTER TABLE `lte_expense` DISABLE KEYS */;
INSERT INTO `lte_expense` VALUES (1,'',5,'Delivery Cost',100.00,'ORD-2021-07-29-0-25','Delivery Fee','2021-07-28 20:31:48','','2021-07-28 20:31:48',''),(2,'2021-07-29',5,'Delivery Cost',10.00,'ORD-2021-07-29-0-27','aa','2021-07-28 20:51:22','','2021-07-28 20:51:22',''),(3,'2021-07-29',5,'Delivery Cost',1.00,'ORD-2021-07-29-0-27','a','2021-07-28 20:52:13','','2021-07-28 20:52:13',''),(4,'2021-07-29',5,'Delivery Cost',1.00,'ORD-2021-07-29-0-27',NULL,'2021-07-29 07:27:11','','2021-07-29 07:27:11',''),(5,'2021-07-29',5,'Delivery Cost',16.00,'ORD-2021-07-29-0-28',NULL,'2021-07-29 07:28:17','','2021-07-29 07:28:17','');
/*!40000 ALTER TABLE `lte_expense` ENABLE KEYS */;
UNLOCK TABLES;

--
-- Table structure for table `lte_expense_sector`
--

DROP TABLE IF EXISTS `lte_expense_sector`;
/*!40101 SET @saved_cs_client     = @@character_set_client */;
 SET character_set_client = utf8mb4 ;
CREATE TABLE `lte_expense_sector` (
  `id` bigint(20) unsigned NOT NULL AUTO_INCREMENT,
  `name` varchar(255) COLLATE utf8mb4_unicode_ci NOT NULL,
  `entry_at` timestamp NOT NULL DEFAULT CURRENT_TIMESTAMP,
  `entry_by` varchar(255) COLLATE utf8mb4_unicode_ci NOT NULL,
  `update_at` timestamp NOT NULL DEFAULT CURRENT_TIMESTAMP ON UPDATE CURRENT_TIMESTAMP,
  `update_by` varchar(255) COLLATE utf8mb4_unicode_ci NOT NULL,
  PRIMARY KEY (`id`)
) ENGINE=InnoDB AUTO_INCREMENT=4 DEFAULT CHARSET=utf8mb4 COLLATE=utf8mb4_unicode_ci;
/*!40101 SET character_set_client = @saved_cs_client */;

--
-- Dumping data for table `lte_expense_sector`
--

LOCK TABLES `lte_expense_sector` WRITE;
/*!40000 ALTER TABLE `lte_expense_sector` DISABLE KEYS */;
INSERT INTO `lte_expense_sector` VALUES (1,'Office Entertainment','2021-07-26 12:04:40','','2021-07-26 12:04:40',''),(2,'Employee Salary','2021-07-26 12:04:50','','2021-07-26 12:04:50',''),(3,'Utility Bill','2021-07-26 12:05:20','','2021-07-26 12:05:20','');
/*!40000 ALTER TABLE `lte_expense_sector` ENABLE KEYS */;
UNLOCK TABLES;

--
-- Table structure for table `lte_metrics`
--

DROP TABLE IF EXISTS `lte_metrics`;
/*!40101 SET @saved_cs_client     = @@character_set_client */;
 SET character_set_client = utf8mb4 ;
CREATE TABLE `lte_metrics` (
  `id` bigint(20) unsigned NOT NULL AUTO_INCREMENT,
  `name` varchar(255) COLLATE utf8mb4_unicode_ci NOT NULL,
  `entry_at` timestamp NOT NULL DEFAULT CURRENT_TIMESTAMP,
  `entry_by` varchar(255) COLLATE utf8mb4_unicode_ci NOT NULL,
  `update_at` timestamp NOT NULL DEFAULT CURRENT_TIMESTAMP ON UPDATE CURRENT_TIMESTAMP,
  `update_by` varchar(255) COLLATE utf8mb4_unicode_ci NOT NULL,
  PRIMARY KEY (`id`)
) ENGINE=InnoDB AUTO_INCREMENT=3 DEFAULT CHARSET=utf8mb4 COLLATE=utf8mb4_unicode_ci;
/*!40101 SET character_set_client = @saved_cs_client */;

--
-- Dumping data for table `lte_metrics`
--

LOCK TABLES `lte_metrics` WRITE;
/*!40000 ALTER TABLE `lte_metrics` DISABLE KEYS */;
INSERT INTO `lte_metrics` VALUES (1,'SFT','2021-07-26 12:00:18','','2021-07-26 12:00:18',''),(2,'Pc','2021-07-26 12:00:25','','2021-07-26 12:00:25','');
/*!40000 ALTER TABLE `lte_metrics` ENABLE KEYS */;
UNLOCK TABLES;

--
-- Table structure for table `lte_order_log`
--

DROP TABLE IF EXISTS `lte_order_log`;
/*!40101 SET @saved_cs_client     = @@character_set_client */;
 SET character_set_client = utf8mb4 ;
CREATE TABLE `lte_order_log` (
  `id` bigint(20) unsigned NOT NULL AUTO_INCREMENT,
  `order_no` varchar(255) COLLATE utf8mb4_unicode_ci NOT NULL,
  `tracking_no` varchar(255) COLLATE utf8mb4_unicode_ci NOT NULL,
  `event` varchar(255) COLLATE utf8mb4_unicode_ci NOT NULL,
  `message` text COLLATE utf8mb4_unicode_ci NOT NULL,
  `entry_at` timestamp NOT NULL DEFAULT CURRENT_TIMESTAMP,
  `entry_by` varchar(255) COLLATE utf8mb4_unicode_ci NOT NULL,
  `update_at` timestamp NOT NULL DEFAULT CURRENT_TIMESTAMP ON UPDATE CURRENT_TIMESTAMP,
  `update_by` varchar(255) COLLATE utf8mb4_unicode_ci NOT NULL,
  PRIMARY KEY (`id`)
) ENGINE=InnoDB AUTO_INCREMENT=63 DEFAULT CHARSET=utf8mb4 COLLATE=utf8mb4_unicode_ci;
/*!40101 SET character_set_client = @saved_cs_client */;

--
-- Dumping data for table `lte_order_log`
--

LOCK TABLES `lte_order_log` WRITE;
/*!40000 ALTER TABLE `lte_order_log` DISABLE KEYS */;
INSERT INTO `lte_order_log` VALUES (1,'ORD-2021-07-27-0-1','','Created','New Order #ORD-2021-07-27-0-1 Created By superadmin','2021-07-27 15:51:47','1','2021-07-27 15:51:47',''),(2,'ORD-2021-07-27-0-2','','Created','New Order #ORD-2021-07-27-0-2 Created By superadmin','2021-07-27 17:34:38','1','2021-07-27 17:34:38',''),(3,'ORD-2021-07-27-0-3','','Created','New Order #ORD-2021-07-27-0-3 Created By superadmin','2021-07-27 17:38:33','1','2021-07-27 17:38:33',''),(4,'ORD-2021-07-28-0-1','','Created','New Order #ORD-2021-07-28-0-1 Created By superadmin','2021-07-27 19:00:54','1','2021-07-27 19:00:54',''),(5,'ORD-2021-07-28-0-2','','Created','New Order #ORD-2021-07-28-0-2 Created By superadmin','2021-07-27 19:05:50','1','2021-07-27 19:05:50',''),(6,'ORD-2021-07-28-0-3','','Created','New Order #ORD-2021-07-28-0-3 Created By superadmin','2021-07-27 19:06:54','1','2021-07-27 19:06:54',''),(7,'ORD-2021-07-28-0-4','','Created','New Order #ORD-2021-07-28-0-4 Created By superadmin','2021-07-27 19:07:21','1','2021-07-27 19:07:21',''),(8,'ORD-2021-07-28-0-5','','Created','New Order #ORD-2021-07-28-0-5 Created By superadmin','2021-07-27 19:08:52','1','2021-07-27 19:08:52',''),(9,'ORD-2021-07-28-0-6','','Created','New Order #ORD-2021-07-28-0-6 Created By superadmin','2021-07-27 19:09:21','1','2021-07-27 19:09:21',''),(10,'ORD-2021-07-28-0-7','','Created','New Order #ORD-2021-07-28-0-7 Created By superadmin','2021-07-27 19:12:08','1','2021-07-27 19:12:08',''),(11,'ORD-2021-07-28-0-8','','Created','New Order #ORD-2021-07-28-0-8 Created By superadmin','2021-07-27 19:13:46','1','2021-07-27 19:13:46',''),(12,'ORD-2021-07-28-0-9','','Created','New Order #ORD-2021-07-28-0-9 Created By superadmin','2021-07-27 19:16:07','1','2021-07-27 19:16:07',''),(13,'ORD-2021-07-28-0-10','','Created','New Order #ORD-2021-07-28-0-10 Created By superadmin','2021-07-27 19:16:44','1','2021-07-27 19:16:44',''),(14,'ORD-2021-07-28-0-11','','Created','New Order #ORD-2021-07-28-0-11 Created By superadmin','2021-07-27 19:17:12','1','2021-07-27 19:17:12',''),(15,'ORD-2021-07-28-0-12','','Created','New Order #ORD-2021-07-28-0-12 Created By superadmin','2021-07-27 19:18:30','1','2021-07-27 19:18:30',''),(16,'ORD-2021-07-28-0-13','','Created','New Order #ORD-2021-07-28-0-13 Created By superadmin','2021-07-27 19:18:53','1','2021-07-27 19:18:53',''),(17,'ORD-2021-07-28-0-14','','Created','New Order #ORD-2021-07-28-0-14 Created By superadmin','2021-07-27 19:19:54','1','2021-07-27 19:19:54',''),(18,'ORD-2021-07-28-0-15','','Created','New Order #ORD-2021-07-28-0-15 Created By superadmin','2021-07-27 19:24:27','1','2021-07-27 19:24:27',''),(19,'ORD-2021-07-28-0-16','','Created','New Order #ORD-2021-07-28-0-16 Created By superadmin','2021-07-27 19:25:22','1','2021-07-27 19:25:22',''),(20,'ORD-2021-07-28-0-17','','Created','New Order #ORD-2021-07-28-0-17 Created By superadmin','2021-07-28 16:57:01','1','2021-07-28 16:57:01',''),(21,'ORD-2021-07-28-0-18','','Created','New Order #ORD-2021-07-28-0-18 Created By superadmin','2021-07-28 16:58:08','1','2021-07-28 16:58:08',''),(22,'ORD-2021-07-28-0-19','','Created','New Order #ORD-2021-07-28-0-19 Created By superadmin','2021-07-28 16:59:33','1','2021-07-28 16:59:33',''),(23,'ORD-2021-07-28-0-20','','Created','New Order #ORD-2021-07-28-0-20 Created By superadmin','2021-07-28 17:03:59','1','2021-07-28 17:03:59',''),(24,'ORD-2021-07-28-0-21','','Created','New Order #ORD-2021-07-28-0-21 Created By superadmin','2021-07-28 17:12:40','1','2021-07-28 17:12:40',''),(25,'ORD-2021-07-29-0-1','','Created','New Order #ORD-2021-07-29-0-1 Created By superadmin','2021-07-28 18:22:01','1','2021-07-28 18:22:01',''),(26,'ORD-2021-07-29-0-2','','Created','New Order #ORD-2021-07-29-0-2 Created By superadmin','2021-07-28 18:24:27','1','2021-07-28 18:24:27',''),(27,'ORD-2021-07-29-0-3','','Created','New Order #ORD-2021-07-29-0-3 Created By superadmin','2021-07-28 18:32:01','1','2021-07-28 18:32:01',''),(28,'ORD-2021-07-29-0-4','','Created','New Order #ORD-2021-07-29-0-4 Created By superadmin','2021-07-28 18:33:19','1','2021-07-28 18:33:19',''),(29,'ORD-2021-07-29-0-5','','Created','New Order #ORD-2021-07-29-0-5 Created By superadmin','2021-07-28 18:40:40','1','2021-07-28 18:40:40',''),(30,'ORD-2021-07-29-0-6','','Created','New Order #ORD-2021-07-29-0-6 Created By superadmin','2021-07-28 18:41:28','1','2021-07-28 18:41:28',''),(31,'ORD-2021-07-29-0-7','','Created','New Order #ORD-2021-07-29-0-7 Created By superadmin','2021-07-28 18:43:15','1','2021-07-28 18:43:15',''),(32,'ORD-2021-07-29-0-8','','Created','New Order #ORD-2021-07-29-0-8 Created By superadmin','2021-07-28 18:46:59','1','2021-07-28 18:46:59',''),(33,'ORD-2021-07-29-0-9','','Created','New Order #ORD-2021-07-29-0-9 Created By superadmin','2021-07-28 18:54:38','1','2021-07-28 18:54:38',''),(34,'ORD-2021-07-29-0-9','','Item Removed','Item #GP1616-021BR Removed By superadmin','2021-07-28 18:54:47','1','2021-07-28 18:54:47',''),(35,'ORD-2021-07-29-0-10','','Created','New Order #ORD-2021-07-29-0-10 Created By superadmin','2021-07-28 18:56:28','1','2021-07-28 18:56:28',''),(36,'ORD-2021-07-29-0-11','','Created','New Order #ORD-2021-07-29-0-11 Created By superadmin','2021-07-28 18:57:45','1','2021-07-28 18:57:45',''),(37,'ORD-2021-07-29-0-12','','Created','New Order #ORD-2021-07-29-0-12 Created By superadmin','2021-07-28 18:59:23','1','2021-07-28 18:59:23',''),(38,'ORD-2021-07-29-0-13','','Created','New Order #ORD-2021-07-29-0-13 Created By superadmin','2021-07-28 19:01:06','1','2021-07-28 19:01:06',''),(39,'ORD-2021-07-29-0-14','','Created','New Order #ORD-2021-07-29-0-14 Created By superadmin','2021-07-28 19:02:15','1','2021-07-28 19:02:15',''),(40,'ORD-2021-07-29-0-15','','Created','New Order #ORD-2021-07-29-0-15 Created By superadmin','2021-07-28 19:06:05','1','2021-07-28 19:06:05',''),(41,'ORD-2021-07-29-0-16','','Created','New Order #ORD-2021-07-29-0-16 Created By superadmin','2021-07-28 19:07:55','1','2021-07-28 19:07:55',''),(42,'ORD-2021-07-29-0-17','','Created','New Order #ORD-2021-07-29-0-17 Created By superadmin','2021-07-28 19:13:30','1','2021-07-28 19:13:30',''),(43,'ORD-2021-07-29-0-18','','Created','New Order #ORD-2021-07-29-0-18 Created By superadmin','2021-07-28 19:24:19','1','2021-07-28 19:24:19',''),(44,'ORD-2021-07-29-0-19','','Created','New Order #ORD-2021-07-29-0-19 Created By superadmin','2021-07-28 19:29:38','1','2021-07-28 19:29:38',''),(45,'ORD-2021-07-29-0-20','','Created','New Order #ORD-2021-07-29-0-20 Created By superadmin','2021-07-28 20:18:04','1','2021-07-28 20:18:04',''),(46,'ORD-2021-07-29-0-21','','Created','New Order #ORD-2021-07-29-0-21 Created By superadmin','2021-07-28 20:19:54','1','2021-07-28 20:19:54',''),(47,'ORD-2021-07-29-0-22','','Created','New Order #ORD-2021-07-29-0-22 Created By superadmin','2021-07-28 20:23:22','1','2021-07-28 20:23:22',''),(48,'ORD-2021-07-29-0-23','','Created','New Order #ORD-2021-07-29-0-23 Created By superadmin','2021-07-28 20:24:17','1','2021-07-28 20:24:17',''),(49,'ORD-2021-07-29-0-24','','Created','New Order #ORD-2021-07-29-0-24 Created By superadmin','2021-07-28 20:26:01','1','2021-07-28 20:26:01',''),(50,'ORD-2021-07-29-0-25','','Created','New Order #ORD-2021-07-29-0-25 Created By superadmin','2021-07-28 20:27:19','1','2021-07-28 20:27:19',''),(51,'ORD-2021-07-29-0-26','','Created','New Order #ORD-2021-07-29-0-26 Created By superadmin','2021-07-28 20:41:42','1','2021-07-28 20:41:42',''),(52,'ORD-2021-07-29-0-27','','Created','New Order #ORD-2021-07-29-0-27 Created By superadmin','2021-07-28 20:48:31','1','2021-07-28 20:48:31',''),(53,'ORD-2021-07-29-0-28','','Created','New Order #ORD-2021-07-29-0-28 Created By superadmin','2021-07-29 07:27:52','1','2021-07-29 07:27:52',''),(54,'INV-2021-07-29-0-1','','Created','New Order #INV-2021-07-29-0-1 Created By superadmin','2021-07-29 07:55:14','1','2021-07-29 07:55:14',''),(55,'INV-2021-07-29--2','','Created','New Order #INV-2021-07-29--2 Created By superadmin','2021-07-29 07:55:53','1','2021-07-29 07:55:53',''),(56,'INV-2021-07-29-3','','Created','New Order #INV-2021-07-29-3 Created By superadmin','2021-07-29 08:57:43','1','2021-07-29 08:57:43',''),(57,'INV-2021-07-29-4','','Created','New Order #INV-2021-07-29-4 Created By superadmin','2021-07-29 15:46:52','1','2021-07-29 15:46:52',''),(58,'INV-2021-07-30-1','','Created','New Order #INV-2021-07-30-1 Created By superadmin','2021-07-30 05:50:27','1','2021-07-30 05:50:27',''),(59,'INV-2021-07-30-2','','Created','New Order #INV-2021-07-30-2 Created By superadmin','2021-07-30 05:52:39','1','2021-07-30 05:52:39',''),(60,'INV-2021-07-30-3','','Created','New Order #INV-2021-07-30-3 Created By superadmin','2021-07-30 05:53:36','1','2021-07-30 05:53:36',''),(61,'INV-2021-07-30-4','','Created','New Order #INV-2021-07-30-4 Created By superadmin','2021-07-30 05:59:47','1','2021-07-30 05:59:47',''),(62,'INV-2021-07-30-5','','Created','New Order #INV-2021-07-30-5 Created By superadmin','2021-07-30 06:02:29','1','2021-07-30 06:02:29','');
/*!40000 ALTER TABLE `lte_order_log` ENABLE KEYS */;
UNLOCK TABLES;

--
-- Table structure for table `lte_orders`
--

DROP TABLE IF EXISTS `lte_orders`;
/*!40101 SET @saved_cs_client     = @@character_set_client */;
 SET character_set_client = utf8mb4 ;
CREATE TABLE `lte_orders` (
  `id` bigint(20) unsigned NOT NULL AUTO_INCREMENT,
  `fy` year(4) NOT NULL,
  `date` varchar(255) COLLATE utf8mb4_unicode_ci NOT NULL,
  `order_no` varchar(255) COLLATE utf8mb4_unicode_ci NOT NULL,
  `customer` int(11) NOT NULL,
  `mobile` varchar(255) COLLATE utf8mb4_unicode_ci NOT NULL,
  `outlet` int(11) NOT NULL,
  `items` json NOT NULL,
  `sub_total` double NOT NULL DEFAULT '0',
  `discount` double NOT NULL DEFAULT '0',
  `delivery_fee` double NOT NULL DEFAULT '0',
  `vat` double NOT NULL DEFAULT '0',
  `net_payable` double NOT NULL DEFAULT '0',
  `paid` double NOT NULL DEFAULT '0',
  `remarks` longtext COLLATE utf8mb4_unicode_ci NOT NULL,
  `status` enum('Pending','Confirmed','Canceled','Completed') COLLATE utf8mb4_unicode_ci NOT NULL,
  `entry_at` timestamp NOT NULL DEFAULT CURRENT_TIMESTAMP,
  `entry_by` varchar(255) COLLATE utf8mb4_unicode_ci NOT NULL,
  `update_at` timestamp NOT NULL DEFAULT CURRENT_TIMESTAMP ON UPDATE CURRENT_TIMESTAMP,
  `update_by` varchar(255) COLLATE utf8mb4_unicode_ci NOT NULL,
  PRIMARY KEY (`id`)
) ENGINE=InnoDB AUTO_INCREMENT=67 DEFAULT CHARSET=utf8mb4 COLLATE=utf8mb4_unicode_ci;
/*!40101 SET character_set_client = @saved_cs_client */;

--
-- Dumping data for table `lte_orders`
--

LOCK TABLES `lte_orders` WRITE;
/*!40000 ALTER TABLE `lte_orders` DISABLE KEYS */;
INSERT INTO `lte_orders` VALUES (1,2021,'2021-07-27','ORD-2021-07-27-0-1',1,'01791767175',0,'null',0,0,0,0,0,0,'','Pending','2021-07-27 15:51:47','1','2021-07-27 15:51:47',''),(2,2021,'2021-07-27','ORD-2021-07-27-0-2',1,'01791767175',0,'null',0,0,0,0,0,0,'','Pending','2021-07-27 17:34:38','1','2021-07-27 17:34:38',''),(3,2021,'2021-07-27','ORD-2021-07-27-0-3',1,'01791767175',0,'null',0,0,0,0,0,0,'','Pending','2021-07-27 17:38:33','1','2021-07-27 17:38:33',''),(4,2021,'2021-07-28','ORD-2021-07-28-0-1',1,'01791767175',0,'null',0,0,0,0,0,0,'','Pending','2021-07-27 19:00:54','1','2021-07-27 19:00:54',''),(5,2021,'2021-07-28','ORD-2021-07-28-0-2',1,'01791767175',0,'null',0,0,0,0,0,0,'','Pending','2021-07-27 19:05:50','1','2021-07-27 19:05:50',''),(6,2021,'2021-07-28','ORD-2021-07-28-0-3',1,'01791767175',0,'null',0,0,0,0,0,0,'','Pending','2021-07-27 19:06:54','1','2021-07-27 19:06:54',''),(7,2021,'2021-07-28','ORD-2021-07-28-0-4',1,'01791767175',0,'null',0,0,0,0,0,0,'','Pending','2021-07-27 19:07:21','1','2021-07-27 19:07:21',''),(8,2021,'2021-07-28','ORD-2021-07-28-0-5',1,'01791767175',0,'null',0,0,0,0,0,0,'','Pending','2021-07-27 19:08:52','1','2021-07-27 19:08:52',''),(9,2021,'2021-07-28','ORD-2021-07-28-0-6',1,'01791767175',0,'null',0,0,0,0,0,0,'','Pending','2021-07-27 19:09:21','1','2021-07-27 19:09:21',''),(10,2021,'2021-07-28','ORD-2021-07-28-0-7',1,'01791767175',0,'null',0,0,0,0,0,0,'','Pending','2021-07-27 19:12:08','1','2021-07-27 19:12:08',''),(11,2021,'2021-07-28','ORD-2021-07-28-0-8',1,'01791767175',0,'null',0,0,0,0,0,0,'','Pending','2021-07-27 19:13:46','1','2021-07-27 19:13:46',''),(12,2021,'2021-07-28','ORD-2021-07-28-0-9',1,'01791767175',0,'null',0,0,0,0,0,0,'','Pending','2021-07-27 19:16:07','1','2021-07-27 19:16:07',''),(13,2021,'2021-07-28','ORD-2021-07-28-0-10',1,'01791767175',0,'null',0,0,0,0,0,0,'','Pending','2021-07-27 19:16:44','1','2021-07-27 19:16:44',''),(14,2021,'2021-07-28','ORD-2021-07-28-0-11',1,'01791767175',0,'null',0,0,0,0,0,0,'','Pending','2021-07-27 19:17:12','1','2021-07-27 19:17:12',''),(15,2021,'2021-07-28','ORD-2021-07-28-0-12',1,'01791767175',0,'null',0,0,0,0,0,0,'','Pending','2021-07-27 19:18:30','1','2021-07-27 19:18:30',''),(16,2021,'2021-07-28','ORD-2021-07-28-0-13',1,'01791767175',0,'null',0,0,0,0,0,0,'','Pending','2021-07-27 19:18:53','1','2021-07-27 19:18:53',''),(17,2021,'2021-07-28','ORD-2021-07-28-0-14',1,'01791767175',0,'null',0,0,0,0,0,0,'','Pending','2021-07-27 19:19:54','1','2021-07-27 19:19:54',''),(18,2021,'2021-07-28','ORD-2021-07-28-0-15',1,'01791767175',0,'null',0,0,0,0,0,0,'','Pending','2021-07-27 19:24:27','1','2021-07-27 19:24:27',''),(19,2021,'2021-07-28','ORD-2021-07-28-0-16',1,'01791767175',0,'null',0,0,0,0,0,0,'','Pending','2021-07-27 19:25:22','1','2021-07-27 19:25:22',''),(20,2021,'2021-07-28','ORD-2021-07-28-0-17',1,'01791767175',0,'null',0,0,0,0,0,0,'','Pending','2021-07-28 16:57:01','1','2021-07-28 16:57:01',''),(21,2021,'2021-07-28','ORD-2021-07-28-0-18',1,'01791767175',0,'null',0,0,0,0,0,0,'','Pending','2021-07-28 16:58:08','1','2021-07-28 16:58:08',''),(22,2021,'2021-07-28','ORD-2021-07-28-0-19',1,'01791767175',0,'null',0,0,0,0,0,0,'','Pending','2021-07-28 16:59:33','1','2021-07-28 16:59:33',''),(23,2021,'2021-07-28','ORD-2021-07-28-0-20',1,'01791767175',0,'[{\"pid\": 1, \"qtt\": \"1000\", \"code\": \"TILES-1010-12\", \"name\": \"TILES-1010-12\", \"price\": 60, \"metric\": \"SFT\", \"orderno\": \"ORD-2021-07-28-0-20\", \"customer\": 1, \"returned\": false, \"discounted_price\": 0}, {\"pid\": 2, \"qtt\": \"100\", \"code\": \"GP1616-021BR\", \"name\": \"GP1616-021BR\", \"price\": 200, \"metric\": \"Pc\", \"orderno\": \"ORD-2021-07-28-0-20\", \"customer\": 1, \"returned\": false, \"discounted_price\": 0}]',80000,0,0,0,80000,0,'','Pending','2021-07-28 17:03:59','1','2021-07-28 17:10:38','1'),(24,2021,'2021-07-28','ORD-2021-07-28-0-21',1,'01791767175',0,'null',0,0,0,0,0,0,'','Pending','2021-07-28 17:12:40','1','2021-07-28 17:12:40',''),(25,2021,'2021-07-29','ORD-2021-07-29-0-1',1,'01791767175',0,'[{\"pid\": 1, \"qtt\": 1, \"code\": \"TILES-1010-12\", \"name\": \"TILES-1010-12\", \"price\": 60, \"metric\": \"SFT\", \"orderno\": \"ORD-2021-07-29-0-1\", \"customer\": 1, \"returned\": false, \"discounted_price\": 0}]',60,0,0,0,60,0,'','Pending','2021-07-28 18:22:01','1','2021-07-28 18:22:01','1'),(26,2021,'2021-07-29','ORD-2021-07-29-0-2',1,'01791767175',0,'[{\"pid\": 1, \"qtt\": 1, \"code\": \"TILES-1010-12\", \"name\": \"TILES-1010-12\", \"price\": 60, \"metric\": \"SFT\", \"orderno\": \"ORD-2021-07-29-0-2\", \"customer\": 1, \"returned\": false, \"discounted_price\": 0}, {\"pid\": 1, \"qtt\": 1, \"code\": \"TILES-1010-12\", \"name\": \"TILES-1010-12\", \"price\": 60, \"metric\": \"SFT\", \"orderno\": \"ORD-2021-07-29-0-2\", \"customer\": 1, \"returned\": false, \"discounted_price\": 60}]',60,0,0,0,60,0,'','Pending','2021-07-28 18:24:27','1','2021-07-28 18:24:40','1'),(27,2021,'2021-07-29','ORD-2021-07-29-0-3',1,'01791767175',0,'[{\"pid\": 1, \"qtt\": 1, \"code\": \"TILES-1010-12\", \"disc\": 0, \"name\": \"TILES-1010-12\", \"price\": 60, \"metric\": \"SFT\", \"orderno\": \"ORD-2021-07-29-0-3\", \"customer\": 1, \"returned\": false, \"discounted_price\": 0}]',0,0,0,0,0,0,'','Pending','2021-07-28 18:32:01','1','2021-07-28 18:32:01','1'),(28,2021,'2021-07-29','ORD-2021-07-29-0-4',1,'01791767175',0,'[{\"pid\": 1, \"qtt\": 1, \"code\": \"TILES-1010-12\", \"disc\": 0, \"name\": \"TILES-1010-12\", \"price\": 60, \"metric\": \"SFT\", \"orderno\": \"ORD-2021-07-29-0-4\", \"customer\": 1, \"returned\": false, \"discounted_price\": 0}]',0,0,0,0,0,0,'','Pending','2021-07-28 18:33:19','1','2021-07-28 18:33:19','1'),(29,2021,'2021-07-29','ORD-2021-07-29-0-5',1,'01791767175',0,'[{\"pid\": 1, \"qtt\": 1, \"code\": \"TILES-1010-12\", \"disc\": 0, \"name\": \"TILES-1010-12\", \"price\": 60, \"metric\": \"SFT\", \"orderno\": \"ORD-2021-07-29-0-5\", \"customer\": 1, \"returned\": false, \"discounted_price\": 0}]',0,0,0,0,0,0,'','Pending','2021-07-28 18:40:40','1','2021-07-28 18:40:40','1'),(30,2021,'2021-07-29','ORD-2021-07-29-0-6',1,'01791767175',0,'[{\"pid\": 1, \"qtt\": 1, \"code\": \"TILES-1010-12\", \"disc\": 0, \"name\": \"TILES-1010-12\", \"price\": 60, \"metric\": \"SFT\", \"orderno\": \"ORD-2021-07-29-0-6\", \"customer\": 1, \"returned\": false, \"discounted_price\": 0}]',0,0,0,0,0,0,'','Pending','2021-07-28 18:41:28','1','2021-07-28 18:41:29','1'),(31,2021,'2021-07-29','ORD-2021-07-29-0-7',1,'01791767175',0,'[{\"pid\": 1, \"qtt\": \"100\", \"code\": \"TILES-1010-12\", \"disc\": \"1.1\", \"name\": \"TILES-1010-12\", \"price\": 60, \"metric\": \"SFT\", \"orderno\": \"ORD-2021-07-29-0-7\", \"customer\": 1, \"returned\": false, \"discounted_price\": 0}, {\"pid\": 2, \"qtt\": \"150\", \"code\": \"GP1616-021BR\", \"disc\": 0, \"name\": \"GP1616-021BR\", \"price\": 200, \"metric\": \"Pc\", \"orderno\": \"ORD-2021-07-29-0-7\", \"customer\": 1, \"returned\": false, \"discounted_price\": 200}]',35890,0,0,0,35890,0,'Test','Pending','2021-07-28 18:43:15','1','2021-07-28 18:45:36','1'),(32,2021,'2021-07-29','ORD-2021-07-29-0-8',1,'01791767175',0,'[{\"pid\": 1, \"qtt\": \"10\", \"code\": \"TILES-1010-12\", \"disc\": \"5\", \"name\": \"TILES-1010-12\", \"price\": 60, \"metric\": \"SFT\", \"orderno\": \"ORD-2021-07-29-0-8\", \"customer\": 1, \"returned\": false, \"discounted_price\": 0}, {\"pid\": 2, \"qtt\": \"10\", \"code\": \"GP1616-021BR\", \"disc\": \"20\", \"name\": \"GP1616-021BR\", \"price\": 200, \"metric\": \"Pc\", \"orderno\": \"ORD-2021-07-29-0-8\", \"customer\": 1, \"returned\": false, \"discounted_price\": 200}]',2350,50,0,0,2300,0,'','Pending','2021-07-28 18:46:59','1','2021-07-28 18:48:02','1'),(33,2021,'2021-07-29','ORD-2021-07-29-0-9',1,'01791767175',0,'[{\"pid\": 1, \"qtt\": 1, \"code\": \"TILES-1010-12\", \"disc\": 0, \"name\": \"TILES-1010-12\", \"price\": 60, \"metric\": \"SFT\", \"orderno\": \"ORD-2021-07-29-0-9\", \"customer\": 1, \"returned\": false, \"discounted_price\": 0}]',260,0,0,0,260,0,'','Pending','2021-07-28 18:54:38','1','2021-07-28 18:54:47','1'),(34,2021,'2021-07-29','ORD-2021-07-29-0-10',1,'01791767175',0,'[{\"pid\": 1, \"qtt\": 1, \"code\": \"TILES-1010-12\", \"disc\": 0, \"name\": \"TILES-1010-12\", \"price\": 60, \"metric\": \"SFT\", \"orderno\": \"ORD-2021-07-29-0-10\", \"customer\": 1, \"returned\": false, \"discounted_price\": 0}]',0,0,0,0,0,0,'','Pending','2021-07-28 18:56:28','1','2021-07-28 18:56:28','1'),(35,2021,'2021-07-29','ORD-2021-07-29-0-11',1,'01791767175',0,'[{\"pid\": 1, \"qtt\": 1, \"code\": \"TILES-1010-12\", \"disc\": 0, \"name\": \"TILES-1010-12\", \"price\": 60, \"metric\": \"SFT\", \"orderno\": \"ORD-2021-07-29-0-11\", \"customer\": 1, \"returned\": false, \"discounted_price\": 0}]',0,0,0,0,0,0,'','Pending','2021-07-28 18:57:45','1','2021-07-28 18:57:45','1'),(36,2021,'2021-07-29','ORD-2021-07-29-0-12',1,'01791767175',0,'[{\"pid\": 1, \"qtt\": 1, \"code\": \"TILES-1010-12\", \"disc\": 0, \"name\": \"TILES-1010-12\", \"price\": 60, \"metric\": \"SFT\", \"orderno\": \"ORD-2021-07-29-0-12\", \"customer\": 1, \"returned\": false, \"discounted_price\": 0}]',0,0,0,0,0,0,'','Pending','2021-07-28 18:59:23','1','2021-07-28 18:59:23','1'),(37,2021,'2021-07-29','ORD-2021-07-29-0-13',1,'01791767175',0,'[{\"pid\": 1, \"qtt\": 1, \"code\": \"TILES-1010-12\", \"disc\": 0, \"name\": \"TILES-1010-12\", \"price\": 60, \"metric\": \"SFT\", \"orderno\": \"ORD-2021-07-29-0-13\", \"customer\": 1, \"returned\": false, \"discounted_price\": 0}]',0,0,0,0,0,0,'','Pending','2021-07-28 19:01:06','1','2021-07-28 19:01:07','1'),(38,2021,'2021-07-29','ORD-2021-07-29-0-14',1,'01791767175',0,'[{\"pid\": 1, \"qtt\": 1, \"code\": \"TILES-1010-12\", \"disc\": 0, \"name\": \"TILES-1010-12\", \"price\": 60, \"metric\": \"SFT\", \"orderno\": \"ORD-2021-07-29-0-14\", \"customer\": 1, \"returned\": false, \"discounted_price\": 0}]',0,0,0,0,0,0,'','Pending','2021-07-28 19:02:15','1','2021-07-28 19:02:16','1'),(39,2021,'2021-07-29','ORD-2021-07-29-0-15',1,'01791767175',0,'[{\"pid\": 1, \"qtt\": 1, \"code\": \"TILES-1010-12\", \"disc\": 0, \"name\": \"TILES-1010-12\", \"price\": 60, \"metric\": \"SFT\", \"orderno\": \"ORD-2021-07-29-0-15\", \"customer\": 1, \"returned\": false, \"discounted_price\": 0}]',0,0,0,0,0,0,'','Pending','2021-07-28 19:06:05','1','2021-07-28 19:06:05','1'),(40,2021,'2021-07-29','ORD-2021-07-29-0-16',1,'01791767175',0,'[{\"pid\": 1, \"qtt\": 1, \"code\": \"TILES-1010-12\", \"disc\": 0, \"name\": \"TILES-1010-12\", \"price\": 60, \"metric\": \"SFT\", \"orderno\": \"ORD-2021-07-29-0-16\", \"customer\": 1, \"returned\": false, \"discounted_price\": 0}]',0,0,0,0,0,0,'','Pending','2021-07-28 19:07:55','1','2021-07-28 19:07:56','1'),(41,2021,'2021-07-29','ORD-2021-07-29-0-17',1,'01791767175',0,'[{\"pid\": 1, \"qtt\": 1, \"code\": \"TILES-1010-12\", \"disc\": 0, \"name\": \"TILES-1010-12\", \"price\": 60, \"metric\": \"SFT\", \"orderno\": \"ORD-2021-07-29-0-17\", \"customer\": 1, \"returned\": false, \"discounted_price\": 0}, {\"pid\": 2, \"qtt\": 1, \"code\": \"GP1616-021BR\", \"disc\": 0, \"name\": \"GP1616-021BR\", \"price\": 200, \"metric\": \"Pc\", \"orderno\": \"ORD-2021-07-29-0-17\", \"customer\": 1, \"returned\": false, \"discounted_price\": 200}]',260,0,0,0,260,0,'','Pending','2021-07-28 19:13:30','1','2021-07-28 19:14:25','1'),(42,2021,'2021-07-29','ORD-2021-07-29-0-18',2,'01678114209',0,'[{\"pid\": 1, \"qtt\": \"10\", \"code\": \"TILES-1010-12\", \"disc\": 0, \"name\": \"TILES-1010-12\", \"price\": 60, \"metric\": \"SFT\", \"orderno\": \"ORD-2021-07-29-0-18\", \"customer\": 2, \"returned\": false, \"discounted_price\": 0}]',600,0,0,0,600,0,'ok','Pending','2021-07-28 19:24:19','1','2021-07-28 19:24:26','1'),(43,2021,'2021-07-29','ORD-2021-07-29-0-19',1,'01791767175',0,'[{\"pid\": 1, \"qtt\": 1, \"code\": \"TILES-1010-12\", \"disc\": 0, \"name\": \"TILES-1010-12\", \"price\": 60, \"metric\": \"SFT\", \"orderno\": \"ORD-2021-07-29-0-19\", \"customer\": 1, \"returned\": false, \"discounted_price\": 0}]',0,0,0,0,0,0,'','Pending','2021-07-28 19:29:38','1','2021-07-28 19:29:38','1'),(44,2021,'2021-07-29','ORD-2021-07-29-0-20',1,'01791767175',0,'[{\"pid\": 1, \"qtt\": 1, \"code\": \"TILES-1010-12\", \"disc\": 0, \"name\": \"TILES-1010-12\", \"price\": 60, \"metric\": \"SFT\", \"orderno\": \"ORD-2021-07-29-0-20\", \"customer\": 1, \"returned\": false, \"discounted_price\": 0}]',0,0,0,0,0,0,'','Pending','2021-07-28 20:18:04','1','2021-07-28 20:18:04','1'),(45,2021,'2021-07-29','ORD-2021-07-29-0-21',1,'01791767175',0,'[{\"pid\": 1, \"qtt\": 1, \"code\": \"TILES-1010-12\", \"disc\": 0, \"name\": \"TILES-1010-12\", \"price\": 60, \"metric\": \"SFT\", \"orderno\": \"ORD-2021-07-29-0-21\", \"customer\": 1, \"returned\": false, \"discounted_price\": 0}]',0,0,0,0,0,10,'','Pending','2021-07-28 20:19:54','1','2021-07-28 20:20:02','1'),(46,2021,'2021-07-29','ORD-2021-07-29-0-22',1,'01791767175',0,'[{\"pid\": 1, \"qtt\": 1, \"code\": \"TILES-1010-12\", \"disc\": 0, \"name\": \"TILES-1010-12\", \"price\": 60, \"metric\": \"SFT\", \"orderno\": \"ORD-2021-07-29-0-22\", \"customer\": 1, \"returned\": false, \"discounted_price\": 0}]',0,0,0,0,0,10,'','Pending','2021-07-28 20:23:22','1','2021-07-28 20:23:30','1'),(47,2021,'2021-07-29','ORD-2021-07-29-0-23',1,'01791767175',0,'[{\"pid\": 1, \"qtt\": 1, \"code\": \"TILES-1010-12\", \"disc\": 0, \"name\": \"TILES-1010-12\", \"price\": 60, \"metric\": \"SFT\", \"orderno\": \"ORD-2021-07-29-0-23\", \"customer\": 1, \"returned\": false, \"discounted_price\": 0}]',0,0,0,0,0,10,'','Pending','2021-07-28 20:24:17','1','2021-07-28 20:24:22','1'),(48,2021,'2021-07-29','ORD-2021-07-29-0-24',1,'01791767175',0,'[{\"pid\": 1, \"qtt\": 1, \"code\": \"TILES-1010-12\", \"disc\": 0, \"name\": \"TILES-1010-12\", \"price\": 60, \"metric\": \"SFT\", \"orderno\": \"ORD-2021-07-29-0-24\", \"customer\": 1, \"returned\": false, \"discounted_price\": 0}]',60,0,0,0,60,10,'','Pending','2021-07-28 20:26:00','1','2021-07-28 20:26:26','1'),(49,2021,'2021-07-29','ORD-2021-07-29-0-25',1,'01791767175',0,'[{\"pid\": 1, \"qtt\": 1, \"code\": \"TILES-1010-12\", \"disc\": 0, \"name\": \"TILES-1010-12\", \"price\": 60, \"metric\": \"SFT\", \"orderno\": \"ORD-2021-07-29-0-25\", \"customer\": 1, \"returned\": false, \"discounted_price\": 0}]',0,0,0,0,0,25,'','Pending','2021-07-28 20:27:19','1','2021-07-28 20:32:04','1'),(50,2021,'2021-07-29','ORD-2021-07-29-0-26',1,'01791767175',0,'[{\"pid\": 1, \"qtt\": 1, \"code\": \"TILES-1010-12\", \"disc\": 0, \"name\": \"TILES-1010-12\", \"price\": 60, \"metric\": \"SFT\", \"orderno\": \"ORD-2021-07-29-0-26\", \"customer\": 1, \"returned\": false, \"discounted_price\": 0}]',0,0,0,0,0,0,'','Pending','2021-07-28 20:41:42','1','2021-07-28 20:41:42','1'),(51,2021,'2021-07-29','ORD-2021-07-29-0-27',1,'01791767175',0,'[{\"pid\": 1, \"qtt\": 1, \"code\": \"TILES-1010-12\", \"disc\": 0, \"name\": \"TILES-1010-12\", \"price\": 60, \"metric\": \"SFT\", \"orderno\": \"ORD-2021-07-29-0-27\", \"customer\": 1, \"returned\": false, \"discounted_price\": 0}]',0,0,0,0,0,0,'','Pending','2021-07-28 20:48:31','1','2021-07-28 20:48:31','1'),(52,2021,'2021-07-29','ORD-2021-07-29-0-28',1,'01791767175',0,'[{\"pid\": 1, \"qtt\": \"10\", \"code\": \"TILES-1010-12\", \"disc\": 0, \"name\": \"TILES-1010-12\", \"price\": 60, \"metric\": \"SFT\", \"orderno\": \"ORD-2021-07-29-0-28\", \"customer\": 1, \"returned\": false, \"discounted_price\": 0}, {\"pid\": 2, \"qtt\": \"10\", \"code\": \"GP1616-021BR\", \"disc\": 0, \"name\": \"GP1616-021BR\", \"price\": 200, \"metric\": \"Pc\", \"orderno\": \"ORD-2021-07-29-0-28\", \"customer\": 1, \"returned\": false, \"discounted_price\": 200}]',2600,0,0,0,2600,5,'','Pending','2021-07-29 07:27:52','1','2021-07-29 07:28:09','1'),(53,2021,'2021-07-29','INV-2021-07-29-0-1',1,'01791767175',0,'[{\"pid\": 1, \"qtt\": 1, \"code\": \"TILES-1010-12\", \"disc\": 0, \"name\": \"TILES-1010-12\", \"price\": 60, \"metric\": \"SFT\", \"orderno\": \"INV-2021-07-29-0-1\", \"customer\": 1, \"returned\": false, \"discounted_price\": 0}]',60,0,0,0,60,0,'','Pending','2021-07-29 07:55:14','1','2021-07-29 07:55:17','1'),(54,2021,'2021-07-29','INV-2021-07-29--2',1,'01791767175',0,'[{\"pid\": 1, \"qtt\": \"110\", \"code\": \"TILES-1010-12\", \"disc\": \"5\", \"name\": \"TILES-1010-12\", \"price\": 60, \"metric\": \"SFT\", \"orderno\": \"INV-2021-07-29--2\", \"customer\": 1, \"returned\": false, \"discounted_price\": 0}, {\"pid\": 2, \"qtt\": \"250\", \"code\": \"GP1616-021BR\", \"disc\": \"20\", \"name\": \"GP1616-021BR\", \"price\": 200, \"metric\": \"Pc\", \"orderno\": \"INV-2021-07-29--2\", \"customer\": 1, \"returned\": false, \"discounted_price\": 200}]',51050,0,2000,0,53050,0,'','Pending','2021-07-29 07:55:53','1','2021-07-29 08:03:46','1'),(55,2021,'2021-07-29','INV-2021-07-29-3',3,'01711947062',0,'[{\"pid\": 1, \"qtt\": \"100\", \"code\": \"TILES-1010-12\", \"disc\": \"5\", \"name\": \"TILES-1010-12\", \"price\": 60, \"metric\": \"SFT\", \"orderno\": \"INV-2021-07-29-3\", \"customer\": 3, \"returned\": false, \"discounted_price\": 0}, {\"pid\": 2, \"qtt\": \"11\", \"code\": \"GP1616-021BR\", \"disc\": \"50\", \"name\": \"GP1616-021BR\", \"price\": 200, \"metric\": \"Pc\", \"orderno\": \"INV-2021-07-29-3\", \"customer\": 3, \"returned\": false, \"discounted_price\": 200}]',7150,150,2000,0,9000,6000,'','Pending','2021-07-29 08:57:43','1','2021-07-29 09:03:18','1'),(56,2021,'2021-07-29','INV-2021-07-29-4',1,'01791767175',0,'[{\"pid\": 1, \"qtt\": \"10\", \"code\": \"TILES-1010-12\", \"disc\": \"5\", \"name\": \"TILES-1010-12\", \"price\": 60, \"metric\": \"SFT\", \"orderno\": \"INV-2021-07-29-4\", \"customer\": 1, \"returned\": false, \"discounted_price\": 0}, {\"pid\": 2, \"qtt\": 1, \"code\": \"GP1616-021BR\", \"disc\": 0, \"name\": \"GP1616-021BR\", \"price\": 200, \"metric\": \"Pc\", \"orderno\": \"INV-2021-07-29-4\", \"customer\": 1, \"returned\": false, \"discounted_price\": 200}]',750,0,0,0,750,50,'','Pending','2021-07-29 15:46:52','1','2021-07-29 15:47:29','1'),(57,2021,'2021-07-30','INV-2021-07-30-1',1,'01791767175',0,'[{\"pid\": 1, \"qtt\": \"10\", \"code\": \"TILES-1010-12\", \"disc\": \"5\", \"name\": \"TILES-1010-12\", \"price\": 60, \"metric\": \"SFT\", \"orderno\": \"INV-2021-07-30-1\", \"customer\": 1, \"returned\": false, \"discounted_price\": 60}, {\"pid\": 2, \"qtt\": \"10\", \"code\": \"GP1616-021BR\", \"disc\": \"20\", \"name\": \"GP1616-021BR\", \"price\": 200, \"metric\": \"Pc\", \"orderno\": \"INV-2021-07-30-1\", \"customer\": 1, \"returned\": false, \"discounted_price\": 200}]',2350,50,0,0,2300,0,'','Pending','2021-07-30 05:50:27','1','2021-07-30 05:50:45','1'),(58,2021,'2021-07-30','INV-2021-07-30-2',1,'01791767175',0,'null',0,0,0,0,0,0,'','Pending','2021-07-30 05:52:39','1','2021-07-30 05:52:39',''),(59,2021,'2021-07-30','INV-2021-07-30-3',1,'01791767175',0,'[{\"pid\": 1, \"qtt\": \"10\", \"code\": \"TILES-1010-12\", \"disc\": \"5\", \"name\": \"TILES-1010-12\", \"brand\": \"Akij\", \"price\": 60, \"metric\": \"SFT\", \"orderno\": \"INV-2021-07-30-3\", \"customer\": 1, \"returned\": false, \"discounted_price\": 0}, {\"pid\": 2, \"qtt\": \"10\", \"code\": \"GP1616-021BR\", \"disc\": \"20\", \"name\": \"GP1616-021BR\", \"brand\": \"Akij\", \"price\": 200, \"metric\": \"Pc\", \"orderno\": \"INV-2021-07-30-3\", \"customer\": 1, \"returned\": false, \"discounted_price\": 200}]',2350,50,200,0,2500,0,'','Pending','2021-07-30 05:53:36','1','2021-07-30 05:53:58','1'),(60,2021,'2021-07-30','INV-2021-07-30-4',1,'01791767175',0,'null',0,0,0,0,0,0,'','Pending','2021-07-30 05:59:47','1','2021-07-30 05:59:47',''),(61,2021,'2021-07-30','INV-2021-07-30-5',1,'01711947062',0,'[{\"pid\": 1, \"qtt\": \"10\", \"code\": \"TILES-1010-12\", \"disc\": \"5\", \"name\": \"TILES-1010-12\", \"size\": \"16 x 16\", \"brand\": \"Akij\", \"price\": 60, \"metric\": \"SFT\", \"orderno\": \"INV-2021-07-30-5\", \"category\": \"Floor Tiles\", \"customer\": 1, \"returned\": false, \"discounted_price\": 0}, {\"pid\": 2, \"qtt\": \"10\", \"code\": \"GP1616-021BR\", \"disc\": \"20\", \"name\": \"GP1616-021BR\", \"size\": \"16 x 16\", \"brand\": \"Akij\", \"price\": 200, \"metric\": \"Pc\", \"orderno\": \"INV-2021-07-30-5\", \"category\": \"Deco Tiles\", \"customer\": 1, \"returned\": false, \"discounted_price\": 200}]',2350,50,200,0,2500,0,'','Confirmed','2021-07-30 06:02:29','1','2021-07-30 10:10:32','1'),(62,2021,'2021-07-31','INV-2021-07-31-1',1,'01791767175',0,'[{\"pid\": 1, \"qtt\": \"500\", \"code\": \"TILES-1010-12\", \"disc\": \"3\", \"name\": \"TILES-1010-12\", \"size\": \"16 x 16\", \"brand\": \"Akij\", \"price\": 60, \"metric\": \"SFT\", \"orderno\": \"INV-2021-07-31-1\", \"category\": \"Floor Tiles\", \"customer\": 1, \"returned\": false, \"discounted_price\": 0}, {\"pid\": 2, \"qtt\": \"100\", \"code\": \"GP1616-021BR\", \"disc\": \"20\", \"name\": \"GP1616-021BR\", \"size\": \"16 x 16\", \"brand\": \"Akij\", \"price\": 200, \"metric\": \"Pc\", \"orderno\": \"INV-2021-07-31-1\", \"category\": \"Deco Tiles\", \"customer\": 1, \"returned\": false, \"discounted_price\": 200}]',46500,500,0,0,46000,0,'','Canceled','2021-07-31 06:39:41','1','2021-07-31 10:18:20','1'),(63,2021,'2021-07-31','INV-2021-07-31-2',1,'01791767175',0,'[{\"pid\": 1, \"qtt\": \"10\", \"code\": \"TILES-1010-12\", \"disc\": 0, \"name\": \"TILES-1010-12\", \"size\": \"16 x 16\", \"brand\": \"Akij\", \"price\": 60, \"metric\": \"SFT\", \"orderno\": \"INV-2021-07-31-2\", \"category\": \"Floor Tiles\", \"customer\": 1, \"returned\": false, \"discounted_price\": 0}, {\"pid\": 2, \"qtt\": \"10\", \"code\": \"GP1616-021BR\", \"disc\": 0, \"name\": \"GP1616-021BR\", \"size\": \"16 x 16\", \"brand\": \"Akij\", \"price\": 200, \"metric\": \"Pc\", \"orderno\": \"INV-2021-07-31-2\", \"category\": \"Deco Tiles\", \"customer\": 1, \"returned\": false, \"discounted_price\": 200}]',2600,0,0,0,2600,2000,'','Completed','2021-07-31 10:18:41','1','2021-07-31 13:31:24','1'),(64,2021,'2021-07-31','INV-2021-07-31-3',1,'01791767175',0,'[{\"pid\": 1, \"qtt\": \"100\", \"code\": \"TILES-1010-12\", \"disc\": \"10\", \"name\": \"TILES-1010-12\", \"size\": \"16 x 16\", \"brand\": \"Akij\", \"price\": 60, \"metric\": \"SFT\", \"orderno\": \"INV-2021-07-31-3\", \"category\": \"Floor Tiles\", \"customer\": 1, \"returned\": false, \"discounted_price\": 0}]',5000,0,0,0,5000,0,'','Completed','2021-07-31 10:57:11','1','2021-07-31 10:57:25','1'),(65,2021,'2021-07-31','INV-2021-07-31-4',1,'01791767175',0,'[{\"pid\": 1, \"qtt\": \"10\", \"code\": \"TILES-1010-12\", \"disc\": 0, \"name\": \"TILES-1010-12\", \"size\": \"16 x 16\", \"brand\": \"Akij\", \"price\": 60, \"metric\": \"SFT\", \"orderno\": \"INV-2021-07-31-4\", \"category\": \"Floor Tiles\", \"customer\": 1, \"returned\": false, \"discounted_price\": 60}, {\"pid\": 2, \"qtt\": \"10\", \"code\": \"GP1616-021BR\", \"disc\": 0, \"name\": \"GP1616-021BR\", \"size\": \"16 x 16\", \"brand\": \"Akij\", \"price\": 200, \"metric\": \"Pc\", \"orderno\": \"INV-2021-07-31-4\", \"category\": \"Deco Tiles\", \"customer\": 1, \"returned\": false, \"discounted_price\": 200}]',2600,0,0,0,2600,0,'','Confirmed','2021-07-31 13:58:38','1','2021-07-31 13:58:51','1'),(66,2021,'2021-07-31','INV-2021-07-31-5',1,'01791767175',0,'[{\"pid\": 1, \"qtt\": \"10\", \"code\": \"TILES-1010-12\", \"disc\": 0, \"name\": \"TILES-1010-12\", \"size\": \"16 x 16\", \"brand\": \"Akij\", \"price\": 60, \"metric\": \"SFT\", \"orderno\": \"INV-2021-07-31-5\", \"category\": \"Floor Tiles\", \"customer\": 1, \"returned\": false, \"discounted_price\": 0}, {\"pid\": 2, \"qtt\": \"10\", \"code\": \"GP1616-021BR\", \"disc\": 0, \"name\": \"GP1616-021BR\", \"size\": \"16 x 16\", \"brand\": \"Akij\", \"price\": 200, \"metric\": \"Pc\", \"orderno\": \"INV-2021-07-31-5\", \"category\": \"Deco Tiles\", \"customer\": 1, \"returned\": false, \"discounted_price\": 200}]',2600,0,0,0,2600,0,'','Confirmed','2021-07-31 14:01:04','1','2021-07-31 14:02:01','1');
/*!40000 ALTER TABLE `lte_orders` ENABLE KEYS */;
UNLOCK TABLES;

--
-- Table structure for table `lte_payment_method`
--

DROP TABLE IF EXISTS `lte_payment_method`;
/*!40101 SET @saved_cs_client     = @@character_set_client */;
 SET character_set_client = utf8mb4 ;
CREATE TABLE `lte_payment_method` (
  `id` bigint(20) unsigned NOT NULL AUTO_INCREMENT,
  `name` varchar(255) COLLATE utf8mb4_unicode_ci NOT NULL,
  `entry_at` timestamp NOT NULL DEFAULT CURRENT_TIMESTAMP,
  `entry_by` varchar(255) COLLATE utf8mb4_unicode_ci NOT NULL,
  `update_at` timestamp NOT NULL DEFAULT CURRENT_TIMESTAMP ON UPDATE CURRENT_TIMESTAMP,
  `update_by` varchar(255) COLLATE utf8mb4_unicode_ci NOT NULL,
  PRIMARY KEY (`id`)
) ENGINE=InnoDB AUTO_INCREMENT=12 DEFAULT CHARSET=utf8mb4 COLLATE=utf8mb4_unicode_ci;
/*!40101 SET character_set_client = @saved_cs_client */;

--
-- Dumping data for table `lte_payment_method`
--

LOCK TABLES `lte_payment_method` WRITE;
/*!40000 ALTER TABLE `lte_payment_method` DISABLE KEYS */;
INSERT INTO `lte_payment_method` VALUES (1,'Cash','2021-07-26 12:12:22','','2021-07-26 12:12:22',''),(4,'Bkash','2021-07-26 12:12:59','','2021-07-26 12:12:59',''),(5,'Rocket','2021-07-26 12:13:09','','2021-07-26 12:13:09',''),(6,'City Amex','2021-07-26 12:13:19','','2021-07-26 12:13:19',''),(7,'DBBL','2021-07-26 12:13:29','','2021-07-26 12:13:29',''),(9,'UCB','2021-07-26 12:13:50','','2021-07-26 12:13:50',''),(10,'Nexus','2021-07-26 12:13:57','','2021-07-26 12:13:57',''),(11,'Ukash','2021-07-26 12:14:06','','2021-07-26 12:14:06','');
/*!40000 ALTER TABLE `lte_payment_method` ENABLE KEYS */;
UNLOCK TABLES;

--
-- Table structure for table `lte_payments`
--

DROP TABLE IF EXISTS `lte_payments`;
/*!40101 SET @saved_cs_client     = @@character_set_client */;
 SET character_set_client = utf8mb4 ;
CREATE TABLE `lte_payments` (
  `id` bigint(20) unsigned NOT NULL AUTO_INCREMENT,
  `fy` year(4) NOT NULL,
  `date` varchar(255) COLLATE utf8mb4_unicode_ci NOT NULL,
  `payment_no` varchar(255) COLLATE utf8mb4_unicode_ci NOT NULL,
  `balance_tran_no` varchar(255) COLLATE utf8mb4_unicode_ci NOT NULL,
  `balance_method` int(11) NOT NULL,
  `payment_method` int(11) NOT NULL DEFAULT '0',
  `order_no` varchar(255) COLLATE utf8mb4_unicode_ci NOT NULL,
  `outlet` int(11) NOT NULL,
  `amount` double(8,2) NOT NULL,
  `type` int(11) NOT NULL,
  `entry_at` timestamp NOT NULL DEFAULT CURRENT_TIMESTAMP,
  `entry_by` varchar(255) COLLATE utf8mb4_unicode_ci NOT NULL,
  `update_at` timestamp NOT NULL DEFAULT CURRENT_TIMESTAMP ON UPDATE CURRENT_TIMESTAMP,
  `update_by` varchar(255) COLLATE utf8mb4_unicode_ci NOT NULL,
  PRIMARY KEY (`id`)
) ENGINE=InnoDB AUTO_INCREMENT=14 DEFAULT CHARSET=utf8mb4 COLLATE=utf8mb4_unicode_ci;
/*!40101 SET character_set_client = @saved_cs_client */;

--
-- Dumping data for table `lte_payments`
--

LOCK TABLES `lte_payments` WRITE;
/*!40000 ALTER TABLE `lte_payments` DISABLE KEYS */;
INSERT INTO `lte_payments` VALUES (1,2021,'2021-07-29','P-2021-07-29-0-1','2021-07-29-0-1',1,1,'ORD-2021-07-29-0-21',0,10.00,1,'2021-07-28 20:20:02','1','2021-07-28 20:20:02',''),(2,2021,'2021-07-29','P-2021-07-29-0-2','2021-07-29-0-2',1,1,'ORD-2021-07-29-0-22',0,10.00,1,'2021-07-28 20:23:30','1','2021-07-28 20:23:30',''),(3,2021,'2021-07-29','P-2021-07-29-0-3','2021-07-29-0-3',1,1,'ORD-2021-07-29-0-23',0,10.00,1,'2021-07-28 20:24:22','1','2021-07-28 20:24:22',''),(4,2021,'2021-07-29','P-2021-07-29-0-4','2021-07-29-0-4',1,1,'ORD-2021-07-29-0-24',0,10.00,1,'2021-07-28 20:26:26','1','2021-07-28 20:26:26',''),(5,2021,'2021-07-29','P-2021-07-29-0-5','2021-07-29-0-5',1,1,'ORD-2021-07-29-0-25',0,10.00,1,'2021-07-28 20:27:28','1','2021-07-28 20:27:28',''),(6,2021,'2021-07-29','P-2021-07-29-0-6','2021-07-29-0-6',1,1,'ORD-2021-07-29-0-25',0,-5.00,-1,'2021-07-28 20:27:35','1','2021-07-28 20:27:35',''),(7,2021,'2021-07-29','P-2021-07-29-0-7','2021-07-29-0-7',2,4,'ORD-2021-07-29-0-25',0,20.00,1,'2021-07-28 20:32:04','1','2021-07-28 20:32:04',''),(8,2021,'2021-07-29','P-2021-07-29-0-8','2021-07-29-0-8',1,1,'ORD-2021-07-29-0-28',0,5.00,1,'2021-07-29 07:28:09','1','2021-07-29 07:28:09',''),(9,2021,'2021-07-29','P-2021-07-29-0-9','2021-07-29-0-9',1,1,'INV-2021-07-29-3',0,7000.00,1,'2021-07-29 09:02:38','1','2021-07-29 09:02:38',''),(10,2021,'2021-07-29','P-2021-07-29-0-10','2021-07-29-0-10',1,1,'INV-2021-07-29-3',0,-1000.00,-1,'2021-07-29 09:03:18','1','2021-07-29 09:03:18',''),(11,2021,'2021-07-29','P-2021-07-29-0-11','2021-07-29-0-11',1,1,'INV-2021-07-29-4',0,50.00,1,'2021-07-29 15:47:29','1','2021-07-29 15:47:29',''),(12,2021,'2021-07-31','P-2021-07-31-0-1','2021-07-31-0-1',1,1,'INV-2021-07-31-2',0,500.00,1,'2021-07-31 10:42:06','1','2021-07-31 10:42:06',''),(13,2021,'2021-07-31','P-2021-07-31-0-2','2021-07-31-0-2',1,1,'INV-2021-07-31-2',0,1500.00,1,'2021-07-31 10:42:15','1','2021-07-31 10:42:15','');
/*!40000 ALTER TABLE `lte_payments` ENABLE KEYS */;
UNLOCK TABLES;

--
-- Table structure for table `lte_product_category`
--

DROP TABLE IF EXISTS `lte_product_category`;
/*!40101 SET @saved_cs_client     = @@character_set_client */;
 SET character_set_client = utf8mb4 ;
CREATE TABLE `lte_product_category` (
  `id` bigint(20) unsigned NOT NULL AUTO_INCREMENT,
  `name` varchar(255) COLLATE utf8mb4_unicode_ci NOT NULL,
  `remarks` mediumtext COLLATE utf8mb4_unicode_ci NOT NULL,
  `parent` int(11) NOT NULL,
  `entry_at` timestamp NOT NULL DEFAULT CURRENT_TIMESTAMP,
  `entry_by` varchar(255) COLLATE utf8mb4_unicode_ci NOT NULL,
  `update_at` timestamp NOT NULL DEFAULT CURRENT_TIMESTAMP ON UPDATE CURRENT_TIMESTAMP,
  `update_by` varchar(255) COLLATE utf8mb4_unicode_ci NOT NULL,
  PRIMARY KEY (`id`)
) ENGINE=InnoDB AUTO_INCREMENT=10 DEFAULT CHARSET=utf8mb4 COLLATE=utf8mb4_unicode_ci;
/*!40101 SET character_set_client = @saved_cs_client */;

--
-- Dumping data for table `lte_product_category`
--

LOCK TABLES `lte_product_category` WRITE;
/*!40000 ALTER TABLE `lte_product_category` DISABLE KEYS */;
INSERT INTO `lte_product_category` VALUES (2,'Floor Tiles','',7,'2021-07-26 11:22:28','','2021-07-30 05:56:00',''),(3,'Deco Tiles','',7,'2021-07-26 11:22:35','','2021-07-30 05:56:10',''),(4,'Border Tiles','',7,'2021-07-26 11:22:42','','2021-07-30 05:56:19',''),(5,'Sanitary','Parent Category',0,'2021-07-29 08:31:44','','2021-07-29 14:51:54',''),(6,'Basin','',5,'2021-07-29 08:32:06','','2021-07-29 08:32:06',''),(7,'Tiles','Perent Category',0,'2021-07-29 14:49:54','','2021-07-29 14:49:54',''),(8,'Wall Tiles','',7,'2021-07-29 14:50:59','','2021-07-30 05:56:32',''),(9,'Fittings','Parent Category',0,'2021-07-29 14:52:37','','2021-07-29 14:52:37','');
/*!40000 ALTER TABLE `lte_product_category` ENABLE KEYS */;
UNLOCK TABLES;

--
-- Table structure for table `lte_products`
--

DROP TABLE IF EXISTS `lte_products`;
/*!40101 SET @saved_cs_client     = @@character_set_client */;
 SET character_set_client = utf8mb4 ;
CREATE TABLE `lte_products` (
  `id` bigint(20) unsigned NOT NULL AUTO_INCREMENT,
  `code` varchar(255) COLLATE utf8mb4_unicode_ci NOT NULL,
  `name` varchar(255) COLLATE utf8mb4_unicode_ci NOT NULL,
  `description` mediumtext COLLATE utf8mb4_unicode_ci NOT NULL,
  `cat_id` int(11) NOT NULL,
  `cat_name` varchar(255) COLLATE utf8mb4_unicode_ci NOT NULL,
  `size_id` int(11) NOT NULL,
  `size_name` varchar(255) COLLATE utf8mb4_unicode_ci NOT NULL,
  `supplier_id` int(11) NOT NULL,
  `supplier_name` varchar(255) COLLATE utf8mb4_unicode_ci NOT NULL,
  `metric_id` int(11) NOT NULL,
  `metric_name` varchar(255) COLLATE utf8mb4_unicode_ci NOT NULL,
  `photo` varchar(255) COLLATE utf8mb4_unicode_ci NOT NULL,
  `mrp` double(8,2) NOT NULL,
  `rpp` json NOT NULL,
  `stock` int(11) NOT NULL,
  `active` enum('Yes','No') COLLATE utf8mb4_unicode_ci NOT NULL,
  `entry_at` timestamp NOT NULL DEFAULT CURRENT_TIMESTAMP,
  `entry_by` varchar(255) COLLATE utf8mb4_unicode_ci NOT NULL,
  `update_at` timestamp NOT NULL DEFAULT CURRENT_TIMESTAMP ON UPDATE CURRENT_TIMESTAMP,
  `update_by` varchar(255) COLLATE utf8mb4_unicode_ci NOT NULL,
  PRIMARY KEY (`id`)
) ENGINE=InnoDB AUTO_INCREMENT=3 DEFAULT CHARSET=utf8mb4 COLLATE=utf8mb4_unicode_ci;
/*!40101 SET character_set_client = @saved_cs_client */;

--
-- Dumping data for table `lte_products`
--

LOCK TABLES `lte_products` WRITE;
/*!40000 ALTER TABLE `lte_products` DISABLE KEYS */;
INSERT INTO `lte_products` VALUES (1,'TILES-1010-12','ABCD','EFGH',2,'',1,'',1,'',1,'','1627317363-15295180.jpeg',60.00,'[{\"remarks\": null, \"statement\": \"54.00\"}, {\"rpp\": \"48.00\", \"remarks\": null, \"statement\": \"2021-07-27-2\"}, {\"rpp\": \"33.00\", \"remarks\": null, \"statement\": \"2021-07-27-3\"}, {\"rpp\": \"48.00\", \"remarks\": null, \"statement\": \"2021-07-29-1\"}]',506,'Yes','2021-07-26 09:20:04','','2021-07-31 13:52:16',''),(2,'GP1616-021BR','DBGI 16-16','<p>SAMPLE</p>',3,'',1,'',1,'',2,'','1627384962-12031415.jpeg',200.00,'[{\"remarks\": null, \"statement\": \"178.00\"}, {\"rpp\": \"160.00\", \"remarks\": null, \"statement\": \"2021-07-27-2\"}, {\"rpp\": \"110.00\", \"remarks\": null, \"statement\": \"2021-07-27-3\"}]',6,'Yes','2021-07-27 11:22:42','','2021-07-31 13:52:16','');
/*!40000 ALTER TABLE `lte_products` ENABLE KEYS */;
UNLOCK TABLES;

--
-- Table structure for table `lte_sizes`
--

DROP TABLE IF EXISTS `lte_sizes`;
/*!40101 SET @saved_cs_client     = @@character_set_client */;
 SET character_set_client = utf8mb4 ;
CREATE TABLE `lte_sizes` (
  `id` bigint(20) unsigned NOT NULL AUTO_INCREMENT,
  `name` varchar(255) COLLATE utf8mb4_unicode_ci NOT NULL,
  `entry_at` timestamp NOT NULL DEFAULT CURRENT_TIMESTAMP,
  `entry_by` varchar(255) COLLATE utf8mb4_unicode_ci NOT NULL,
  `update_at` timestamp NOT NULL DEFAULT CURRENT_TIMESTAMP ON UPDATE CURRENT_TIMESTAMP,
  `update_by` varchar(255) COLLATE utf8mb4_unicode_ci NOT NULL,
  PRIMARY KEY (`id`)
) ENGINE=InnoDB AUTO_INCREMENT=2 DEFAULT CHARSET=utf8mb4 COLLATE=utf8mb4_unicode_ci;
/*!40101 SET character_set_client = @saved_cs_client */;

--
-- Dumping data for table `lte_sizes`
--

LOCK TABLES `lte_sizes` WRITE;
/*!40000 ALTER TABLE `lte_sizes` DISABLE KEYS */;
INSERT INTO `lte_sizes` VALUES (1,'16 x 16','2021-07-26 15:22:25','','2021-07-26 15:22:25','');
/*!40000 ALTER TABLE `lte_sizes` ENABLE KEYS */;
UNLOCK TABLES;

--
-- Table structure for table `lte_stock`
--

DROP TABLE IF EXISTS `lte_stock`;
/*!40101 SET @saved_cs_client     = @@character_set_client */;
 SET character_set_client = utf8mb4 ;
CREATE TABLE `lte_stock` (
  `id` bigint(20) unsigned NOT NULL AUTO_INCREMENT,
  `product` int(11) NOT NULL,
  `statement` varchar(255) COLLATE utf8mb4_unicode_ci NOT NULL,
  `quantity` int(11) NOT NULL,
  `entry_at` timestamp NOT NULL DEFAULT CURRENT_TIMESTAMP,
  `entry_by` varchar(255) COLLATE utf8mb4_unicode_ci NOT NULL,
  `update_at` timestamp NOT NULL DEFAULT CURRENT_TIMESTAMP ON UPDATE CURRENT_TIMESTAMP,
  `update_by` varchar(255) COLLATE utf8mb4_unicode_ci NOT NULL,
  PRIMARY KEY (`id`)
) ENGINE=InnoDB AUTO_INCREMENT=12 DEFAULT CHARSET=utf8mb4 COLLATE=utf8mb4_unicode_ci;
/*!40101 SET character_set_client = @saved_cs_client */;

--
-- Dumping data for table `lte_stock`
--

LOCK TABLES `lte_stock` WRITE;
/*!40000 ALTER TABLE `lte_stock` DISABLE KEYS */;
INSERT INTO `lte_stock` VALUES (5,1,'2021-07-27-1',5,'2021-07-27 11:27:58','1','2021-07-27 11:27:58',''),(6,2,'2021-07-27-1',5,'2021-07-27 11:27:58','1','2021-07-27 11:27:58',''),(7,1,'2021-07-27-2',10,'2021-07-27 12:08:47','1','2021-07-27 12:08:47',''),(8,2,'2021-07-27-2',10,'2021-07-27 12:08:47','1','2021-07-27 12:08:47',''),(9,1,'2021-07-27-3',1,'2021-07-27 12:12:32','1','2021-07-27 12:12:32',''),(10,2,'2021-07-27-3',1,'2021-07-27 12:12:32','1','2021-07-27 12:12:32',''),(11,1,'2021-07-29-1',500,'2021-07-29 08:53:43','1','2021-07-29 08:53:43','');
/*!40000 ALTER TABLE `lte_stock` ENABLE KEYS */;
UNLOCK TABLES;

--
-- Table structure for table `lte_stock_entry`
--

DROP TABLE IF EXISTS `lte_stock_entry`;
/*!40101 SET @saved_cs_client     = @@character_set_client */;
 SET character_set_client = utf8mb4 ;
CREATE TABLE `lte_stock_entry` (
  `id` bigint(20) unsigned NOT NULL AUTO_INCREMENT,
  `date` varchar(255) COLLATE utf8mb4_unicode_ci NOT NULL,
  `fy` year(4) NOT NULL,
  `statement` varchar(255) COLLATE utf8mb4_unicode_ci NOT NULL,
  `items` json NOT NULL,
  `total` double(10,2) NOT NULL,
  `entry_at` timestamp NOT NULL DEFAULT CURRENT_TIMESTAMP,
  `entry_by` varchar(255) COLLATE utf8mb4_unicode_ci NOT NULL,
  `update_at` timestamp NOT NULL DEFAULT CURRENT_TIMESTAMP ON UPDATE CURRENT_TIMESTAMP,
  `update_by` varchar(255) COLLATE utf8mb4_unicode_ci NOT NULL,
  PRIMARY KEY (`id`)
) ENGINE=InnoDB AUTO_INCREMENT=7 DEFAULT CHARSET=utf8mb4 COLLATE=utf8mb4_unicode_ci;
/*!40101 SET character_set_client = @saved_cs_client */;

--
-- Dumping data for table `lte_stock_entry`
--

LOCK TABLES `lte_stock_entry` WRITE;
/*!40000 ALTER TABLE `lte_stock_entry` DISABLE KEYS */;
INSERT INTO `lte_stock_entry` VALUES (3,'',2021,'2021-07-27-1','[{\"qtt\": \"5\", \"price\": 60, \"profit\": \"10\", \"remarks\": null, \"outletId\": 0, \"purchase\": \"54.00\", \"displayId\": 1, \"productId\": 1, \"outletName\": null, \"supplierId\": 1, \"productCode\": \"TILES-1010-12\", \"productName\": \"ABCD\", \"statementNo\": \"0000-00-00-0\", \"supplierName\": \"Markets XYZ Shop\"}, {\"qtt\": \"5\", \"price\": 200, \"profit\": \"11\", \"remarks\": null, \"outletId\": 0, \"purchase\": \"178.00\", \"displayId\": 2, \"productId\": 2, \"outletName\": null, \"supplierId\": 1, \"productCode\": \"GP1616-021BR\", \"productName\": \"DBGI 16-16\", \"statementNo\": \"0000-00-00-0\", \"supplierName\": \"Markets XYZ Shop\"}]',1160.00,'2021-07-27 11:27:58','1','2021-07-27 11:27:58',''),(4,'',2021,'2021-07-27-2','[{\"qtt\": \"10\", \"price\": 60, \"profit\": \"20\", \"remarks\": null, \"outletId\": 0, \"purchase\": \"48.00\", \"displayId\": 1, \"productId\": 1, \"outletName\": null, \"supplierId\": 1, \"productCode\": \"TILES-1010-12\", \"productName\": \"ABCD\", \"statementNo\": \"0000-00-00-0\", \"supplierName\": \"Markets XYZ Shop\"}, {\"qtt\": \"10\", \"price\": 200, \"profit\": \"20\", \"remarks\": null, \"outletId\": 0, \"purchase\": \"160.00\", \"displayId\": 2, \"productId\": 2, \"outletName\": null, \"supplierId\": 1, \"productCode\": \"GP1616-021BR\", \"productName\": \"DBGI 16-16\", \"statementNo\": \"0000-00-00-0\", \"supplierName\": \"Markets XYZ Shop\"}]',2080.00,'2021-07-27 12:08:47','1','2021-07-27 12:08:47',''),(5,'',2021,'2021-07-27-3','[{\"qtt\": \"1\", \"price\": 60, \"profit\": 45, \"remarks\": null, \"outletId\": 0, \"purchase\": \"33.00\", \"displayId\": 1, \"productId\": 1, \"outletName\": null, \"supplierId\": 1, \"productCode\": \"TILES-1010-12\", \"productName\": \"ABCD\", \"statementNo\": \"0000-00-00-0\", \"supplierName\": \"Markets XYZ Shop\"}, {\"qtt\": \"1\", \"price\": 200, \"profit\": 45, \"remarks\": null, \"outletId\": 0, \"purchase\": \"110.00\", \"displayId\": 2, \"productId\": 2, \"outletName\": null, \"supplierId\": 1, \"productCode\": \"GP1616-021BR\", \"productName\": \"DBGI 16-16\", \"statementNo\": \"0000-00-00-0\", \"supplierName\": \"Markets XYZ Shop\"}]',143.00,'2021-07-27 12:12:32','1','2021-07-27 12:12:32',''),(6,'',2021,'2021-07-29-1','[{\"qtt\": \"500\", \"price\": 60, \"metric\": \"SFT\", \"profit\": \"20\", \"remarks\": null, \"outletId\": 0, \"purchase\": \"48.00\", \"displayId\": 1, \"productId\": 1, \"outletName\": null, \"supplierId\": 1, \"productCode\": \"TILES-1010-12\", \"productName\": \"ABCD\", \"statementNo\": \"0000-00-00-0\", \"supplierName\": \"Markets XYZ Shop\"}]',24000.00,'2021-07-29 08:53:43','1','2021-07-29 08:53:43','');
/*!40000 ALTER TABLE `lte_stock_entry` ENABLE KEYS */;
UNLOCK TABLES;

--
-- Table structure for table `lte_supplier`
--

DROP TABLE IF EXISTS `lte_supplier`;
/*!40101 SET @saved_cs_client     = @@character_set_client */;
 SET character_set_client = utf8mb4 ;
CREATE TABLE `lte_supplier` (
  `id` bigint(20) unsigned NOT NULL AUTO_INCREMENT,
  `name` varchar(255) COLLATE utf8mb4_unicode_ci NOT NULL,
  `mobile` varchar(255) COLLATE utf8mb4_unicode_ci NOT NULL,
  `address` varchar(255) COLLATE utf8mb4_unicode_ci NOT NULL,
  `remarks` mediumtext COLLATE utf8mb4_unicode_ci NOT NULL,
  `due` double(8,2) NOT NULL,
  `entry_at` timestamp NOT NULL DEFAULT CURRENT_TIMESTAMP,
  `entry_by` varchar(255) COLLATE utf8mb4_unicode_ci NOT NULL,
  `update_at` timestamp NOT NULL DEFAULT CURRENT_TIMESTAMP ON UPDATE CURRENT_TIMESTAMP,
  `update_by` varchar(255) COLLATE utf8mb4_unicode_ci NOT NULL,
  PRIMARY KEY (`id`)
) ENGINE=InnoDB AUTO_INCREMENT=2 DEFAULT CHARSET=utf8mb4 COLLATE=utf8mb4_unicode_ci;
/*!40101 SET character_set_client = @saved_cs_client */;

--
-- Dumping data for table `lte_supplier`
--

LOCK TABLES `lte_supplier` WRITE;
/*!40000 ALTER TABLE `lte_supplier` DISABLE KEYS */;
INSERT INTO `lte_supplier` VALUES (1,'Markets XYZ Shop','0171111111','Bangla Motor','Bangla Motor Sourcing Company',27384.00,'2021-07-26 13:49:12','','2021-07-29 08:53:43','');
/*!40000 ALTER TABLE `lte_supplier` ENABLE KEYS */;
UNLOCK TABLES;

--
-- Table structure for table `lte_supplier_bill`
--

DROP TABLE IF EXISTS `lte_supplier_bill`;
/*!40101 SET @saved_cs_client     = @@character_set_client */;
 SET character_set_client = utf8mb4 ;
CREATE TABLE `lte_supplier_bill` (
  `id` bigint(20) unsigned NOT NULL AUTO_INCREMENT,
  `date` varchar(255) COLLATE utf8mb4_unicode_ci NOT NULL,
  `fy` year(4) NOT NULL,
  `supplier_id` int(11) NOT NULL,
  `supplier_name` varchar(255) COLLATE utf8mb4_unicode_ci DEFAULT NULL,
  `bill` float NOT NULL,
  `statement` varchar(255) COLLATE utf8mb4_unicode_ci NOT NULL,
  `entry_at` timestamp NOT NULL DEFAULT CURRENT_TIMESTAMP,
  `entry_by` varchar(255) COLLATE utf8mb4_unicode_ci NOT NULL,
  `update_at` timestamp NOT NULL DEFAULT CURRENT_TIMESTAMP ON UPDATE CURRENT_TIMESTAMP,
  `update_by` varchar(255) COLLATE utf8mb4_unicode_ci NOT NULL,
  PRIMARY KEY (`id`)
) ENGINE=InnoDB AUTO_INCREMENT=6 DEFAULT CHARSET=utf8mb4 COLLATE=utf8mb4_unicode_ci;
/*!40101 SET character_set_client = @saved_cs_client */;

--
-- Dumping data for table `lte_supplier_bill`
--

LOCK TABLES `lte_supplier_bill` WRITE;
/*!40000 ALTER TABLE `lte_supplier_bill` DISABLE KEYS */;
INSERT INTO `lte_supplier_bill` VALUES (2,'2021-07-27',2021,1,'[\"Markets XYZ Shop\"]',1160,'2021-07-27-1','2021-07-27 11:27:58','1','2021-07-27 11:27:58',''),(3,'2021-07-27',2021,1,'Markets XYZ Shop',2080,'2021-07-27-2','2021-07-27 12:08:47','1','2021-07-27 12:08:47',''),(4,'2021-07-27',2021,1,'Markets XYZ Shop',143,'2021-07-27-3','2021-07-27 12:12:32','1','2021-07-27 12:12:32',''),(5,'2021-07-29',2021,1,'Markets XYZ Shop',24000,'2021-07-29-1','2021-07-29 08:53:43','1','2021-07-29 08:53:43','');
/*!40000 ALTER TABLE `lte_supplier_bill` ENABLE KEYS */;
UNLOCK TABLES;

--
-- Table structure for table `migrations`
--

DROP TABLE IF EXISTS `migrations`;
/*!40101 SET @saved_cs_client     = @@character_set_client */;
 SET character_set_client = utf8mb4 ;
CREATE TABLE `migrations` (
  `id` int(10) unsigned NOT NULL AUTO_INCREMENT,
  `migration` varchar(255) COLLATE utf8mb4_unicode_ci NOT NULL,
  `batch` int(11) NOT NULL,
  PRIMARY KEY (`id`)
) ENGINE=InnoDB AUTO_INCREMENT=26 DEFAULT CHARSET=utf8mb4 COLLATE=utf8mb4_unicode_ci;
/*!40101 SET character_set_client = @saved_cs_client */;

--
-- Dumping data for table `migrations`
--

LOCK TABLES `migrations` WRITE;
/*!40000 ALTER TABLE `migrations` DISABLE KEYS */;
INSERT INTO `migrations` VALUES (1,'2016_06_01_000001_create_oauth_auth_codes_table',1),(2,'2016_06_01_000002_create_oauth_access_tokens_table',1),(3,'2016_06_01_000003_create_oauth_refresh_tokens_table',1),(4,'2016_06_01_000004_create_oauth_clients_table',1),(5,'2016_06_01_000005_create_oauth_personal_access_clients_table',1),(6,'2020_06_08_074500_create_product_category_table',1),(7,'2020_06_08_110653_create_sizes_table',1),(8,'2020_06_08_153513_create_products_table',1),(9,'2020_06_09_133419_create_customers_table',1),(10,'2020_06_09_180042_create_expense_sector_table',1),(11,'2020_06_09_180131_create_expense_table',1),(12,'2020_06_09_181450_create_payment_method_table',1),(13,'2020_06_09_192423_create_supplier_table',1),(14,'2020_06_09_193643_create_stock_table',1),(15,'2020_06_09_194402_create_stock_entry_table',1),(16,'2020_06_10_080401_create_supplier_bill_table',1),(17,'2020_06_10_111608_create_orders_table',1),(18,'2020_06_26_174823_add_passport_to_tb_users',1),(19,'2020_09_08_133334_create_balance_table',1),(20,'2020_09_08_133943_create_balance_method_table',1),(21,'2020_09_11_101317_create_balance_transections_table',1),(22,'2021_04_19_153539_create_payments_table',1),(23,'2021_06_02_002204_create_order_log_table',1),(24,'2021_07_26_173912_create_lte_metrics_table',2),(25,'2021_07_29_205455_create_lte_brands_table',3);
/*!40000 ALTER TABLE `migrations` ENABLE KEYS */;
UNLOCK TABLES;

--
-- Table structure for table `oauth_access_tokens`
--

DROP TABLE IF EXISTS `oauth_access_tokens`;
/*!40101 SET @saved_cs_client     = @@character_set_client */;
 SET character_set_client = utf8mb4 ;
CREATE TABLE `oauth_access_tokens` (
  `id` varchar(100) COLLATE utf8mb4_unicode_ci NOT NULL,
  `user_id` bigint(20) unsigned DEFAULT NULL,
  `client_id` bigint(20) unsigned NOT NULL,
  `name` varchar(255) COLLATE utf8mb4_unicode_ci DEFAULT NULL,
  `scopes` text COLLATE utf8mb4_unicode_ci,
  `revoked` tinyint(1) NOT NULL,
  `created_at` timestamp NULL DEFAULT NULL,
  `updated_at` timestamp NULL DEFAULT NULL,
  `expires_at` datetime DEFAULT NULL,
  PRIMARY KEY (`id`),
  KEY `oauth_access_tokens_user_id_index` (`user_id`)
) ENGINE=InnoDB DEFAULT CHARSET=utf8mb4 COLLATE=utf8mb4_unicode_ci;
/*!40101 SET character_set_client = @saved_cs_client */;

--
-- Dumping data for table `oauth_access_tokens`
--

LOCK TABLES `oauth_access_tokens` WRITE;
/*!40000 ALTER TABLE `oauth_access_tokens` DISABLE KEYS */;
INSERT INTO `oauth_access_tokens` VALUES ('0979d8baeadead3e2cc9f8ad7a6e19460359dc3e93e16337bb61d05e1e15518610de1200b9829782',1,3,'authToken','[]',0,'2021-07-26 08:52:56','2021-07-26 08:52:56','2022-07-26 14:52:56'),('15ac2591dfcb3583c221f9a5b387a0ae0c672d08641ce34a19696ed382a5fc833eea900eab08b784',1,3,'authToken','[]',0,'2021-07-26 08:00:33','2021-07-26 08:00:33','2022-07-26 14:00:33'),('19c82d763e3eb5d649602fa4eef64a03e8b20c3c598a9b1bb2ba5b280d707a0cdb51be4f2bf30f47',1,3,'authToken','[]',0,'2021-07-26 08:13:53','2021-07-26 08:13:53','2022-07-26 14:13:53'),('23f63d5ec3d34d10cad264696cb5e9816250bf7f7e7541e076bc13693cb8b9bc02e489aa686092ce',1,3,'authToken','[]',0,'2021-07-29 08:29:21','2021-07-29 08:29:21','2022-07-29 14:29:21'),('2899ef57024865d7f72bb0e3ae1580860dba4fcda84a9034c40c807e034aadfa4df1260853f812c8',1,3,'authToken','[]',0,'2021-07-26 08:12:12','2021-07-26 08:12:12','2022-07-26 14:12:12'),('2e15345c0d63b365369832fb208f2e327ba9dfe7e402222aa75e63db94051d8735fee4ddb0c46fd8',1,3,'authToken','[]',0,'2021-07-26 11:25:00','2021-07-26 11:25:00','2022-07-26 17:25:00'),('564b9cb1955aa12d5d53a8d5f91049d3718bfa3a5d5494641650eb42acf6dda439ac301f93f098b0',1,3,'authToken','[]',0,'2021-07-26 08:11:13','2021-07-26 08:11:13','2022-07-26 14:11:13'),('609c8c6fb1d43678ee5bc06a69cb6a2bd2b5ceed67be4d51e67b9af48b42e62fa5dac475d5312e2c',1,3,'authToken','[]',0,'2021-07-26 14:10:16','2021-07-26 14:10:16','2022-07-26 20:10:16'),('67362d07a71665db2903b572c1b5a2dd94c971fc717d1a7082e1089e90016295bae2e6196cf67675',1,3,'authToken','[]',0,'2021-07-26 09:20:46','2021-07-26 09:20:46','2022-07-26 15:20:46'),('6ce81ea102577a336219bac64dd6bc48748cfefda7f827e67c27d04f725f60d7e377f12cf0cf023a',1,3,'authToken','[]',0,'2021-07-26 09:26:26','2021-07-26 09:26:26','2022-07-26 15:26:26'),('72e8bc0eaf5eb86279e51bfdfd6f938bf1f636f6fa455a53a78352898bb227c0a6c5a8198d93c729',1,3,'authToken','[]',0,'2021-07-26 08:53:10','2021-07-26 08:53:10','2022-07-26 14:53:10'),('7829e9f08ec2419c04f19a9b807d2df17611b67e6be386bf5d6d10c1051299b9913d0331b40a9ee0',7,3,'authToken','[]',0,'2021-07-26 11:23:58','2021-07-26 11:23:58','2022-07-26 17:23:58'),('9435f310f73c25482569827168b9b13008413590ade856fdc0b993c30538406a15df84734f516cbe',1,3,'authToken','[]',0,'2021-07-26 08:01:57','2021-07-26 08:01:57','2022-07-26 14:01:57'),('c4f038e18851e07e7deaf2a96e77c8380fd2adf288ff3fa0da9c7676d494d7a96ce7c30884ecb21a',1,3,'authToken','[]',0,'2021-07-26 09:20:41','2021-07-26 09:20:41','2022-07-26 15:20:41'),('d77bfca9be5c7afbf18542a0a81b83a1ee358c84d3a3a1bb40ca42e34e1830ceef856f009ed2a8cd',1,3,'authToken','[]',0,'2021-07-25 19:00:40','2021-07-25 19:00:40','2022-07-26 01:00:40'),('dda9eb9984447ade6171f0026c057fb6ec96798451fa8ce3a0a1829792dea3720bc38e1ae33b1ccb',1,3,'authToken','[]',0,'2021-07-26 09:23:42','2021-07-26 09:23:42','2022-07-26 15:23:42'),('f1bf4eedb9ca5036b75c8eb701d70234845608677b5a2e7cf8569213d6133c7f52083f8b8af5d6f0',1,3,'authToken','[]',0,'2021-07-26 07:54:26','2021-07-26 07:54:26','2022-07-26 13:54:26'),('f6ccc276ea01245209a7fd5037dcf8b5f13228d2080d31831044be9212d5090472f6ec2f81d570e1',1,3,'authToken','[]',0,'2021-07-26 09:24:10','2021-07-26 09:24:10','2022-07-26 15:24:10');
/*!40000 ALTER TABLE `oauth_access_tokens` ENABLE KEYS */;
UNLOCK TABLES;

--
-- Table structure for table `oauth_auth_codes`
--

DROP TABLE IF EXISTS `oauth_auth_codes`;
/*!40101 SET @saved_cs_client     = @@character_set_client */;
 SET character_set_client = utf8mb4 ;
CREATE TABLE `oauth_auth_codes` (
  `id` varchar(100) COLLATE utf8mb4_unicode_ci NOT NULL,
  `user_id` bigint(20) unsigned NOT NULL,
  `client_id` bigint(20) unsigned NOT NULL,
  `scopes` text COLLATE utf8mb4_unicode_ci,
  `revoked` tinyint(1) NOT NULL,
  `expires_at` datetime DEFAULT NULL,
  PRIMARY KEY (`id`),
  KEY `oauth_auth_codes_user_id_index` (`user_id`)
) ENGINE=InnoDB DEFAULT CHARSET=utf8mb4 COLLATE=utf8mb4_unicode_ci;
/*!40101 SET character_set_client = @saved_cs_client */;

--
-- Dumping data for table `oauth_auth_codes`
--

LOCK TABLES `oauth_auth_codes` WRITE;
/*!40000 ALTER TABLE `oauth_auth_codes` DISABLE KEYS */;
/*!40000 ALTER TABLE `oauth_auth_codes` ENABLE KEYS */;
UNLOCK TABLES;

--
-- Table structure for table `oauth_clients`
--

DROP TABLE IF EXISTS `oauth_clients`;
/*!40101 SET @saved_cs_client     = @@character_set_client */;
 SET character_set_client = utf8mb4 ;
CREATE TABLE `oauth_clients` (
  `id` bigint(20) unsigned NOT NULL AUTO_INCREMENT,
  `user_id` bigint(20) unsigned DEFAULT NULL,
  `name` varchar(255) COLLATE utf8mb4_unicode_ci NOT NULL,
  `secret` varchar(100) COLLATE utf8mb4_unicode_ci DEFAULT NULL,
  `provider` varchar(255) COLLATE utf8mb4_unicode_ci DEFAULT NULL,
  `redirect` text COLLATE utf8mb4_unicode_ci NOT NULL,
  `personal_access_client` tinyint(1) NOT NULL,
  `password_client` tinyint(1) NOT NULL,
  `revoked` tinyint(1) NOT NULL,
  `created_at` timestamp NULL DEFAULT NULL,
  `updated_at` timestamp NULL DEFAULT NULL,
  PRIMARY KEY (`id`),
  KEY `oauth_clients_user_id_index` (`user_id`)
) ENGINE=InnoDB AUTO_INCREMENT=4 DEFAULT CHARSET=utf8mb4 COLLATE=utf8mb4_unicode_ci;
/*!40101 SET character_set_client = @saved_cs_client */;

--
-- Dumping data for table `oauth_clients`
--

LOCK TABLES `oauth_clients` WRITE;
/*!40000 ALTER TABLE `oauth_clients` DISABLE KEYS */;
INSERT INTO `oauth_clients` VALUES (3,NULL,'B2BLite Access Tocken For Tiles Company','lF2eGXl9ABxBeipF0MSQliAIMjHSYUgEU9FS9i4o',NULL,'http://localhost',1,0,0,'2021-07-25 18:59:29','2021-07-25 18:59:29');
/*!40000 ALTER TABLE `oauth_clients` ENABLE KEYS */;
UNLOCK TABLES;

--
-- Table structure for table `oauth_personal_access_clients`
--

DROP TABLE IF EXISTS `oauth_personal_access_clients`;
/*!40101 SET @saved_cs_client     = @@character_set_client */;
 SET character_set_client = utf8mb4 ;
CREATE TABLE `oauth_personal_access_clients` (
  `id` bigint(20) unsigned NOT NULL AUTO_INCREMENT,
  `client_id` bigint(20) unsigned NOT NULL,
  `created_at` timestamp NULL DEFAULT NULL,
  `updated_at` timestamp NULL DEFAULT NULL,
  PRIMARY KEY (`id`)
) ENGINE=InnoDB AUTO_INCREMENT=2 DEFAULT CHARSET=utf8mb4 COLLATE=utf8mb4_unicode_ci;
/*!40101 SET character_set_client = @saved_cs_client */;

--
-- Dumping data for table `oauth_personal_access_clients`
--

LOCK TABLES `oauth_personal_access_clients` WRITE;
/*!40000 ALTER TABLE `oauth_personal_access_clients` DISABLE KEYS */;
INSERT INTO `oauth_personal_access_clients` VALUES (1,3,'2021-07-25 18:59:29','2021-07-25 18:59:29');
/*!40000 ALTER TABLE `oauth_personal_access_clients` ENABLE KEYS */;
UNLOCK TABLES;

--
-- Table structure for table `oauth_refresh_tokens`
--

DROP TABLE IF EXISTS `oauth_refresh_tokens`;
/*!40101 SET @saved_cs_client     = @@character_set_client */;
 SET character_set_client = utf8mb4 ;
CREATE TABLE `oauth_refresh_tokens` (
  `id` varchar(100) COLLATE utf8mb4_unicode_ci NOT NULL,
  `access_token_id` varchar(100) COLLATE utf8mb4_unicode_ci NOT NULL,
  `revoked` tinyint(1) NOT NULL,
  `expires_at` datetime DEFAULT NULL,
  PRIMARY KEY (`id`)
) ENGINE=InnoDB DEFAULT CHARSET=utf8mb4 COLLATE=utf8mb4_unicode_ci;
/*!40101 SET character_set_client = @saved_cs_client */;

--
-- Dumping data for table `oauth_refresh_tokens`
--

LOCK TABLES `oauth_refresh_tokens` WRITE;
/*!40000 ALTER TABLE `oauth_refresh_tokens` DISABLE KEYS */;
/*!40000 ALTER TABLE `oauth_refresh_tokens` ENABLE KEYS */;
UNLOCK TABLES;

--
-- Table structure for table `tb_categories`
--

DROP TABLE IF EXISTS `tb_categories`;
/*!40101 SET @saved_cs_client     = @@character_set_client */;
 SET character_set_client = utf8mb4 ;
CREATE TABLE `tb_categories` (
  `cid` int(11) NOT NULL AUTO_INCREMENT,
  `name` varchar(255) DEFAULT NULL,
  `alias` varchar(255) DEFAULT NULL,
  `desc` varchar(255) DEFAULT NULL,
  `image` varchar(255) DEFAULT NULL,
  `active` enum('0','1') DEFAULT '1',
  PRIMARY KEY (`cid`)
) ENGINE=InnoDB AUTO_INCREMENT=2 DEFAULT CHARSET=latin1;
/*!40101 SET character_set_client = @saved_cs_client */;

--
-- Dumping data for table `tb_categories`
--

LOCK TABLES `tb_categories` WRITE;
/*!40000 ALTER TABLE `tb_categories` DISABLE KEYS */;
INSERT INTO `tb_categories` VALUES (1,'General Category','hadists','There is no one who loves pain itself, who seeks after it and wants to have it, simply because it is pain','1.png','1');
/*!40000 ALTER TABLE `tb_categories` ENABLE KEYS */;
UNLOCK TABLES;

--
-- Table structure for table `tb_comments`
--

DROP TABLE IF EXISTS `tb_comments`;
/*!40101 SET @saved_cs_client     = @@character_set_client */;
 SET character_set_client = utf8mb4 ;
CREATE TABLE `tb_comments` (
  `commentID` int(11) NOT NULL AUTO_INCREMENT,
  `pageID` int(6) DEFAULT NULL,
  `userID` int(11) DEFAULT NULL,
  `comments` longtext,
  `posted` datetime DEFAULT NULL,
  PRIMARY KEY (`commentID`)
) ENGINE=MyISAM AUTO_INCREMENT=23 DEFAULT CHARSET=latin1;
/*!40101 SET character_set_client = @saved_cs_client */;

--
-- Dumping data for table `tb_comments`
--

LOCK TABLES `tb_comments` WRITE;
/*!40000 ALTER TABLE `tb_comments` DISABLE KEYS */;
INSERT INTO `tb_comments` VALUES (10,50,1,'when an unknown printer took a galley of type and scrambled it to make a type specimen book. It has survived not only five centuries, but also the leap into electronic typesetting','2016-09-02 12:45:14'),(9,47,1,'It has survived not only five centuries, but also the leap into electronic typesetting, remaining essentially unchanged. It was popularised in the 1960s with the release of Letraset sheets containing Lorem Ipsum passages, and more recently with desktop publishing software like Aldus PageMaker including versions of Lorem Ipsum','2016-08-31 02:33:19'),(5,47,1,'It has survived not only five centuries, but also the leap into electronic typesetting, remaining essentially unchanged. It was popularised in the 1960s with the release of Letraset sheets containing Lorem Ipsum passages, and more recently with desktop publishing software like Aldus PageMaker including versions of Lorem Ipsum','2016-08-29 13:14:15'),(8,48,4,'It has survived not only five centuries, but also the leap into electronic typesetting, remaining essentially unchanged. It was popularised in the 1960s with the release of Letraset sheets containing Lorem Ipsum passages, and more recently with desktop publishing software like Aldus PageMaker including versions of Lorem Ipsum','2016-08-30 01:23:22'),(13,1,2,'Lorem ipsum dolor sit amet, consectetur adipiscing elit. Fusce lectus elit, tincidunt nec turpis sed, accumsan iaculis ipsum. Nulla at augue auctor, tristique erat in, ultricies nunc. Mauris eget metus leo. Ut in mi lacinia, mattis nisl non, ultrices risus. Vestibulum aliquet aliquam ipsu',NULL),(22,47,NULL,'pkkk','2021-07-25 12:10:51');
/*!40000 ALTER TABLE `tb_comments` ENABLE KEYS */;
UNLOCK TABLES;

--
-- Table structure for table `tb_forms`
--

DROP TABLE IF EXISTS `tb_forms`;
/*!40101 SET @saved_cs_client     = @@character_set_client */;
 SET character_set_client = utf8mb4 ;
CREATE TABLE `tb_forms` (
  `formID` int(11) NOT NULL AUTO_INCREMENT,
  `name` varchar(255) DEFAULT NULL,
  `method` enum('eav','table','email') DEFAULT 'table',
  `tablename` varchar(50) DEFAULT NULL,
  `email` varchar(225) DEFAULT NULL,
  `configuration` longtext,
  `success` text,
  `failed` text,
  `redirect` text,
  PRIMARY KEY (`formID`)
) ENGINE=MyISAM AUTO_INCREMENT=3 DEFAULT CHARSET=latin1;
/*!40101 SET character_set_client = @saved_cs_client */;

--
-- Dumping data for table `tb_forms`
--

LOCK TABLES `tb_forms` WRITE;
/*!40000 ALTER TABLE `tb_forms` DISABLE KEYS */;
INSERT INTO `tb_forms` VALUES (2,'Contact Us','email','','myemail@mail.com','{\"surname\":{\"title\":\"Surname\",\"validation\":\"required\",\"type\":\"text\",\"param\":\"\"},\"email\":{\"title\":\"Email Address\",\"validation\":\"required|email\",\"type\":\"text\",\"param\":\"\"},\"subject\":{\"title\":\"Subject\",\"validation\":\"\",\"type\":\"text\",\"param\":\"\"},\"message\":{\"title\":\"Message\",\"validation\":\"required\",\"type\":\"textarea\",\"param\":\"\"}}','Thanks for your submission','','');
/*!40000 ALTER TABLE `tb_forms` ENABLE KEYS */;
UNLOCK TABLES;

--
-- Table structure for table `tb_groups`
--

DROP TABLE IF EXISTS `tb_groups`;
/*!40101 SET @saved_cs_client     = @@character_set_client */;
 SET character_set_client = utf8mb4 ;
CREATE TABLE `tb_groups` (
  `group_id` mediumint(8) unsigned NOT NULL AUTO_INCREMENT,
  `name` varchar(20) DEFAULT NULL,
  `description` varchar(100) DEFAULT NULL,
  `level` int(6) DEFAULT NULL,
  PRIMARY KEY (`group_id`)
) ENGINE=InnoDB AUTO_INCREMENT=5 DEFAULT CHARSET=utf8;
/*!40101 SET character_set_client = @saved_cs_client */;

--
-- Dumping data for table `tb_groups`
--

LOCK TABLES `tb_groups` WRITE;
/*!40000 ALTER TABLE `tb_groups` DISABLE KEYS */;
INSERT INTO `tb_groups` VALUES (1,'Superadmin','Root Superadmin , should be as top level groups',1),(2,'Administrator','Administrator level, level No 23',2),(3,'Users','Users as registered / member',3);
/*!40000 ALTER TABLE `tb_groups` ENABLE KEYS */;
UNLOCK TABLES;

--
-- Table structure for table `tb_groups_access`
--

DROP TABLE IF EXISTS `tb_groups_access`;
/*!40101 SET @saved_cs_client     = @@character_set_client */;
 SET character_set_client = utf8mb4 ;
CREATE TABLE `tb_groups_access` (
  `id` int(6) NOT NULL AUTO_INCREMENT,
  `group_id` int(6) DEFAULT NULL,
  `module_id` int(6) DEFAULT NULL,
  `access_data` text,
  PRIMARY KEY (`id`)
) ENGINE=InnoDB AUTO_INCREMENT=703 DEFAULT CHARSET=utf8;
/*!40101 SET character_set_client = @saved_cs_client */;

--
-- Dumping data for table `tb_groups_access`
--

LOCK TABLES `tb_groups_access` WRITE;
/*!40000 ALTER TABLE `tb_groups_access` DISABLE KEYS */;
INSERT INTO `tb_groups_access` VALUES (424,1,1,'{\"is_global\":\"1\",\"is_view\":\"1\",\"is_detail\":\"1\",\"is_add\":\"1\",\"is_edit\":\"1\",\"is_remove\":\"1\",\"is_excel\":\"1\"}'),(425,2,1,'{\"is_global\":\"1\",\"is_view\":\"1\",\"is_detail\":\"1\",\"is_add\":\"1\",\"is_edit\":\"1\",\"is_remove\":\"1\",\"is_excel\":\"1\"}'),(426,3,1,'{\"is_global\":\"0\",\"is_view\":\"0\",\"is_detail\":\"0\",\"is_add\":\"0\",\"is_edit\":\"0\",\"is_remove\":\"0\",\"is_excel\":\"0\"}'),(430,1,2,'{\"is_global\":\"1\",\"is_view\":\"1\",\"is_detail\":\"1\",\"is_add\":\"1\",\"is_edit\":\"1\",\"is_remove\":\"1\",\"is_excel\":\"1\"}'),(431,2,2,'{\"is_global\":\"1\",\"is_view\":\"1\",\"is_detail\":\"1\",\"is_add\":\"1\",\"is_edit\":\"1\",\"is_remove\":\"1\",\"is_excel\":\"1\"}'),(432,3,2,'{\"is_global\":\"0\",\"is_view\":\"0\",\"is_detail\":\"0\",\"is_add\":\"0\",\"is_edit\":\"0\",\"is_remove\":\"0\",\"is_excel\":\"0\"}'),(439,1,11,'{\"is_global\":\"1\",\"is_view\":\"1\",\"is_detail\":\"1\",\"is_add\":\"0\",\"is_edit\":\"0\",\"is_remove\":\"1\",\"is_excel\":\"1\"}'),(440,2,11,'{\"is_global\":\"1\",\"is_view\":\"1\",\"is_detail\":\"1\",\"is_add\":\"0\",\"is_edit\":\"0\",\"is_remove\":\"1\",\"is_excel\":\"1\"}'),(441,3,11,'{\"is_global\":\"0\",\"is_view\":\"0\",\"is_detail\":\"0\",\"is_add\":\"0\",\"is_edit\":\"0\",\"is_remove\":\"0\",\"is_excel\":\"0\"}'),(460,1,8,'{\"is_global\":\"1\",\"is_view\":\"1\",\"is_detail\":\"1\",\"is_add\":\"1\",\"is_edit\":\"1\",\"is_remove\":\"1\",\"is_excel\":\"0\"}'),(461,2,8,'{\"is_global\":\"1\",\"is_view\":\"1\",\"is_detail\":\"1\",\"is_add\":\"1\",\"is_edit\":\"1\",\"is_remove\":\"1\",\"is_excel\":\"0\"}'),(462,3,8,'{\"is_global\":\"0\",\"is_view\":\"0\",\"is_detail\":\"0\",\"is_add\":\"0\",\"is_edit\":\"0\",\"is_remove\":\"0\",\"is_excel\":\"0\"}'),(463,1,26,'{\"is_global\":\"1\",\"is_view\":\"1\",\"is_detail\":\"1\",\"is_add\":\"1\",\"is_edit\":\"1\",\"is_remove\":\"1\",\"is_excel\":\"0\"}'),(464,2,26,'{\"is_global\":\"0\",\"is_view\":\"0\",\"is_detail\":\"0\",\"is_add\":\"0\",\"is_edit\":\"0\",\"is_remove\":\"0\",\"is_excel\":\"0\"}'),(465,3,26,'{\"is_global\":\"0\",\"is_view\":\"0\",\"is_detail\":\"0\",\"is_add\":\"0\",\"is_edit\":\"0\",\"is_remove\":\"0\",\"is_excel\":\"0\"}'),(466,1,24,'{\"is_global\":\"1\",\"is_view\":\"1\",\"is_detail\":\"1\",\"is_add\":\"1\",\"is_edit\":\"1\",\"is_remove\":\"1\",\"is_excel\":\"0\"}'),(467,2,24,'{\"is_global\":\"0\",\"is_view\":\"0\",\"is_detail\":\"0\",\"is_add\":\"0\",\"is_edit\":\"0\",\"is_remove\":\"0\",\"is_excel\":\"0\"}'),(468,3,24,'{\"is_global\":\"0\",\"is_view\":\"0\",\"is_detail\":\"0\",\"is_add\":\"0\",\"is_edit\":\"0\",\"is_remove\":\"0\",\"is_excel\":\"0\"}'),(538,1,21,'{\"is_global\":\"1\",\"is_view\":\"1\",\"is_detail\":\"1\",\"is_add\":\"0\",\"is_edit\":\"0\",\"is_remove\":\"1\",\"is_excel\":\"1\"}'),(539,2,21,'{\"is_global\":\"1\",\"is_view\":\"1\",\"is_detail\":\"1\",\"is_add\":\"0\",\"is_edit\":\"0\",\"is_remove\":\"1\",\"is_excel\":\"0\"}'),(540,3,21,'{\"is_global\":\"1\",\"is_view\":\"1\",\"is_detail\":\"1\",\"is_add\":\"0\",\"is_edit\":\"0\",\"is_remove\":\"1\",\"is_excel\":\"0\"}'),(550,1,53,'{\"is_global\":\"1\",\"is_view\":\"1\",\"is_detail\":\"1\",\"is_add\":\"1\",\"is_edit\":\"1\",\"is_remove\":\"1\",\"is_excel\":\"1\"}'),(551,2,53,'{\"is_global\":\"0\",\"is_view\":\"0\",\"is_detail\":\"0\",\"is_add\":\"0\",\"is_edit\":\"0\",\"is_remove\":\"0\",\"is_excel\":\"0\"}'),(552,3,53,'{\"is_global\":\"0\",\"is_view\":\"0\",\"is_detail\":\"0\",\"is_add\":\"0\",\"is_edit\":\"0\",\"is_remove\":\"0\",\"is_excel\":\"0\"}'),(586,1,25,'{\"is_global\":\"1\",\"is_view\":\"1\",\"is_detail\":\"1\",\"is_add\":\"1\",\"is_edit\":\"1\",\"is_remove\":\"1\",\"is_excel\":\"1\"}'),(587,2,25,'{\"is_global\":\"1\",\"is_view\":\"1\",\"is_detail\":\"1\",\"is_add\":\"0\",\"is_edit\":\"0\",\"is_remove\":\"0\",\"is_excel\":\"0\"}'),(588,3,25,'{\"is_global\":\"1\",\"is_view\":\"1\",\"is_detail\":\"1\",\"is_add\":\"0\",\"is_edit\":\"0\",\"is_remove\":\"0\",\"is_excel\":\"0\"}'),(598,1,7,'{\"is_global\":\"1\",\"is_view\":\"1\",\"is_detail\":\"1\",\"is_add\":\"1\",\"is_edit\":\"1\",\"is_remove\":\"1\",\"is_excel\":\"1\"}'),(599,2,7,'{\"is_global\":\"1\",\"is_view\":\"1\",\"is_detail\":\"1\",\"is_add\":\"1\",\"is_edit\":\"1\",\"is_remove\":\"1\",\"is_excel\":\"1\"}'),(600,3,7,'{\"is_global\":\"0\",\"is_view\":\"0\",\"is_detail\":\"0\",\"is_add\":\"0\",\"is_edit\":\"0\",\"is_remove\":\"0\",\"is_excel\":\"0\"}'),(619,1,60,'{\"is_global\":\"1\",\"is_view\":\"1\",\"is_detail\":\"1\",\"is_add\":\"1\",\"is_edit\":\"1\",\"is_remove\":\"1\",\"is_excel\":\"1\",\"is_csv\":\"1\",\"is_pdf\":\"1\",\"is_print\":\"1\"}'),(620,2,60,'{\"is_global\":\"0\",\"is_view\":\"0\",\"is_detail\":\"0\",\"is_add\":\"0\",\"is_edit\":\"0\",\"is_remove\":\"0\",\"is_excel\":\"0\",\"is_csv\":\"0\",\"is_pdf\":\"0\",\"is_print\":\"0\"}'),(621,3,60,'{\"is_global\":\"0\",\"is_view\":\"0\",\"is_detail\":\"0\",\"is_add\":\"0\",\"is_edit\":\"0\",\"is_remove\":\"0\",\"is_excel\":\"0\",\"is_csv\":\"0\",\"is_pdf\":\"0\",\"is_print\":\"0\"}'),(631,1,63,'{\"is_global\":\"1\",\"is_view\":\"1\",\"is_detail\":\"1\",\"is_add\":\"1\",\"is_edit\":\"1\",\"is_remove\":\"1\",\"is_excel\":\"1\",\"is_csv\":\"1\",\"is_pdf\":\"1\",\"is_print\":\"1\"}'),(632,2,63,'{\"is_global\":\"1\",\"is_view\":\"1\",\"is_detail\":\"1\",\"is_add\":\"1\",\"is_edit\":\"1\",\"is_remove\":\"1\",\"is_excel\":\"1\",\"is_csv\":\"1\",\"is_pdf\":\"1\",\"is_print\":\"1\"}'),(633,3,63,'{\"is_global\":\"1\",\"is_view\":\"1\",\"is_detail\":\"1\",\"is_add\":\"1\",\"is_edit\":\"1\",\"is_remove\":\"1\",\"is_excel\":\"1\",\"is_csv\":\"1\",\"is_pdf\":\"1\",\"is_print\":\"1\"}'),(640,1,65,'{\"is_global\":\"1\",\"is_view\":\"1\",\"is_detail\":\"1\",\"is_add\":\"1\",\"is_edit\":\"1\",\"is_remove\":\"1\",\"is_excel\":\"1\",\"is_csv\":\"1\",\"is_pdf\":\"1\",\"is_print\":\"1\"}'),(641,2,65,'{\"is_global\":\"1\",\"is_view\":\"1\",\"is_detail\":\"1\",\"is_add\":\"1\",\"is_edit\":\"1\",\"is_remove\":\"1\",\"is_excel\":\"1\",\"is_csv\":\"1\",\"is_pdf\":\"1\",\"is_print\":\"1\"}'),(642,3,65,'{\"is_global\":\"1\",\"is_view\":\"1\",\"is_detail\":\"1\",\"is_add\":\"1\",\"is_edit\":\"1\",\"is_remove\":\"1\",\"is_excel\":\"1\",\"is_csv\":\"1\",\"is_pdf\":\"1\",\"is_print\":\"1\"}'),(646,1,66,'{\"is_global\":\"1\",\"is_view\":\"1\",\"is_detail\":\"1\",\"is_add\":\"1\",\"is_edit\":\"1\",\"is_remove\":\"1\",\"is_excel\":\"1\",\"is_csv\":\"1\",\"is_pdf\":\"1\",\"is_print\":\"1\"}'),(647,2,66,'{\"is_global\":\"1\",\"is_view\":\"1\",\"is_detail\":\"1\",\"is_add\":\"1\",\"is_edit\":\"1\",\"is_remove\":\"1\",\"is_excel\":\"1\",\"is_csv\":\"1\",\"is_pdf\":\"1\",\"is_print\":\"1\"}'),(648,3,66,'{\"is_global\":\"1\",\"is_view\":\"1\",\"is_detail\":\"1\",\"is_add\":\"1\",\"is_edit\":\"1\",\"is_remove\":\"1\",\"is_excel\":\"1\",\"is_csv\":\"1\",\"is_pdf\":\"1\",\"is_print\":\"1\"}'),(655,1,67,'{\"is_global\":\"1\",\"is_view\":\"1\",\"is_detail\":\"1\",\"is_add\":\"1\",\"is_edit\":\"1\",\"is_remove\":\"1\",\"is_excel\":\"1\",\"is_csv\":\"1\",\"is_pdf\":\"1\",\"is_print\":\"1\"}'),(656,2,67,'{\"is_global\":\"1\",\"is_view\":\"1\",\"is_detail\":\"1\",\"is_add\":\"1\",\"is_edit\":\"1\",\"is_remove\":\"1\",\"is_excel\":\"1\",\"is_csv\":\"1\",\"is_pdf\":\"1\",\"is_print\":\"1\"}'),(657,3,67,'{\"is_global\":\"1\",\"is_view\":\"1\",\"is_detail\":\"1\",\"is_add\":\"1\",\"is_edit\":\"1\",\"is_remove\":\"1\",\"is_excel\":\"1\",\"is_csv\":\"1\",\"is_pdf\":\"1\",\"is_print\":\"1\"}'),(664,1,69,'{\"is_global\":\"1\",\"is_view\":\"1\",\"is_detail\":\"1\",\"is_add\":\"1\",\"is_edit\":\"1\",\"is_remove\":\"1\",\"is_excel\":\"1\",\"is_csv\":\"1\",\"is_pdf\":\"1\",\"is_print\":\"1\"}'),(665,2,69,'{\"is_global\":\"1\",\"is_view\":\"1\",\"is_detail\":\"1\",\"is_add\":\"1\",\"is_edit\":\"1\",\"is_remove\":\"1\",\"is_excel\":\"1\",\"is_csv\":\"1\",\"is_pdf\":\"1\",\"is_print\":\"1\"}'),(666,3,69,'{\"is_global\":\"1\",\"is_view\":\"1\",\"is_detail\":\"1\",\"is_add\":\"1\",\"is_edit\":\"1\",\"is_remove\":\"1\",\"is_excel\":\"1\",\"is_csv\":\"1\",\"is_pdf\":\"1\",\"is_print\":\"1\"}'),(667,1,68,'{\"is_global\":\"1\",\"is_view\":\"1\",\"is_detail\":\"1\",\"is_add\":\"1\",\"is_edit\":\"1\",\"is_remove\":\"1\",\"is_excel\":\"1\",\"is_csv\":\"1\",\"is_pdf\":\"1\",\"is_print\":\"1\"}'),(668,2,68,'{\"is_global\":\"1\",\"is_view\":\"1\",\"is_detail\":\"1\",\"is_add\":\"1\",\"is_edit\":\"1\",\"is_remove\":\"1\",\"is_excel\":\"1\",\"is_csv\":\"1\",\"is_pdf\":\"1\",\"is_print\":\"1\"}'),(669,3,68,'{\"is_global\":\"1\",\"is_view\":\"1\",\"is_detail\":\"1\",\"is_add\":\"1\",\"is_edit\":\"1\",\"is_remove\":\"1\",\"is_excel\":\"1\",\"is_csv\":\"1\",\"is_pdf\":\"1\",\"is_print\":\"1\"}'),(676,1,64,'{\"is_global\":\"1\",\"is_view\":\"1\",\"is_detail\":\"1\",\"is_add\":\"1\",\"is_edit\":\"1\",\"is_remove\":\"1\",\"is_excel\":\"1\",\"is_csv\":\"1\",\"is_pdf\":\"1\",\"is_print\":\"1\"}'),(677,2,64,'{\"is_global\":\"1\",\"is_view\":\"1\",\"is_detail\":\"1\",\"is_add\":\"1\",\"is_edit\":\"1\",\"is_remove\":\"1\",\"is_excel\":\"1\",\"is_csv\":\"1\",\"is_pdf\":\"1\",\"is_print\":\"1\"}'),(678,3,64,'{\"is_global\":\"0\",\"is_view\":\"1\",\"is_detail\":\"1\",\"is_add\":\"1\",\"is_edit\":\"1\",\"is_remove\":\"1\",\"is_excel\":\"1\",\"is_csv\":\"1\",\"is_pdf\":\"1\",\"is_print\":\"1\"}'),(682,1,70,'{\"is_global\":\"1\",\"is_view\":\"1\",\"is_detail\":\"1\",\"is_add\":\"1\",\"is_edit\":\"1\",\"is_remove\":\"1\",\"is_excel\":\"1\",\"is_csv\":\"1\",\"is_pdf\":\"1\",\"is_print\":\"1\"}'),(683,2,70,'{\"is_global\":\"1\",\"is_view\":\"1\",\"is_detail\":\"1\",\"is_add\":\"1\",\"is_edit\":\"1\",\"is_remove\":\"1\",\"is_excel\":\"1\",\"is_csv\":\"1\",\"is_pdf\":\"1\",\"is_print\":\"1\"}'),(684,3,70,'{\"is_global\":\"1\",\"is_view\":\"1\",\"is_detail\":\"1\",\"is_add\":\"1\",\"is_edit\":\"1\",\"is_remove\":\"1\",\"is_excel\":\"1\",\"is_csv\":\"1\",\"is_pdf\":\"1\",\"is_print\":\"1\"}'),(688,1,71,'{\"is_global\":\"1\",\"is_view\":\"1\",\"is_add\":\"1\",\"is_edit\":\"1\",\"is_remove\":\"1\",\"is_excel\":\"1\",\"is_csv\":\"1\"}'),(689,2,71,'{\"is_global\":\"1\",\"is_view\":\"1\",\"is_add\":\"0\",\"is_edit\":\"0\",\"is_remove\":\"0\",\"is_excel\":\"0\",\"is_csv\":\"0\"}'),(690,3,71,'{\"is_global\":\"1\",\"is_view\":\"1\",\"is_add\":\"0\",\"is_edit\":\"0\",\"is_remove\":\"0\",\"is_excel\":\"0\",\"is_csv\":\"0\"}'),(694,1,72,'{\"is_global\":\"1\",\"is_view\":\"1\",\"is_add\":\"1\",\"is_edit\":\"1\",\"is_remove\":\"1\",\"is_excel\":\"1\",\"is_csv\":\"1\"}'),(695,2,72,'{\"is_global\":\"1\",\"is_view\":\"1\",\"is_add\":\"0\",\"is_edit\":\"0\",\"is_remove\":\"0\",\"is_excel\":\"0\",\"is_csv\":\"0\"}'),(696,3,72,'{\"is_global\":\"1\",\"is_view\":\"1\",\"is_add\":\"0\",\"is_edit\":\"0\",\"is_remove\":\"0\",\"is_excel\":\"0\",\"is_csv\":\"0\"}'),(700,1,73,'{\"is_global\":\"1\",\"is_view\":\"1\",\"is_detail\":\"1\",\"is_add\":\"1\",\"is_edit\":\"1\",\"is_remove\":\"1\",\"is_excel\":\"1\",\"is_csv\":\"1\",\"is_pdf\":\"1\",\"is_print\":\"1\"}'),(701,2,73,'{\"is_global\":\"1\",\"is_view\":\"1\",\"is_detail\":\"1\",\"is_add\":\"1\",\"is_edit\":\"1\",\"is_remove\":\"1\",\"is_excel\":\"1\",\"is_csv\":\"1\",\"is_pdf\":\"1\",\"is_print\":\"1\"}'),(702,3,73,'{\"is_global\":\"1\",\"is_view\":\"1\",\"is_detail\":\"1\",\"is_add\":\"1\",\"is_edit\":\"1\",\"is_remove\":\"1\",\"is_excel\":\"1\",\"is_csv\":\"1\",\"is_pdf\":\"1\",\"is_print\":\"1\"}');
/*!40000 ALTER TABLE `tb_groups_access` ENABLE KEYS */;
UNLOCK TABLES;

--
-- Table structure for table `tb_logs`
--

DROP TABLE IF EXISTS `tb_logs`;
/*!40101 SET @saved_cs_client     = @@character_set_client */;
 SET character_set_client = utf8mb4 ;
CREATE TABLE `tb_logs` (
  `auditID` int(20) NOT NULL AUTO_INCREMENT,
  `ipaddress` varchar(50) DEFAULT NULL,
  `user_id` int(11) DEFAULT NULL,
  `module` varchar(50) DEFAULT NULL,
  `task` varchar(50) DEFAULT NULL,
  `note` text,
  `logdate` timestamp NOT NULL DEFAULT CURRENT_TIMESTAMP,
  PRIMARY KEY (`auditID`)
) ENGINE=InnoDB AUTO_INCREMENT=59 DEFAULT CHARSET=latin1;
/*!40101 SET character_set_client = @saved_cs_client */;

--
-- Dumping data for table `tb_logs`
--

LOCK TABLES `tb_logs` WRITE;
/*!40000 ALTER TABLE `tb_logs` DISABLE KEYS */;
INSERT INTO `tb_logs` VALUES (1,'::1',1,'core','users','ID : 6  , Has Been Removed Successfull','2021-01-27 09:06:24'),(2,'127.0.0.1',1,'productwo',NULL,'New Data with ID 1 Has been Inserted !','2021-07-25 12:39:50'),(3,'127.0.0.1',1,'productwo',NULL,'New Data with ID 2 Has been Inserted !','2021-07-25 12:40:01'),(4,'127.0.0.1',1,'lteproducts',NULL,'New Data with ID 1 Has been Inserted !','2021-07-26 09:20:04'),(5,'127.0.0.1',1,'categories',NULL,'New Data with ID 1 Has been Inserted !','2021-07-26 11:21:50'),(6,'127.0.0.1',1,'categories',NULL,'Data with ID 1 Has been Updated !','2021-07-26 11:22:16'),(7,'127.0.0.1',1,'categories',NULL,'New Data with ID 2 Has been Inserted !','2021-07-26 11:22:28'),(8,'127.0.0.1',1,'categories',NULL,'New Data with ID 3 Has been Inserted !','2021-07-26 11:22:35'),(9,'127.0.0.1',1,'categories',NULL,'New Data with ID 4 Has been Inserted !','2021-07-26 11:22:42'),(10,'127.0.0.1',1,'categories',NULL,'Data with ID 1 Has been Updated !','2021-07-26 11:35:47'),(11,'127.0.0.1',1,'metric',NULL,'New Data with ID 1 Has been Inserted !','2021-07-26 12:00:18'),(12,'127.0.0.1',1,'metric',NULL,'New Data with ID 2 Has been Inserted !','2021-07-26 12:00:25'),(13,'127.0.0.1',1,'expensesector',NULL,'New Data with ID 1 Has been Inserted !','2021-07-26 12:04:40'),(14,'127.0.0.1',1,'expensesector',NULL,'New Data with ID 2 Has been Inserted !','2021-07-26 12:04:50'),(15,'127.0.0.1',1,'expensesector',NULL,'New Data with ID 3 Has been Inserted !','2021-07-26 12:05:20'),(16,'127.0.0.1',1,'paymentmethod',NULL,'New Data with ID 1 Has been Inserted !','2021-07-26 12:12:22'),(17,'127.0.0.1',1,'paymentmethod',NULL,'New Data with ID 2 Has been Inserted !','2021-07-26 12:12:34'),(18,'127.0.0.1',1,'paymentmethod',NULL,'New Data with ID 3 Has been Inserted !','2021-07-26 12:12:47'),(19,'127.0.0.1',1,'paymentmethod',NULL,'New Data with ID 4 Has been Inserted !','2021-07-26 12:12:59'),(20,'127.0.0.1',1,'paymentmethod',NULL,'New Data with ID 5 Has been Inserted !','2021-07-26 12:13:09'),(21,'127.0.0.1',1,'paymentmethod',NULL,'New Data with ID 6 Has been Inserted !','2021-07-26 12:13:19'),(22,'127.0.0.1',1,'paymentmethod',NULL,'New Data with ID 7 Has been Inserted !','2021-07-26 12:13:29'),(23,'127.0.0.1',1,'paymentmethod',NULL,'New Data with ID 8 Has been Inserted !','2021-07-26 12:13:42'),(24,'127.0.0.1',1,'paymentmethod',NULL,'New Data with ID 9 Has been Inserted !','2021-07-26 12:13:50'),(25,'127.0.0.1',1,'paymentmethod',NULL,'New Data with ID 10 Has been Inserted !','2021-07-26 12:13:57'),(26,'127.0.0.1',1,'paymentmethod',NULL,'New Data with ID 11 Has been Inserted !','2021-07-26 12:14:06'),(27,'127.0.0.1',1,'customer',NULL,'New Data with ID 1 Has been Inserted !','2021-07-26 13:33:45'),(28,'127.0.0.1',1,'customer',NULL,'Data with ID 1 Has been Updated !','2021-07-26 13:33:48'),(29,'127.0.0.1',1,'supplier',NULL,'New Data with ID 1 Has been Inserted !','2021-07-26 13:49:12'),(30,'127.0.0.1',1,'sizes',NULL,'New Data with ID 1 Has been Inserted !','2021-07-26 15:22:25'),(31,'127.0.0.1',1,'product',NULL,'Data with ID 1 Has been Updated !','2021-07-26 16:28:36'),(32,'127.0.0.1',1,'product',NULL,'Data with ID 1 Has been Updated !','2021-07-26 16:29:05'),(33,'127.0.0.1',1,'product',NULL,'Data with ID 1 Has been Updated !','2021-07-26 16:36:03'),(34,'127.0.0.1',1,'product',NULL,'Data with ID 1 Has been Updated !','2021-07-27 07:46:27'),(35,'127.0.0.1',1,'product',NULL,'New Data with ID 2 Has been Inserted !','2021-07-27 11:22:42'),(36,'127.0.0.1',1,'product',NULL,'Data with ID 2 Has been Updated !','2021-07-27 18:32:40'),(37,'127.0.0.1',1,'categories',NULL,'New Data with ID 5 Has been Inserted !','2021-07-29 08:31:44'),(38,'127.0.0.1',1,'categories',NULL,'New Data with ID 6 Has been Inserted !','2021-07-29 08:32:06'),(39,'127.0.0.1',1,'categories',NULL,'Data with ID 1 Has been Updated !','2021-07-29 14:49:41'),(40,'127.0.0.1',1,'categories',NULL,'New Data with ID 7 Has been Inserted !','2021-07-29 14:49:54'),(41,'127.0.0.1',1,'categories',NULL,'Data with ID 1 Has been Updated !','2021-07-29 14:50:25'),(42,'127.0.0.1',1,'categories',NULL,'Data with ID 1 Has been Updated !','2021-07-29 14:50:34'),(43,'127.0.0.1',1,'categories',NULL,'Data with ID 1 Has been Updated !','2021-07-29 14:50:39'),(44,'127.0.0.1',1,'categories',NULL,'ID : 1  , Has Been Removed Successfull','2021-07-29 14:50:48'),(45,'127.0.0.1',1,'categories',NULL,'New Data with ID 8 Has been Inserted !','2021-07-29 14:51:00'),(46,'127.0.0.1',1,'categories',NULL,'Data with ID 2 Has been Updated !','2021-07-29 14:51:11'),(47,'127.0.0.1',1,'categories',NULL,'Data with ID 3 Has been Updated !','2021-07-29 14:51:21'),(48,'127.0.0.1',1,'categories',NULL,'Data with ID 4 Has been Updated !','2021-07-29 14:51:40'),(49,'127.0.0.1',1,'categories',NULL,'Data with ID 5 Has been Updated !','2021-07-29 14:51:54'),(50,'127.0.0.1',1,'categories',NULL,'New Data with ID 9 Has been Inserted !','2021-07-29 14:52:37'),(51,'127.0.0.1',1,'brand',NULL,'New Data with ID 1 Has been Inserted !','2021-07-29 15:04:26'),(52,'127.0.0.1',1,'brand',NULL,'New Data with ID 2 Has been Inserted !','2021-07-29 15:04:38'),(53,'127.0.0.1',1,'categories',NULL,'Data with ID 2 Has been Updated !','2021-07-30 05:56:00'),(54,'127.0.0.1',1,'categories',NULL,'Data with ID 2 Has been Updated !','2021-07-30 05:56:02'),(55,'127.0.0.1',1,'categories',NULL,'Data with ID 3 Has been Updated !','2021-07-30 05:56:10'),(56,'127.0.0.1',1,'categories',NULL,'Data with ID 3 Has been Updated !','2021-07-30 05:56:12'),(57,'127.0.0.1',1,'categories',NULL,'Data with ID 4 Has been Updated !','2021-07-30 05:56:19'),(58,'127.0.0.1',1,'categories',NULL,'Data with ID 8 Has been Updated !','2021-07-30 05:56:32');
/*!40000 ALTER TABLE `tb_logs` ENABLE KEYS */;
UNLOCK TABLES;

--
-- Table structure for table `tb_menu`
--

DROP TABLE IF EXISTS `tb_menu`;
/*!40101 SET @saved_cs_client     = @@character_set_client */;
 SET character_set_client = utf8mb4 ;
CREATE TABLE `tb_menu` (
  `menu_id` int(11) NOT NULL AUTO_INCREMENT,
  `parent_id` int(11) DEFAULT '0',
  `module` varchar(50) DEFAULT NULL,
  `url` varchar(100) DEFAULT NULL,
  `menu_name` varchar(100) DEFAULT NULL,
  `menu_type` char(10) DEFAULT NULL,
  `role_id` varchar(100) DEFAULT NULL,
  `deep` smallint(2) DEFAULT NULL,
  `ordering` int(6) DEFAULT NULL,
  `position` enum('top','sidebar','both') DEFAULT NULL,
  `menu_icons` varchar(30) DEFAULT NULL,
  `active` enum('0','1') DEFAULT '1',
  `access_data` text,
  `allow_guest` enum('0','1') DEFAULT '0',
  `menu_lang` text,
  PRIMARY KEY (`menu_id`)
) ENGINE=InnoDB AUTO_INCREMENT=40 DEFAULT CHARSET=utf8;
/*!40101 SET character_set_client = @saved_cs_client */;

--
-- Dumping data for table `tb_menu`
--

LOCK TABLES `tb_menu` WRITE;
/*!40000 ALTER TABLE `tb_menu` DISABLE KEYS */;
INSERT INTO `tb_menu` VALUES (2,28,'contact-us','','Contact Us','internal',NULL,NULL,2,'top','mdi mdi-google-maps fa-fw','1','{\"1\":\"0\",\"2\":\"0\",\"3\":\"0\"}','1','{\"title\":{\"id\":\"\"}}'),(12,28,'about-us','','About','internal',NULL,NULL,0,'top','fa','1','{\"1\":\"0\",\"2\":\"0\",\"3\":\"0\"}','1','{\"title\":{\"id\":\"\"}}'),(17,0,'posts',NULL,'Articles','internal',NULL,NULL,1,'top',NULL,'1','{\"1\":\"0\",\"2\":\"0\",\"3\":\"0\"}','1','{\"title\":{\"id\":\"\"}}'),(26,28,'service',NULL,'What We Do','internal',NULL,NULL,1,'top',NULL,'1','{\"1\":\"1\",\"2\":\"0\",\"3\":\"0\"}','1','{\"title\":{\"id\":\"\"}}'),(27,0,'categories',NULL,'Category','internal',NULL,NULL,6,'sidebar','icon-layers','1','{\"1\":\"1\",\"2\":\"1\",\"3\":\"1\"}',NULL,'{\"title\":{\"id\":\"Dashboard\"}}'),(28,0,'about-us',NULL,'Static Page','internal',NULL,NULL,0,'top',NULL,'1','{\"1\":\"0\",\"2\":\"0\",\"3\":\"0\"}','1',NULL),(29,0,'sizes',NULL,'Size','internal',NULL,NULL,8,'sidebar','icon-crop','1','{\"1\":\"1\",\"2\":\"1\",\"3\":\"1\"}',NULL,NULL),(30,0,'metric',NULL,'Metric','internal',NULL,NULL,9,'sidebar','fas fa-balance-scale','1','{\"1\":\"1\",\"2\":\"1\",\"3\":\"1\"}',NULL,NULL),(31,0,'expensesector',NULL,'Expense Sector','internal',NULL,NULL,10,'sidebar','ti-pencil-alt ti-paint-roller','1','{\"1\":\"1\",\"2\":\"1\",\"3\":\"1\"}',NULL,NULL),(32,0,'paymentmethod',NULL,'Payment Method','internal',NULL,NULL,11,'sidebar','fas fa-credit-card','1','{\"1\":\"1\",\"2\":\"1\",\"3\":\"1\"}',NULL,NULL),(33,0,'separator',NULL,'Configurations','internal',NULL,NULL,5,'sidebar',NULL,'1','{\"1\":\"1\",\"2\":\"1\",\"3\":\"1\"}',NULL,NULL),(34,0,'customer',NULL,'Customer','internal',NULL,NULL,3,'sidebar','fas fa-user-secret','1','{\"1\":\"1\",\"2\":\"1\",\"3\":\"1\"}',NULL,NULL),(35,0,'supplier',NULL,'Supplier','internal',NULL,NULL,4,'sidebar','fas fa-database','1','{\"1\":\"1\",\"2\":\"1\",\"3\":\"1\"}',NULL,NULL),(36,0,'product',NULL,'Product','internal',NULL,NULL,2,'sidebar','fas fa-qrcode','1','{\"1\":\"1\",\"2\":\"1\",\"3\":\"1\"}',NULL,NULL),(37,0,'stockin',NULL,'Stock In','internal',NULL,NULL,1,'sidebar','fas fa-server','1','{\"1\":\"1\",\"2\":\"1\",\"3\":\"1\"}',NULL,NULL),(38,0,'sell',NULL,'Sell','internal',NULL,NULL,0,'sidebar','fas fa-cart-plus','1','{\"1\":\"1\",\"2\":\"1\",\"3\":\"1\"}',NULL,NULL),(39,0,'brand',NULL,'Brand/Company','internal',NULL,NULL,7,'sidebar','fas fa-certificate','1','{\"1\":\"1\",\"2\":\"1\",\"3\":\"1\"}',NULL,NULL);
/*!40000 ALTER TABLE `tb_menu` ENABLE KEYS */;
UNLOCK TABLES;

--
-- Table structure for table `tb_module`
--

DROP TABLE IF EXISTS `tb_module`;
/*!40101 SET @saved_cs_client     = @@character_set_client */;
 SET character_set_client = utf8mb4 ;
CREATE TABLE `tb_module` (
  `module_id` int(11) NOT NULL AUTO_INCREMENT,
  `module_name` varchar(100) DEFAULT NULL,
  `module_title` varchar(100) DEFAULT NULL,
  `module_note` varchar(255) DEFAULT NULL,
  `module_author` varchar(100) DEFAULT NULL,
  `module_created` timestamp NULL DEFAULT NULL,
  `module_desc` text,
  `module_db` varchar(255) DEFAULT NULL,
  `module_db_key` varchar(100) DEFAULT NULL,
  `module_type` char(20) DEFAULT 'native',
  `module_config` longtext,
  `module_lang` text,
  PRIMARY KEY (`module_id`)
) ENGINE=InnoDB AUTO_INCREMENT=74 DEFAULT CHARSET=utf8;
/*!40101 SET character_set_client = @saved_cs_client */;

--
-- Dumping data for table `tb_module`
--

LOCK TABLES `tb_module` WRITE;
/*!40000 ALTER TABLE `tb_module` DISABLE KEYS */;
INSERT INTO `tb_module` VALUES (1,'users','User Lists','View All Users','Mango Tm','2013-07-10 16:46:46',NULL,'tb_users','id','core','eyJ0YWJsZV9kY4oIonR4XgVzZXJzo4w4cHJ1bWFyeV9rZXk4O4JlciVyXi3ko4w4Zp9ybV9jbixlbWa4OjosopZvcplfbGFmbgV0oj17opNvbHVtb4oIM4w4dG30bGU4O4JVciVycyxEYXRho4w4Zp9ybWF0oj24ZgJ1ZCosopR1cgBsYXk4O4J2bgJ1ep9udGFson0sonNxbF9zZWx3YgQ4O4JTRUxFQlQ5oHR4XgVzZXJzL42soCB0Y39ncp9lcHMubpFtZSBcbkZST005dGJfdXN3cnM5TEVGVCBKT03OoHR4XidybgVwcyBPT4B0Y39ncp9lcHMuZgJvdXBf6WQ5PSB0Y39lciVycymncp9lcF91ZCosonNxbF9g6GVyZSoIo4A5oFdoRVJFoHR4XgVzZXJzLp3koCE9Jyc5oCosonNxbF9ncp9lcCoIo4A5oCA4LCJncp3koj1beyJp6WVsZCoIop3ko4w4YWx1YXM4O4J0Y39lciVycyosopxhbpdlYWd3oj17op3koj24on0sopxhYpVsoj24SWQ4LCJi6WVgoj2wLCJkZXRh6Ww4OjAsonNvcnRhYpx3oj2wLCJzZWFyYi54OjEsopRvdimsbiFkoj2wLCJpcp9IZWa4OjEsopx1bW30ZWQ4O4o4LCJg6WR06CoIojEwMCosopFs6Wduoj24bGVpdCosonNvcnRs6XN0oj24MCosopNvbpa4Ons4dpFs6WQ4O4o4LCJkY4oIo4osopt3eSoIo4osopR1cgBsYXk4O4o4fSw4Zp9ybWF0XiFzoj24o4w4Zp9ybWF0XgZhbHV3oj24on0seyJp6WVsZCoIopFiYXRhc4osopFs6WFzoj24dGJfdXN3cnM4LCJsYWmndWFnZSoIeyJ1ZCoIo4J9LCJsYWJ3bCoIokFiYXRhc4osonZ1ZXc4OjEsopR3dGF1bCoIMSw4ci9ydGF4bGU4OjAsonN3YXJj6CoIMSw4ZG9gbpxvYWQ4OjAsopZybg13b4oIMSw4bG3t6XR3ZCoIo4osond1ZHR2oj24MzA4LCJhbG3nb4oIopx3ZnQ4LCJzbgJ0bG3zdCoIojE4LCJjbimuoj17onZhbG3koj24o4w4ZGo4O4o4LCJrZXk4O4o4LCJk6XNwbGFmoj24on0sopZvcplhdF9hcyoIop3tYWd3o4w4Zp9ybWF0XgZhbHV3oj24XC9lcGxvYWRzXC9lciVyclwvon0seyJp6WVsZCoIopdybgVwXi3ko4w4YWx1YXM4O4J0Y39lciVycyosopxhbpdlYWd3oj17op3koj24on0sopxhYpVsoj24RgJvdXA4LCJi6WVgoj2xLCJkZXRh6Ww4OjEsonNvcnRhYpx3oj2wLCJzZWFyYi54OjEsopRvdimsbiFkoj2wLCJpcp9IZWa4OjEsopx1bW30ZWQ4O4o4LCJg6WR06CoIojEwMCosopFs6Wduoj24bGVpdCosonNvcnRs6XN0oj24MyosopNvbpa4Ons4dpFs6WQ4O4oxo4w4ZGo4O4J0Y39ncp9lcHM4LCJrZXk4O4Jncp9lcF91ZCosopR1cgBsYXk4O4JuYWl3on0sopZvcplhdF9hcyoIo4osopZvcplhdF9iYWxlZSoIo4J9LHs4Zp33bGQ4O4JuYWl3o4w4YWx1YXM4O4J0Y39ncp9lcHM4LCJsYWmndWFnZSoIeyJ1ZCoIo4J9LCJsYWJ3bCoIokdybgVwo4w4dp33dyoIMCw4ZGV0YW3soj2wLCJzbgJ0YWJsZSoIMCw4ciVhcpN2oj2xLCJkbgdubG9hZCoIMCw4ZnJvepVuoj2xLCJs6Wl1dGVkoj24o4w4di3kdG54O4oxMDA4LCJhbG3nb4oIopx3ZnQ4LCJzbgJ0bG3zdCoIojQ4LCJjbimuoj17onZhbG3koj24o4w4ZGo4O4o4LCJrZXk4O4o4LCJk6XNwbGFmoj24on0sopZvcplhdF9hcyoIo4osopZvcplhdF9iYWxlZSoIo4J9LHs4Zp33bGQ4O4JlciVybpFtZSosopFs6WFzoj24dGJfdXN3cnM4LCJsYWmndWFnZSoIeyJ1ZCoIo4J9LCJsYWJ3bCoIo3VzZXJuYWl3o4w4dp33dyoIMSw4ZGV0YW3soj2xLCJzbgJ0YWJsZSoIMSw4ciVhcpN2oj2xLCJkbgdubG9hZCoIMSw4ZnJvepVuoj2xLCJs6Wl1dGVkoj24o4w4di3kdG54O4oxMDA4LCJhbG3nb4oIopx3ZnQ4LCJzbgJ0bG3zdCoIojU4LCJjbimuoj17onZhbG3koj24o4w4ZGo4O4o4LCJrZXk4O4o4LCJk6XNwbGFmoj24on0sopZvcplhdF9hcyoIo4osopZvcplhdF9iYWxlZSoIo4J9LHs4Zp33bGQ4O4Jp6XJzdF9uYWl3o4w4YWx1YXM4O4J0Y39lciVycyosopxhbpdlYWd3oj17op3koj24on0sopxhYpVsoj24Rp3ycgQ5TpFtZSosonZ1ZXc4OjEsopR3dGF1bCoIMSw4ci9ydGF4bGU4OjEsonN3YXJj6CoIMSw4ZG9gbpxvYWQ4OjEsopZybg13b4oIMSw4bG3t6XR3ZCoIo4osond1ZHR2oj24MTAwo4w4YWx1Zia4O4JsZWZ0o4w4ci9ydGx1cgQ4O4oio4w4Yi9ub4oIeyJiYWx1ZCoIo4osopR4oj24o4w46iVmoj24o4w4ZG3zcGxheSoIo4J9LCJpbgJtYXRfYXM4O4o4LCJpbgJtYXRfdpFsdWU4O4o4fSx7opZ1ZWxkoj24bGFzdF9uYWl3o4w4YWx1YXM4O4J0Y39lciVycyosopxhbpdlYWd3oj17op3koj24on0sopxhYpVsoj24TGFzdCBOYWl3o4w4dp33dyoIMSw4ZGV0YW3soj2xLCJzbgJ0YWJsZSoIMSw4ciVhcpN2oj2xLCJkbgdubG9hZCoIMSw4ZnJvepVuoj2xLCJs6Wl1dGVkoj24o4w4di3kdG54O4oxMDA4LCJhbG3nb4oIopx3ZnQ4LCJzbgJ0bG3zdCoIojc4LCJjbimuoj17onZhbG3koj24o4w4ZGo4O4o4LCJrZXk4O4o4LCJk6XNwbGFmoj24on0sopZvcplhdF9hcyoIo4osopZvcplhdF9iYWxlZSoIo4J9LHs4Zp33bGQ4O4J3bWF1bCosopFs6WFzoj24dGJfdXN3cnM4LCJsYWmndWFnZSoIeyJ1ZCoIo4J9LCJsYWJ3bCoIokVtYW3so4w4dp33dyoIMSw4ZGV0YW3soj2xLCJzbgJ0YWJsZSoIMSw4ciVhcpN2oj2xLCJkbgdubG9hZCoIMSw4ZnJvepVuoj2xLCJs6Wl1dGVkoj24o4w4di3kdG54O4oxMDA4LCJhbG3nb4oIopx3ZnQ4LCJzbgJ0bG3zdCoIoj54LCJjbimuoj17onZhbG3koj24o4w4ZGo4O4o4LCJrZXk4O4o4LCJk6XNwbGFmoj24on0sopZvcplhdF9hcyoIo4osopZvcplhdF9iYWxlZSoIo4J9LHs4Zp33bGQ4O4JwYXNzdi9yZCosopFs6WFzoj24dGJfdXN3cnM4LCJsYWmndWFnZSoIeyJ1ZCoIo4J9LCJsYWJ3bCoIo3BhcgNgbgJko4w4dp33dyoIMCw4ZGV0YW3soj2wLCJzbgJ0YWJsZSoIMCw4ciVhcpN2oj2xLCJkbgdubG9hZCoIMCw4ZnJvepVuoj2xLCJs6Wl1dGVkoj24o4w4di3kdG54O4oxMDA4LCJhbG3nb4oIopx3ZnQ4LCJzbgJ0bG3zdCoIojk4LCJjbimuoj17onZhbG3koj24o4w4ZGo4O4o4LCJrZXk4O4o4LCJk6XNwbGFmoj24on0sopZvcplhdF9hcyoIo4osopZvcplhdF9iYWxlZSoIo4J9LHs4Zp33bGQ4O4Jsbid1b39hdHR3bXB0o4w4YWx1YXM4O4J0Y39lciVycyosopxhbpdlYWd3oj17op3koj24on0sopxhYpVsoj24TG9n6Wa5QXR0ZWlwdCosonZ1ZXc4OjAsopR3dGF1bCoIMCw4ci9ydGF4bGU4OjAsonN3YXJj6CoIMSw4ZG9gbpxvYWQ4OjAsopZybg13b4oIMSw4bG3t6XR3ZCoIo4osond1ZHR2oj24MTAwo4w4YWx1Zia4O4JsZWZ0o4w4ci9ydGx1cgQ4O4oxMCosopNvbpa4Ons4dpFs6WQ4O4o4LCJkY4oIo4osopt3eSoIo4osopR1cgBsYXk4O4o4fSw4Zp9ybWF0XiFzoj24o4w4Zp9ybWF0XgZhbHV3oj24on0seyJp6WVsZCoIopNyZWF0ZWRfYXQ4LCJhbG3hcyoIonR4XgVzZXJzo4w4bGFuZgVhZiU4Ons46WQ4O4o4fSw4bGF4ZWw4O4JDcpVhdGVkoEF0o4w4dp33dyoIMCw4ZGV0YW3soj2xLCJzbgJ0YWJsZSoIMCw4ciVhcpN2oj2xLCJkbgdubG9hZCoIMSw4ZnJvepVuoj2xLCJs6Wl1dGVkoj24o4w4di3kdG54O4oxMDA4LCJhbG3nb4oIopx3ZnQ4LCJzbgJ0bG3zdCoIojExo4w4Yi9ub4oIeyJiYWx1ZCoIo4osopR4oj24o4w46iVmoj24o4w4ZG3zcGxheSoIo4J9LCJpbgJtYXRfYXM4O4o4LCJpbgJtYXRfdpFsdWU4O4o4fSx7opZ1ZWxkoj24bGFzdF9sbid1b4osopFs6WFzoj24dGJfdXN3cnM4LCJsYWmndWFnZSoIeyJ1ZCoIo4J9LCJsYWJ3bCoIokxhcgQ5TG9n6Wa4LCJi6WVgoj2wLCJkZXRh6Ww4OjEsonNvcnRhYpx3oj2wLCJzZWFyYi54OjEsopRvdimsbiFkoj2xLCJpcp9IZWa4OjEsopx1bW30ZWQ4O4o4LCJg6WR06CoIojEwMCosopFs6Wduoj24bGVpdCosonNvcnRs6XN0oj24MTo4LCJjbimuoj17onZhbG3koj24o4w4ZGo4O4o4LCJrZXk4O4o4LCJk6XNwbGFmoj24on0sopZvcplhdF9hcyoIo4osopZvcplhdF9iYWxlZSoIo4J9LHs4Zp33bGQ4O4JlcGRhdGVkXiF0o4w4YWx1YXM4O4J0Y39lciVycyosopxhbpdlYWd3oj17op3koj24on0sopxhYpVsoj24VXBkYXR3ZCBBdCosonZ1ZXc4OjAsopR3dGF1bCoIMSw4ci9ydGF4bGU4OjEsonN3YXJj6CoIMSw4ZG9gbpxvYWQ4OjEsopZybg13b4oIMSw4bG3t6XR3ZCoIo4osond1ZHR2oj24MTAwo4w4YWx1Zia4O4JsZWZ0o4w4ci9ydGx1cgQ4O4oxMyosopNvbpa4Ons4dpFs6WQ4O4o4LCJkY4oIo4osopt3eSoIo4osopR1cgBsYXk4O4o4fSw4Zp9ybWF0XiFzoj24o4w4Zp9ybWF0XgZhbHV3oj24on0seyJp6WVsZCoIonJ3bW3uZGVyo4w4YWx1YXM4O4J0Y39lciVycyosopxhbpdlYWd3oj17op3koj24on0sopxhYpVsoj24UpVt6WmkZXo4LCJi6WVgoj2wLCJkZXRh6Ww4OjEsonNvcnRhYpx3oj2xLCJzZWFyYi54OjEsopRvdimsbiFkoj2xLCJpcp9IZWa4OjEsopx1bW30ZWQ4O4o4LCJg6WR06CoIojEwMCosopFs6Wduoj24bGVpdCosonNvcnRs6XN0oj24MTM4LCJjbimuoj17onZhbG3koj24MCosopR4oj24o4w46iVmoj24o4w4ZG3zcGxheSoIo4J9LCJpbgJtYXRfYXM4O4o4LCJpbgJtYXRfdpFsdWU4O4o4fSx7opZ1ZWxkoj24YWN06XZhdG3vb4osopFs6WFzoj24dGJfdXN3cnM4LCJsYWmndWFnZSoIeyJ1ZCoIo4J9LCJsYWJ3bCoIokFjdG3iYXR1bia4LCJi6WVgoj2wLCJkZXRh6Ww4OjEsonNvcnRhYpx3oj2xLCJzZWFyYi54OjEsopRvdimsbiFkoj2xLCJpcp9IZWa4OjEsopx1bW30ZWQ4O4o4LCJg6WR06CoIojEwMCosopFs6Wduoj24bGVpdCosonNvcnRs6XN0oj24MTQ4LCJjbimuoj17onZhbG3koj24MCosopR4oj24o4w46iVmoj24o4w4ZG3zcGxheSoIo4J9LCJpbgJtYXRfYXM4O4o4LCJpbgJtYXRfdpFsdWU4O4o4fSx7opZ1ZWxkoj24YWN06XZ3o4w4YWx1YXM4O4J0Y39lciVycyosopxhbpdlYWd3oj17op3koj24on0sopxhYpVsoj24QWN06XZ3o4w4dp33dyoIMSw4ZGV0YW3soj2xLCJzbgJ0YWJsZSoIMSw4ciVhcpN2oj2xLCJkbgdubG9hZCoIMCw4ZnJvepVuoj2xLCJs6Wl1dGVkoj24o4w4di3kdG54O4oxMDA4LCJhbG3nb4oIopx3ZnQ4LCJzbgJ0bG3zdCoIojE0o4w4Yi9ub4oIeyJiYWx1ZCoIo4osopR4oj24o4w46iVmoj24o4w4ZG3zcGxheSoIo4J9LCJpbgJtYXRfYXM4O4JpdWmjdG3vb4osopZvcplhdF9iYWxlZSoIo3N1dGVoZWxwZXJzfHVzZXJTdGF0dXN8YWN06XZ3on0seyJp6WVsZCoIonJ3bWVtYpVyXgRv6iVuo4w4YWx1YXM4O4J0Y39lciVycyosopxhbpdlYWd3oj17op3koj24on0sopxhYpVsoj24UpVtZWl4ZXo5VG9rZWa4LCJi6WVgoj2wLCJkZXRh6Ww4OjEsonNvcnRhYpx3oj2xLCJzZWFyYi54OjEsopRvdimsbiFkoj2xLCJpcp9IZWa4OjEsopx1bW30ZWQ4O4o4LCJg6WR06CoIojEwMCosopFs6Wduoj24bGVpdCosonNvcnRs6XN0oj24MTU4LCJjbimuoj17onZhbG3koj24MCosopR4oj24o4w46iVmoj24o4w4ZG3zcGxheSoIo4J9LCJpbgJtYXRfYXM4O4o4LCJpbgJtYXRfdpFsdWU4O4o4fSx7opZ1ZWxkoj24bGFzdF9hYgR1dp30eSosopFs6WFzoj24dGJfdXN3cnM4LCJsYWmndWFnZSoIeyJ1ZCoIo4J9LCJsYWJ3bCoIokxhcgQ5QWN06XZ1dHk4LCJi6WVgoj2wLCJkZXRh6Ww4OjEsonNvcnRhYpx3oj2xLCJzZWFyYi54OjEsopRvdimsbiFkoj2xLCJpcp9IZWa4OjEsopx1bW30ZWQ4O4o4LCJg6WR06CoIojEwMCosopFs6Wduoj24bGVpdCosonNvcnRs6XN0oj24MTY4LCJjbimuoj17onZhbG3koj24MCosopR4oj24o4w46iVmoj24o4w4ZG3zcGxheSoIo4J9LCJpbgJtYXRfYXM4O4o4LCJpbgJtYXRfdpFsdWU4O4o4fSx7opZ1ZWxkoj24Yi9uZp3no4w4YWx1YXM4O4J0Y39lciVycyosopxhbpdlYWd3oj17op3koj24on0sopxhYpVsoj24Qi9uZp3no4w4dp33dyoIMCw4ZGV0YW3soj2xLCJzbgJ0YWJsZSoIMSw4ciVhcpN2oj2xLCJkbgdubG9hZCoIMSw4ZnJvepVuoj2xLCJs6Wl1dGVkoj24o4w4di3kdG54O4oxMDA4LCJhbG3nb4oIopx3ZnQ4LCJzbgJ0bG3zdCoIojEgo4w4Yi9ub4oIeyJiYWx1ZCoIojA4LCJkY4oIo4osopt3eSoIo4osopR1cgBsYXk4O4o4fSw4Zp9ybWF0XiFzoj24o4w4Zp9ybWF0XgZhbHV3oj24onldLCJpbgJtcyoIWgs4Zp33bGQ4O4J1ZCosopFs6WFzoj24dGJfdXN3cnM4LCJsYWmndWFnZSoIeyJ1ZCoIo4J9LCJsYWJ3bCoIok3ko4w4Zp9ybV9ncp9lcCoIojA4LCJyZXFl6XJ3ZCoIo4osonZ1ZXc4OjEsonRmcGU4O4J26WRkZWa4LCJhZGQ4OjEsonN1epU4O4owo4w4ZWR1dCoIMSw4ciVhcpN2oj2wLCJzbgJ0bG3zdCoIojE4LCJs6Wl1dGVkoj24o4w4bgB06W9uoj17op9wdF90eXB3oj24o4w4bG9v6gVwXgFlZXJmoj24o4w4bG9v6gVwXgRhYpx3oj24o4w4bG9v6gVwXit3eSoIo4osopxvbitlcF9iYWxlZSoIo4osop3zXiR3cGVuZGVuYgk4O4o4LCJzZWx3YgRfbXVsdG3wbGU4O4o4LCJ1bWFnZV9tdWx06XBsZSoIo4osopxvbitlcF9kZXB3bpR3bpNmXit3eSoIo4osonBhdGhfdG9fdXBsbiFkoj24o4w4cpVz6X13Xgd1ZHR2oj24o4w4cpVz6X13Xih36Wd2dCoIo4osonVwbG9hZF90eXB3oj24o4w4dG9vbHR1cCoIo4osopF0dHJ1YnV0ZSoIo4osopVadGVuZF9jbGFzcyoIo4J9fSx7opZ1ZWxkoj24ZgJvdXBf6WQ4LCJhbG3hcyoIonR4XgVzZXJzo4w4bGFuZgVhZiU4Ons46WQ4O4o4fSw4bGF4ZWw4O4JHcp9lcCBcLyBMZXZ3bCosopZvcplfZgJvdXA4O4owo4w4cpVxdW3yZWQ4O4JyZXFl6XJ3ZCosonZ1ZXc4OjEsonRmcGU4O4JzZWx3YgQ4LCJhZGQ4OjEsonN1epU4O4owo4w4ZWR1dCoIMSw4ciVhcpN2oj24MSosonNvcnRs6XN0oj24M4osopx1bW30ZWQ4O4o4LCJvcHR1bia4Ons4bgB0XgRmcGU4O4J3eHR3cpmhbCosopxvbitlcF9xdWVyeSoIo4osopxvbitlcF90YWJsZSoIonR4XidybgVwcyosopxvbitlcF9rZXk4O4Jncp9lcF91ZCosopxvbitlcF9iYWxlZSoIopmhbWU4LCJ1cl9kZXB3bpR3bpNmoj24o4w4ciVsZWN0XillbHR1cGx3oj24o4w46WlhZiVfbXVsdG3wbGU4O4o4LCJsbi9rdXBfZGVwZWmkZWmjeV9rZXk4O4o4LCJwYXR2XgRvXgVwbG9hZCoIo4osonJ3ci3IZV9g6WR06CoIo4osonJ3ci3IZV92ZW3n6HQ4O4o4LCJlcGxvYWRfdH3wZSoIo4osonRvbix06XA4O4o4LCJhdHRy6WJldGU4O4o4LCJ3eHR3bpRfYixhcgM4O4o4fX0seyJp6WVsZCoIonVzZXJuYWl3o4w4YWx1YXM4O4J0Y39lciVycyosopxhbpdlYWd3oj17op3koj24on0sopxhYpVsoj24VXN3cpmhbWU4LCJpbgJtXidybgVwoj24MCosonJ3cXV1cpVkoj24o4w4dp33dyoIMCw4dH3wZSoIonR3eHQ4LCJhZGQ4OjEsonN1epU4O4owo4w4ZWR1dCoIMSw4ciVhcpN2oj24MSosonNvcnRs6XN0oj24Myosopx1bW30ZWQ4O4o4LCJvcHR1bia4Ons4bgB0XgRmcGU4O4o4LCJsbi9rdXBfcXV3cnk4O4o4LCJsbi9rdXBfdGF4bGU4O4o4LCJsbi9rdXBf6iVmoj24o4w4bG9v6gVwXgZhbHV3oj24o4w46XNfZGVwZWmkZWmjeSoIo4osonN3bGVjdF9tdWx06XBsZSoIo4osop3tYWd3XillbHR1cGx3oj24o4w4bG9v6gVwXiR3cGVuZGVuYg3f6iVmoj24o4w4cGF06F90bl9lcGxvYWQ4O4o4LCJyZXN1epVfdi3kdG54O4o4LCJyZXN1epVf6GV1Zih0oj24o4w4dXBsbiFkXgRmcGU4O4o4LCJ0bi9sdG3woj24o4w4YXR0cp34dXR3oj24o4w4ZXh0ZWmkXiNsYXNzoj24onl9LHs4Zp33bGQ4O4Jp6XJzdF9uYWl3o4w4YWx1YXM4O4J0Y39lciVycyosopxhbpdlYWd3oj17op3koj24on0sopxhYpVsoj24Rp3ycgQ5TpFtZSosopZvcplfZgJvdXA4O4owo4w4cpVxdW3yZWQ4O4JyZXFl6XJ3ZCosonZ1ZXc4OjEsonRmcGU4O4J0ZXh0o4w4YWRkoj2xLCJz6X13oj24MCosopVk6XQ4OjEsonN3YXJj6CoIojE4LCJzbgJ0bG3zdCoIojQ4LCJs6Wl1dGVkoj24o4w4bgB06W9uoj17op9wdF90eXB3oj24o4w4bG9v6gVwXgFlZXJmoj24o4w4bG9v6gVwXgRhYpx3oj24o4w4bG9v6gVwXit3eSoIo4osopxvbitlcF9iYWxlZSoIo4osop3zXiR3cGVuZGVuYgk4O4o4LCJzZWx3YgRfbXVsdG3wbGU4O4o4LCJ1bWFnZV9tdWx06XBsZSoIo4osopxvbitlcF9kZXB3bpR3bpNmXit3eSoIo4osonBhdGhfdG9fdXBsbiFkoj24o4w4cpVz6X13Xgd1ZHR2oj24o4w4cpVz6X13Xih36Wd2dCoIo4osonVwbG9hZF90eXB3oj24o4w4dG9vbHR1cCoIo4osopF0dHJ1YnV0ZSoIo4osopVadGVuZF9jbGFzcyoIo4J9fSx7opZ1ZWxkoj24bGFzdF9uYWl3o4w4YWx1YXM4O4J0Y39lciVycyosopxhbpdlYWd3oj17op3koj24on0sopxhYpVsoj24TGFzdCBOYWl3o4w4Zp9ybV9ncp9lcCoIojA4LCJyZXFl6XJ3ZCoIo4osonZ1ZXc4OjEsonRmcGU4O4J0ZXh0o4w4YWRkoj2xLCJz6X13oj24MCosopVk6XQ4OjEsonN3YXJj6CoIojE4LCJzbgJ0bG3zdCoIojU4LCJs6Wl1dGVkoj24o4w4bgB06W9uoj17op9wdF90eXB3oj24o4w4bG9v6gVwXgFlZXJmoj24o4w4bG9v6gVwXgRhYpx3oj24o4w4bG9v6gVwXit3eSoIo4osopxvbitlcF9iYWxlZSoIo4osop3zXiR3cGVuZGVuYgk4O4o4LCJzZWx3YgRfbXVsdG3wbGU4O4o4LCJ1bWFnZV9tdWx06XBsZSoIo4osopxvbitlcF9kZXB3bpR3bpNmXit3eSoIo4osonBhdGhfdG9fdXBsbiFkoj24o4w4cpVz6X13Xgd1ZHR2oj24o4w4cpVz6X13Xih36Wd2dCoIo4osonVwbG9hZF90eXB3oj24o4w4dG9vbHR1cCoIo4osopF0dHJ1YnV0ZSoIo4osopVadGVuZF9jbGFzcyoIo4J9fSx7opZ1ZWxkoj24ZWlh6Ww4LCJhbG3hcyoIonR4XgVzZXJzo4w4bGFuZgVhZiU4Ons46WQ4O4o4fSw4bGF4ZWw4O4JFbWF1bCosopZvcplfZgJvdXA4O4owo4w4cpVxdW3yZWQ4O4J3bWF1bCosonZ1ZXc4OjEsonRmcGU4O4J0ZXh0o4w4YWRkoj2xLCJz6X13oj24MCosopVk6XQ4OjEsonN3YXJj6CoIojE4LCJzbgJ0bG3zdCoIojY4LCJs6Wl1dGVkoj24o4w4bgB06W9uoj17op9wdF90eXB3oj24o4w4bG9v6gVwXgFlZXJmoj24o4w4bG9v6gVwXgRhYpx3oj24o4w4bG9v6gVwXit3eSoIo4osopxvbitlcF9iYWxlZSoIo4osop3zXiR3cGVuZGVuYgk4O4o4LCJzZWx3YgRfbXVsdG3wbGU4O4o4LCJ1bWFnZV9tdWx06XBsZSoIo4osopxvbitlcF9kZXB3bpR3bpNmXit3eSoIo4osonBhdGhfdG9fdXBsbiFkoj24o4w4cpVz6X13Xgd1ZHR2oj24o4w4cpVz6X13Xih36Wd2dCoIo4osonVwbG9hZF90eXB3oj24o4w4dG9vbHR1cCoIo4osopF0dHJ1YnV0ZSoIo4osopVadGVuZF9jbGFzcyoIo4J9fSx7opZ1ZWxkoj24cGFzcgdvcpQ4LCJhbG3hcyoIonR4XgVzZXJzo4w4bGFuZgVhZiU4Ons46WQ4O4o4fSw4bGF4ZWw4O4JQYXNzdi9yZCosopZvcplfZgJvdXA4O4owo4w4cpVxdW3yZWQ4O4o4LCJi6WVgoj2wLCJ0eXB3oj24dGVadCosopFkZCoIMSw4ci3IZSoIojA4LCJ3ZG30oj2xLCJzZWFyYi54OjAsonNvcnRs6XN0oj24Nyosopx1bW30ZWQ4O4o4LCJvcHR1bia4Ons4bgB0XgRmcGU4O4o4LCJsbi9rdXBfcXV3cnk4O4o4LCJsbi9rdXBfdGF4bGU4O4owo4w4bG9v6gVwXit3eSoIo4osopxvbitlcF9iYWxlZSoIo4osop3zXiR3cGVuZGVuYgk4O4o4LCJzZWx3YgRfbXVsdG3wbGU4O4o4LCJ1bWFnZV9tdWx06XBsZSoIo4osopxvbitlcF9kZXB3bpR3bpNmXit3eSoIo4osonBhdGhfdG9fdXBsbiFkoj24o4w4cpVz6X13Xgd1ZHR2oj24o4w4cpVz6X13Xih36Wd2dCoIo4osonVwbG9hZF90eXB3oj24o4w4dG9vbHR1cCoIo4osopF0dHJ1YnV0ZSoIo4osopVadGVuZF9jbGFzcyoIo4J9fSx7opZ1ZWxkoj24bG9n6WmfYXR0ZWlwdCosopFs6WFzoj24dGJfdXN3cnM4LCJsYWmndWFnZSoIeyJ1ZCoIo4J9LCJsYWJ3bCoIokxvZi3uoEF0dGVtcHQ4LCJpbgJtXidybgVwoj24MCosonJ3cXV1cpVkoj24o4w4dp33dyoIMSw4dH3wZSoIonR3eHQ4LCJhZGQ4OjEsonN1epU4O4owo4w4ZWR1dCoIMSw4ciVhcpN2oj2wLCJzbgJ0bG3zdCoIoj54LCJs6Wl1dGVkoj24o4w4bgB06W9uoj17op9wdF90eXB3oj24o4w4bG9v6gVwXgFlZXJmoj24o4w4bG9v6gVwXgRhYpx3oj24o4w4bG9v6gVwXit3eSoIo4osopxvbitlcF9iYWxlZSoIo4osop3zXiR3cGVuZGVuYgk4O4o4LCJzZWx3YgRfbXVsdG3wbGU4O4o4LCJ1bWFnZV9tdWx06XBsZSoIo4osopxvbitlcF9kZXB3bpR3bpNmXit3eSoIo4osonBhdGhfdG9fdXBsbiFkoj24o4w4cpVz6X13Xgd1ZHR2oj24o4w4cpVz6X13Xih36Wd2dCoIo4osonVwbG9hZF90eXB3oj24o4w4dG9vbHR1cCoIo4osopF0dHJ1YnV0ZSoIo4osopVadGVuZF9jbGFzcyoIo4J9fSx7opZ1ZWxkoj24bGFzdF9sbid1b4osopFs6WFzoj24dGJfdXN3cnM4LCJsYWmndWFnZSoIeyJ1ZCoIo4J9LCJsYWJ3bCoIokxhcgQ5TG9n6Wa4LCJpbgJtXidybgVwoj24MSosonJ3cXV1cpVkoj24o4w4dp33dyoIMCw4dH3wZSoIonR3eHQ4LCJhZGQ4OjEsonN1epU4O4owo4w4ZWR1dCoIMSw4ciVhcpN2oj2wLCJzbgJ0bG3zdCoIojk4LCJs6Wl1dGVkoj24o4w4bgB06W9uoj17op9wdF90eXB3oj24o4w4bG9v6gVwXgFlZXJmoj24o4w4bG9v6gVwXgRhYpx3oj24MCosopxvbitlcF9rZXk4O4o4LCJsbi9rdXBfdpFsdWU4O4o4LCJ1cl9kZXB3bpR3bpNmoj24o4w4ciVsZWN0XillbHR1cGx3oj24o4w46WlhZiVfbXVsdG3wbGU4O4o4LCJsbi9rdXBfZGVwZWmkZWmjeV9rZXk4O4o4LCJwYXR2XgRvXgVwbG9hZCoIo4osonJ3ci3IZV9g6WR06CoIo4osonJ3ci3IZV92ZW3n6HQ4O4o4LCJlcGxvYWRfdH3wZSoIo4osonRvbix06XA4O4o4LCJhdHRy6WJldGU4O4o4LCJ3eHR3bpRfYixhcgM4O4o4fX0seyJp6WVsZCoIopFiYXRhc4osopFs6WFzoj24dGJfdXN3cnM4LCJsYWmndWFnZSoIeyJ1ZCoIo4J9LCJsYWJ3bCoIokFiYXRhc4osopZvcplfZgJvdXA4O4oxo4w4cpVxdW3yZWQ4O4o4LCJi6WVgoj2xLCJ0eXB3oj24dGVadCosopFkZCoIMSw4ci3IZSoIojA4LCJ3ZG30oj2xLCJzZWFyYi54OjAsonNvcnRs6XN0oj24MTA4LCJs6Wl1dGVkoj24o4w4bgB06W9uoj17op9wdF90eXB3oj24o4w4bG9v6gVwXgFlZXJmoj24o4w4bG9v6gVwXgRhYpx3oj24o4w4bG9v6gVwXit3eSoIo4osopxvbitlcF9iYWxlZSoIo4osop3zXiR3cGVuZGVuYgk4O4o4LCJzZWx3YgRfbXVsdG3wbGU4O4owo4w46WlhZiVfbXVsdG3wbGU4O4owo4w4bG9v6gVwXiR3cGVuZGVuYg3f6iVmoj24o4w4cGF06F90bl9lcGxvYWQ4O4JcLgVwbG9hZHNcLgVzZXJzXC84LCJyZXN1epVfdi3kdG54O4o4LCJyZXN1epVf6GV1Zih0oj24o4w4dXBsbiFkXgRmcGU4O4J1bWFnZSosonRvbix06XA4O4o4LCJhdHRy6WJldGU4O4o4LCJ3eHR3bpRfYixhcgM4O4o4fX0seyJp6WVsZCoIopFjdG3iZSosopFs6WFzoj24dGJfdXN3cnM4LCJsYWmndWFnZSoIeyJ1ZCoIo4J9LCJsYWJ3bCoIo3N0YXRlcyosopZvcplfZgJvdXA4O4oxo4w4cpVxdW3yZWQ4O4JyZXFl6XJ3ZCosonZ1ZXc4OjEsonRmcGU4O4JyYWR1byosopFkZCoIMSw4ci3IZSoIojA4LCJ3ZG30oj2xLCJzZWFyYi54O4oxo4w4ci9ydGx1cgQ4O4oxMSosopx1bW30ZWQ4O4o4LCJvcHR1bia4Ons4bgB0XgRmcGU4O4JkYXRhbG3zdCosopxvbitlcF9xdWVyeSoIojAISWmhYgR1dpV8MT1BYgR1dpU4LCJsbi9rdXBfdGF4bGU4O4o4LCJsbi9rdXBf6iVmoj24o4w4bG9v6gVwXgZhbHV3oj24o4w46XNfZGVwZWmkZWmjeSoIo4osonN3bGVjdF9tdWx06XBsZSoIo4osop3tYWd3XillbHR1cGx3oj24o4w4bG9v6gVwXiR3cGVuZGVuYg3f6iVmoj24o4w4cGF06F90bl9lcGxvYWQ4O4o4LCJyZXN1epVfdi3kdG54O4o4LCJyZXN1epVf6GV1Zih0oj24o4w4dXBsbiFkXgRmcGU4O4o4LCJ0bi9sdG3woj24o4w4YXR0cp34dXR3oj24o4w4ZXh0ZWmkXiNsYXNzoj24onl9LHs4Zp33bGQ4O4JjcpVhdGVkXiF0o4w4YWx1YXM4O4J0Y39lciVycyosopxhbpdlYWd3oj17op3koj24on0sopxhYpVsoj24QgJ3YXR3ZCBBdCosopZvcplfZgJvdXA4O4oxo4w4cpVxdW3yZWQ4O4o4LCJi6WVgoj2wLCJ0eXB3oj24dGVadGFyZWE4LCJhZGQ4OjEsonN1epU4O4owo4w4ZWR1dCoIMSw4ciVhcpN2oj2wLCJzbgJ0bG3zdCoIojEyo4w4bG3t6XR3ZCoIo4osop9wdG3vb4oIeyJvcHRfdH3wZSoIo4osopxvbitlcF9xdWVyeSoIo4osopxvbitlcF90YWJsZSoIo4osopxvbitlcF9rZXk4O4o4LCJsbi9rdXBfdpFsdWU4O4o4LCJ1cl9kZXB3bpR3bpNmoj24o4w4ciVsZWN0XillbHR1cGx3oj24o4w46WlhZiVfbXVsdG3wbGU4O4o4LCJsbi9rdXBfZGVwZWmkZWmjeV9rZXk4O4o4LCJwYXR2XgRvXgVwbG9hZCoIo4osonJ3ci3IZV9g6WR06CoIo4osonJ3ci3IZV92ZW3n6HQ4O4o4LCJlcGxvYWRfdH3wZSoIo4osonRvbix06XA4O4o4LCJhdHRy6WJldGU4O4o4LCJ3eHR3bpRfYixhcgM4O4o4fX0seyJp6WVsZCoIonVwZGF0ZWRfYXQ4LCJhbG3hcyoIonR4XgVzZXJzo4w4bGFuZgVhZiU4Ons46WQ4O4o4fSw4bGF4ZWw4O4JVcGRhdGVkoEF0o4w4Zp9ybV9ncp9lcCoIojE4LCJyZXFl6XJ3ZCoIo4osonZ1ZXc4OjAsonRmcGU4O4J0ZXh0YXJ3YSosopFkZCoIMSw4ci3IZSoIojA4LCJ3ZG30oj2xLCJzZWFyYi54OjAsonNvcnRs6XN0oj24MTM4LCJs6Wl1dGVkoj24o4w4bgB06W9uoj17op9wdF90eXB3oj24o4w4bG9v6gVwXgFlZXJmoj24o4w4bG9v6gVwXgRhYpx3oj24o4w4bG9v6gVwXit3eSoIo4osopxvbitlcF9iYWxlZSoIo4osop3zXiR3cGVuZGVuYgk4O4o4LCJzZWx3YgRfbXVsdG3wbGU4O4o4LCJ1bWFnZV9tdWx06XBsZSoIo4osopxvbitlcF9kZXB3bpR3bpNmXit3eSoIo4osonBhdGhfdG9fdXBsbiFkoj24o4w4cpVz6X13Xgd1ZHR2oj24o4w4cpVz6X13Xih36Wd2dCoIo4osonVwbG9hZF90eXB3oj24o4w4dG9vbHR1cCoIo4osopF0dHJ1YnV0ZSoIo4osopVadGVuZF9jbGFzcyoIo4J9fSx7opZ1ZWxkoj24cpVt6WmkZXo4LCJhbG3hcyoIonR4XgVzZXJzo4w4bGFuZgVhZiU4Ons46WQ4O4o4fSw4bGF4ZWw4O4JSZWl1bpR3c4osopZvcplfZgJvdXA4O4o4LCJyZXFl6XJ3ZCoIo4osonZ1ZXc4OjEsonRmcGU4O4J0ZXh0YXJ3YSosopFkZCoIMSw4ci3IZSoIojA4LCJ3ZG30oj2xLCJzZWFyYi54OjAsonNvcnRs6XN0oj24MTQ4LCJs6Wl1dGVkoj24o4w4bgB06W9uoj17op9wdF90eXB3oj24o4w4bG9v6gVwXgFlZXJmoj24o4w4bG9v6gVwXgRhYpx3oj24o4w4bG9v6gVwXit3eSoIo4osopxvbitlcF9iYWxlZSoIo4osop3zXiR3cGVuZGVuYgk4O4o4LCJzZWx3YgRfbXVsdG3wbGU4O4owo4w46WlhZiVfbXVsdG3wbGU4O4owo4w4bG9v6gVwXiR3cGVuZGVuYg3f6iVmoj24o4w4cGF06F90bl9lcGxvYWQ4O4o4LCJyZXN1epVfdi3kdG54O4o4LCJyZXN1epVf6GV1Zih0oj24o4w4dXBsbiFkXgRmcGU4O4o4LCJ0bi9sdG3woj24o4w4YXR0cp34dXR3oj24o4w4ZXh0ZWmkXiNsYXNzoj24onl9LHs4Zp33bGQ4O4JhYgR1dpF06W9uo4w4YWx1YXM4O4J0Y39lciVycyosopxhbpdlYWd3oj17op3koj24on0sopxhYpVsoj24QWN06XZhdG3vb4osopZvcplfZgJvdXA4O4o4LCJyZXFl6XJ3ZCoIo4osonZ1ZXc4OjEsonRmcGU4O4J0ZXh0YXJ3YSosopFkZCoIMSw4ci3IZSoIojA4LCJ3ZG30oj2xLCJzZWFyYi54OjAsonNvcnRs6XN0oj24MTU4LCJs6Wl1dGVkoj24o4w4bgB06W9uoj17op9wdF90eXB3oj24o4w4bG9v6gVwXgFlZXJmoj24o4w4bG9v6gVwXgRhYpx3oj24o4w4bG9v6gVwXit3eSoIo4osopxvbitlcF9iYWxlZSoIo4osop3zXiR3cGVuZGVuYgk4O4o4LCJzZWx3YgRfbXVsdG3wbGU4O4owo4w46WlhZiVfbXVsdG3wbGU4O4owo4w4bG9v6gVwXiR3cGVuZGVuYg3f6iVmoj24o4w4cGF06F90bl9lcGxvYWQ4O4o4LCJyZXN1epVfdi3kdG54O4o4LCJyZXN1epVf6GV1Zih0oj24o4w4dXBsbiFkXgRmcGU4O4o4LCJ0bi9sdG3woj24o4w4YXR0cp34dXR3oj24o4w4ZXh0ZWmkXiNsYXNzoj24onl9LHs4Zp33bGQ4O4JyZWl3bWJ3c390bit3b4osopFs6WFzoj24dGJfdXN3cnM4LCJsYWmndWFnZSoIeyJ1ZCoIo4J9LCJsYWJ3bCoIo3J3bWVtYpVyoFRv6iVuo4w4Zp9ybV9ncp9lcCoIo4osonJ3cXV1cpVkoj24o4w4dp33dyoIMSw4dH3wZSoIonR3eHRhcpVho4w4YWRkoj2xLCJz6X13oj24MCosopVk6XQ4OjEsonN3YXJj6CoIMCw4ci9ydGx1cgQ4O4oxN4osopx1bW30ZWQ4O4o4LCJvcHR1bia4Ons4bgB0XgRmcGU4O4o4LCJsbi9rdXBfcXV3cnk4O4o4LCJsbi9rdXBfdGF4bGU4O4o4LCJsbi9rdXBf6iVmoj24o4w4bG9v6gVwXgZhbHV3oj24o4w46XNfZGVwZWmkZWmjeSoIo4osonN3bGVjdF9tdWx06XBsZSoIojA4LCJ1bWFnZV9tdWx06XBsZSoIojA4LCJsbi9rdXBfZGVwZWmkZWmjeV9rZXk4O4o4LCJwYXR2XgRvXgVwbG9hZCoIo4osonJ3ci3IZV9g6WR06CoIo4osonJ3ci3IZV92ZW3n6HQ4O4o4LCJlcGxvYWRfdH3wZSoIo4osonRvbix06XA4O4o4LCJhdHRy6WJldGU4O4o4LCJ3eHR3bpRfYixhcgM4O4o4fX0seyJp6WVsZCoIopxhcgRfYWN06XZ1dHk4LCJhbG3hcyoIonR4XgVzZXJzo4w4bGFuZgVhZiU4Ons46WQ4O4o4fSw4bGF4ZWw4O4JMYXN0oEFjdG3i6XRmo4w4Zp9ybV9ncp9lcCoIo4osonJ3cXV1cpVkoj24o4w4dp33dyoIMSw4dH3wZSoIonR3eHRhcpVho4w4YWRkoj2xLCJz6X13oj24MCosopVk6XQ4OjEsonN3YXJj6CoIMCw4ci9ydGx1cgQ4O4oxNyosopx1bW30ZWQ4O4o4LCJvcHR1bia4Ons4bgB0XgRmcGU4O4o4LCJsbi9rdXBfcXV3cnk4O4o4LCJsbi9rdXBfdGF4bGU4O4o4LCJsbi9rdXBf6iVmoj24o4w4bG9v6gVwXgZhbHV3oj24o4w46XNfZGVwZWmkZWmjeSoIo4osonN3bGVjdF9tdWx06XBsZSoIojA4LCJ1bWFnZV9tdWx06XBsZSoIojA4LCJsbi9rdXBfZGVwZWmkZWmjeV9rZXk4O4o4LCJwYXR2XgRvXgVwbG9hZCoIo4osonJ3ci3IZV9g6WR06CoIo4osonJ3ci3IZV92ZW3n6HQ4O4o4LCJlcGxvYWRfdH3wZSoIo4osonRvbix06XA4O4o4LCJhdHRy6WJldGU4O4o4LCJ3eHR3bpRfYixhcgM4O4o4fX0seyJp6WVsZCoIopNvbpZ1ZyosopFs6WFzoj24dGJfdXN3cnM4LCJsYWmndWFnZSoIeyJ1ZCoIo4J9LCJsYWJ3bCoIokNvbpZ1ZyosopZvcplfZgJvdXA4O4o4LCJyZXFl6XJ3ZCoIo4osonZ1ZXc4OjEsonRmcGU4O4J0ZXh0YXJ3YSosopFkZCoIMSw4ci3IZSoIojA4LCJ3ZG30oj2xLCJzZWFyYi54OjAsonNvcnRs6XN0oj24MT54LCJs6Wl1dGVkoj24o4w4bgB06W9uoj17op9wdF90eXB3oj24o4w4bG9v6gVwXgFlZXJmoj24o4w4bG9v6gVwXgRhYpx3oj24o4w4bG9v6gVwXit3eSoIo4osopxvbitlcF9iYWxlZSoIo4osop3zXiR3cGVuZGVuYgk4O4o4LCJzZWx3YgRfbXVsdG3wbGU4O4owo4w46WlhZiVfbXVsdG3wbGU4O4owo4w4bG9v6gVwXiR3cGVuZGVuYg3f6iVmoj24o4w4cGF06F90bl9lcGxvYWQ4O4o4LCJyZXN1epVfdi3kdG54O4o4LCJyZXN1epVf6GV1Zih0oj24o4w4dXBsbiFkXgRmcGU4O4o4LCJ0bi9sdG3woj24o4w4YXR0cp34dXR3oj24o4w4ZXh0ZWmkXiNsYXNzoj24onl9XX0=','{\"title\":{\"id\":\"\"},\"note\":{\"id\":\"\"}}'),(2,'groups','Users Group','View All','Mango Tm','2013-07-10 07:45:14',NULL,'tb_groups','group_id','core','eyJ0YWJsZV9kY4oIonR4XidybgVwcyosonBy6Wlhcn3f6iVmoj246WQ4LCJzcWxfciVsZWN0oj24U0VMRUNUoCBcb3x0dGJfZgJvdXBzLpdybgVwXi3kLFxuXHR0Y39ncp9lcHMubpFtZSxcb3x0dGJfZgJvdXBzLpR3ciNy6XB06W9uLFxuXHR0Y39ncp9lcHMubGViZWxcb3xuXGmGUk9NoHR4XidybgVwcyA4LCJzcWxfdih3cpU4O4o5oFdoRVJFoHR4XidybgVwcymncp9lcF91ZCBJUyBOTlQ5T3VMTCA4LCJzcWxfZgJvdXA4O4o5oCosopdy6WQ4O3t7opZ1ZWxkoj24ZgJvdXBf6WQ4LCJhbG3hcyoIonR4XidybgVwcyosopxhYpVsoj24SUQ4LCJi6WVgoj2xLCJkZXRh6Ww4OjEsonNvcnRhYpx3oj2xLCJzZWFyYi54OjEsopRvdimsbiFkoj2xLCJpcp9IZWa4OjEsond1ZHR2oj24MTAwo4w4YWx1Zia4O4JsZWZ0o4w4ci9ydGx1cgQ4O4owo4w4YXR0cp34dXR3oj17ophmcGVybG3u6yoIeyJhYgR1dpU4OjAsopx1bps4O4o4LCJ0YXJnZXQ4O4JfciVsZ4osoph0bWw4O4o4fSw46WlhZiU4Ons4YWN06XZ3oj2wLCJwYXR2oj24o4w4ci3IZV9aoj24o4w4ci3IZV9moj24o4w46HRtbCoIo4J9fX0seyJp6WVsZCoIopmhbWU4LCJhbG3hcyoIonR4XidybgVwcyosopxhYpVsoj24TpFtZSosonZ1ZXc4OjEsopR3dGF1bCoIMSw4ci9ydGF4bGU4OjEsonN3YXJj6CoIMSw4ZG9gbpxvYWQ4OjEsopZybg13b4oIMSw4di3kdG54O4oxMDA4LCJhbG3nb4oIo4osonNvcnRs6XN0oj24MSosopF0dHJ1YnV0ZSoIeyJ2eXB3cpx1bps4Ons4YWN06XZ3oj2wLCJs6Wmroj24o4w4dGFyZiV0oj24XgN3bGY4LCJ2dGlsoj24on0sop3tYWd3oj17opFjdG3iZSoIMCw4cGF06CoIo4osonN1epVfeCoIo4osonN1epVfeSoIo4osoph0bWw4O4o4fXl9LHs4Zp33bGQ4O4JkZXNjcp3wdG3vb4osopFs6WFzoj24dGJfZgJvdXBzo4w4bGF4ZWw4O4JEZXNjcp3wdG3vb4osonZ1ZXc4OjEsopR3dGF1bCoIMSw4ci9ydGF4bGU4OjEsonN3YXJj6CoIMSw4ZG9gbpxvYWQ4OjEsopZybg13b4oIMSw4di3kdG54O4oxMDA4LCJhbG3nb4oIo4osonNvcnRs6XN0oj24M4osopF0dHJ1YnV0ZSoIeyJ2eXB3cpx1bps4Ons4YWN06XZ3oj2wLCJs6Wmroj24o4w4dGFyZiV0oj24XgN3bGY4LCJ2dGlsoj24on0sop3tYWd3oj17opFjdG3iZSoIMCw4cGF06CoIo4osonN1epVfeCoIo4osonN1epVfeSoIo4osoph0bWw4O4o4fXl9LHs4Zp33bGQ4O4JsZXZ3bCosopFs6WFzoj24dGJfZgJvdXBzo4w4bGF4ZWw4O4JMZXZ3bCosonZ1ZXc4OjEsopR3dGF1bCoIMSw4ci9ydGF4bGU4OjEsonN3YXJj6CoIMSw4ZG9gbpxvYWQ4OjEsopZybg13b4oIMSw4di3kdG54O4oxMDA4LCJhbG3nb4oIopx3ZnQ4LCJzbgJ0bG3zdCoIojM4LCJhdHRy6WJldGU4Ons46H3wZXJs6Wmroj17opFjdG3iZSoIMCw4bG3u6yoIo4osonRhcpd3dCoIo39zZWxpo4w46HRtbCoIo4J9LCJ1bWFnZSoIeyJhYgR1dpU4OjAsonBhdG54O4o4LCJz6X13Xg54O4o4LCJz6X13Xgk4O4o4LCJ2dGlsoj24onl9fV0sopZvcplzoj1beyJp6WVsZCoIopdybgVwXi3ko4w4YWx1YXM4O4J0Y39ncp9lcHM4LCJsYWmndWFnZSoIeyJ1ZCoIo4J9LCJsYWJ3bCoIokdybgVwoE3ko4w4Zp9ybV9ncp9lcCoIo4osonJ3cXV1cpVkoj24MCosonZ1ZXc4OjEsonRmcGU4O4J26WRkZWa4LCJhZGQ4OjEsonN1epU4O4owo4w4ZWR1dCoIMSw4ciVhcpN2oj2wLCJzbgJ0bG3zdCoIojA4LCJs6Wl1dGVkoj24o4w4bgB06W9uoj17op9wdF90eXB3oj24o4w4bG9v6gVwXgFlZXJmoj24o4w4bG9v6gVwXgRhYpx3oj24o4w4bG9v6gVwXit3eSoIo4osopxvbitlcF9iYWxlZSoIo4osop3zXiR3cGVuZGVuYgk4O4o4LCJzZWx3YgRfbXVsdG3wbGU4O4o4LCJ1bWFnZV9tdWx06XBsZSoIo4osopxvbitlcF9kZXB3bpR3bpNmXit3eSoIo4osonBhdGhfdG9fdXBsbiFkoj24o4w4cpVz6X13Xgd1ZHR2oj24o4w4cpVz6X13Xih36Wd2dCoIo4osonVwbG9hZF90eXB3oj24o4w4dG9vbHR1cCoIo4osopF0dHJ1YnV0ZSoIo4osopVadGVuZF9jbGFzcyoIo4J9fSx7opZ1ZWxkoj24bpFtZSosopFs6WFzoj24dGJfZgJvdXBzo4w4bGFuZgVhZiU4Ons46WQ4O4o4fSw4bGF4ZWw4O4JOYWl3o4w4Zp9ybV9ncp9lcCoIo4osonJ3cXV1cpVkoj24cpVxdW3yZWQ4LCJi6WVgoj2xLCJ0eXB3oj24dGVadCosopFkZCoIMSw4ci3IZSoIojA4LCJ3ZG30oj2xLCJzZWFyYi54O4oxo4w4ci9ydGx1cgQ4O4oxo4w4bG3t6XR3ZCoIo4osop9wdG3vb4oIeyJvcHRfdH3wZSoIo4osopxvbitlcF9xdWVyeSoIo4osopxvbitlcF90YWJsZSoIo4osopxvbitlcF9rZXk4O4o4LCJsbi9rdXBfdpFsdWU4O4o4LCJ1cl9kZXB3bpR3bpNmoj24o4w4ciVsZWN0XillbHR1cGx3oj24o4w46WlhZiVfbXVsdG3wbGU4O4o4LCJsbi9rdXBfZGVwZWmkZWmjeV9rZXk4O4o4LCJwYXR2XgRvXgVwbG9hZCoIo4osonJ3ci3IZV9g6WR06CoIo4osonJ3ci3IZV92ZW3n6HQ4O4o4LCJlcGxvYWRfdH3wZSoIo4osonRvbix06XA4O4o4LCJhdHRy6WJldGU4O4o4LCJ3eHR3bpRfYixhcgM4O4o4fX0seyJp6WVsZCoIopR3ciNy6XB06W9uo4w4YWx1YXM4O4J0Y39ncp9lcHM4LCJsYWmndWFnZSoIeyJ1ZCoIo4J9LCJsYWJ3bCoIokR3ciNy6XB06W9uo4w4Zp9ybV9ncp9lcCoIo4osonJ3cXV1cpVkoj24MCosonZ1ZXc4OjEsonRmcGU4O4J0ZXh0YXJ3YSosopFkZCoIMSw4ci3IZSoIojA4LCJ3ZG30oj2xLCJzZWFyYi54OjAsonNvcnRs6XN0oj24M4osopx1bW30ZWQ4O4o4LCJvcHR1bia4Ons4bgB0XgRmcGU4O4o4LCJsbi9rdXBfcXV3cnk4O4o4LCJsbi9rdXBfdGF4bGU4O4o4LCJsbi9rdXBf6iVmoj24o4w4bG9v6gVwXgZhbHV3oj24o4w46XNfZGVwZWmkZWmjeSoIo4osonN3bGVjdF9tdWx06XBsZSoIo4osop3tYWd3XillbHR1cGx3oj24o4w4bG9v6gVwXiR3cGVuZGVuYg3f6iVmoj24o4w4cGF06F90bl9lcGxvYWQ4O4o4LCJyZXN1epVfdi3kdG54O4o4LCJyZXN1epVf6GV1Zih0oj24o4w4dXBsbiFkXgRmcGU4O4o4LCJ0bi9sdG3woj24o4w4YXR0cp34dXR3oj24o4w4ZXh0ZWmkXiNsYXNzoj24onl9LHs4Zp33bGQ4O4JsZXZ3bCosopFs6WFzoj24dGJfZgJvdXBzo4w4bGF4ZWw4O4JMZXZ3bCosopZvcplfZgJvdXA4O4o4LCJyZXFl6XJ3ZCoIonJ3cXV1cpVko4w4dp33dyoIMSw4dH3wZSoIonR3eHQ4LCJhZGQ4OjEsopVk6XQ4OjEsonN3YXJj6CoIojE4LCJz6X13oj24o4w4ci9ydGx1cgQ4O4ozo4w4bG3t6XR3ZCoIo4osop9wdG3vb4oIeyJvcHRfdH3wZSoIbnVsbCw4bG9v6gVwXgFlZXJmoj24o4w4bG9v6gVwXgRhYpx3oj1udWxsLCJsbi9rdXBf6iVmoj1udWxsLCJsbi9rdXBfdpFsdWU4O4o4LCJ1cl9kZXB3bpR3bpNmoj1udWxsLCJzZWx3YgRfbXVsdG3wbGU4O4owo4w46WlhZiVfbXVsdG3wbGU4O4owo4w4bG9v6gVwXiR3cGVuZGVuYg3f6iVmoj1udWxsLCJwYXR2XgRvXgVwbG9hZCoIo4osonVwbG9hZF90eXB3oj1udWxsLCJyZXN1epVfdi3kdG54O4o4LCJyZXN1epVf6GV1Zih0oj24o4w4dG9vbHR1cCoIo4osopF0dHJ1YnV0ZSoIo4osopVadGVuZF9jbGFzcyoIo4osonByZWZ1eCoIo4osonNlZp3aoj24onl9XX0=','{\"title\":{\"id\":\"\"},\"note\":{\"id\":\"\"}}'),(4,'module','Module Management','All module applications','Mango Tm','2013-08-25 05:58:43',NULL,'tb_module','module_id','core','eyJ0YWJsZV9kY4oIonR4XilvZHVsZSosonBy6Wlhcn3f6iVmoj24bW9kdWx3Xi3ko4w4cgFsXgN3bGVjdCoIo3NFTEVDVCB0Y39tbiRlbGUubW9kdWx3Xi3kLHR4XilvZHVsZSmtbiRlbGVfbpFtZSx0Y39tbiRlbGUubW9kdWx3XgR1dGx3LHR4XilvZHVsZSmtbiRlbGVfbp90ZSx0Y39tbiRlbGUubW9kdWx3XiFldGhvc4x0Y39tbiRlbGUubW9kdWx3XiNyZWF0ZWQsdGJfbW9kdWx3LplvZHVsZV9kZXNjLHR4XilvZHVsZSmtbiRlbGVfZGosdGJfbW9kdWx3LplvZHVsZV9kY39rZXksdGJfbW9kdWx3LplvZHVsZV90eXB3LHR4XilvZHVsZSmncp9lcF91ZCx0Y39tbiRlbGUubW9kdWx3XgBhdG55oEZST005dGJfbW9kdWx3oCosonNxbF9g6GVyZSoIo4A5oFdoRVJFoHR4XilvZHVsZSmtbiRlbGVf6WQ5SVM5Tk9UoEmVTEw5QUmEoGlvZHVsZV9uYWl3oCE9JilvZHVsZSc5oCosonNxbF9ncp9lcCoIo4A5oCA4LCJpbgJtcyoIWgs4Zp33bGQ4O4JtbiRlbGVf6WQ4LCJhbG3hcyoIonR4XilvZHVsZSosopxhYpVsoj24TW9kdWx3oE3ko4w4Zp9ybV9ncp9lcCoIo4osonJ3cXV1cpVkoj24MCosonZ1ZXc4OjEsonRmcGU4O4J26WRkZWa4LCJhZGQ4OpZhbHN3LCJ3ZG30oj1pYWxzZSw4ciVhcpN2oj2wLCJz6X13oj24cgBhbjEyo4w4ci9ydGx1cgQ4O4owo4w4bgB06W9uoj17op9wdF90eXB3oj1pYWxzZSw4bG9v6gVwXgFlZXJmoj24o4w4bG9v6gVwXgRhYpx3oj24o4w4bG9v6gVwXit3eSoIZpFsciUsopxvbitlcF9iYWxlZSoIZpFsciUsop3zXiR3cGVuZGVuYgk4OpZhbHN3LCJsbi9rdXBfZGVwZWmkZWmjeV9rZXk4OpZhbHN3LCJwYXR2XgRvXgVwbG9hZCoIo4osonVwbG9hZF90eXB3oj1pYWxzZSw4dG9vbHR1cCoIo4osopF0dHJ1YnV0ZSoIo4osopVadGVuZF9jbGFzcyoIo4J9fSx7opZ1ZWxkoj24bW9kdWx3XimhbWU4LCJhbG3hcyoIonR4XilvZHVsZSosopxhYpVsoj24TW9kdWx3oEmhbWU4LCJpbgJtXidybgVwoj24o4w4cpVxdW3yZWQ4O4owo4w4dp33dyoIMCw4dH3wZSoIonR3eHQ4LCJhZGQ4O4o4LCJ3ZG30oj24o4w4ciVhcpN2oj2xLCJz6X13oj24cgBhbjEyo4w4ci9ydGx1cgQ4OjEsop9wdG3vb4oIeyJvcHRfdH3wZSoIo4osopxvbitlcF9xdWVyeSoIo4osopxvbitlcF90YWJsZSoIojA4LCJsbi9rdXBf6iVmoj24o4w4bG9v6gVwXgZhbHV3oj24o4w46XNfZGVwZWmkZWmjeSoIo4osopxvbitlcF9kZXB3bpR3bpNmXit3eSoIo4osonBhdGhfdG9fdXBsbiFkoj24o4w4dXBsbiFkXgRmcGU4O4o4LCJ0bi9sdG3woj24o4w4YXR0cp34dXR3oj24o4w4ZXh0ZWmkXiNsYXNzoj24onl9LHs4Zp33bGQ4O4JtbiRlbGVfdG30bGU4LCJhbG3hcyoIonR4XilvZHVsZSosopxhYpVsoj24TW9kdWx3oFR1dGx3o4w4Zp9ybV9ncp9lcCoIo4osonJ3cXV1cpVkoj24MSosonZ1ZXc4OjEsonRmcGU4O4J0ZXh0o4w4YWRkoj24o4w4ZWR1dCoIo4osonN3YXJj6CoIMSw4ci3IZSoIonNwYWaxM4osonNvcnRs6XN0oj2yLCJvcHR1bia4Ons4bgB0XgRmcGU4O4o4LCJsbi9rdXBfcXV3cnk4O4o4LCJsbi9rdXBfdGF4bGU4O4owo4w4bG9v6gVwXit3eSoIo4osopxvbitlcF9iYWxlZSoIo4osop3zXiR3cGVuZGVuYgk4O4o4LCJsbi9rdXBfZGVwZWmkZWmjeV9rZXk4O4o4LCJwYXR2XgRvXgVwbG9hZCoIo4osonVwbG9hZF90eXB3oj24o4w4dG9vbHR1cCoIo4osopF0dHJ1YnV0ZSoIo4osopVadGVuZF9jbGFzcyoIo4J9fSx7opZ1ZWxkoj24bW9kdWx3XimvdGU4LCJhbG3hcyoIonR4XilvZHVsZSosopxhYpVsoj24TW9kdWx3oEmvdGU4LCJpbgJtXidybgVwoj24o4w4cpVxdW3yZWQ4O4o4LCJi6WVgoj24MSosonRmcGU4O4J0ZXh0o4w4YWRkoj24MSosopVk6XQ4O4oxo4w4ciVhcpN2oj24MSosonN1epU4O4JzcGFuMTo4LCJzbgJ0bG3zdCoIMyw4bgB06W9uoj17op9wdF90eXB3oj24o4w4bG9v6gVwXgFlZXJmoj24o4w4bG9v6gVwXgRhYpx3oj24o4w4bG9v6gVwXit3eSoIo4osopxvbitlcF9iYWxlZSoIo4osop3zXiR3cGVuZGVuYgk4O4o4LCJsbi9rdXBfZGVwZWmkZWmjeV9rZXk4O4o4LCJwYXR2XgRvXgVwbG9hZCoIo4osonVwbG9hZF90eXB3oj24o4w4dG9vbHR1cCoIo4osopF0dHJ1YnV0ZSoIo4osopVadGVuZF9jbGFzcyoIo4J9fSx7opZ1ZWxkoj24bW9kdWx3XiFldGhvc4osopFs6WFzoj24dGJfbW9kdWx3o4w4bGF4ZWw4O4JNbiRlbGU5QXV06G9yo4w4Zp9ybV9ncp9lcCoIo4osonJ3cXV1cpVkoj24MCosonZ1ZXc4OjAsonRmcGU4O4J0ZXh0o4w4YWRkoj24o4w4ZWR1dCoIo4osonN3YXJj6CoIMSw4ci3IZSoIonNwYWaxM4osonNvcnRs6XN0oj20LCJvcHR1bia4Ons4bgB0XgRmcGU4O4o4LCJsbi9rdXBfcXV3cnk4O4o4LCJsbi9rdXBfdGF4bGU4O4owo4w4bG9v6gVwXit3eSoIo4osopxvbitlcF9iYWxlZSoIo4osop3zXiR3cGVuZGVuYgk4O4o4LCJsbi9rdXBfZGVwZWmkZWmjeV9rZXk4O4o4LCJwYXR2XgRvXgVwbG9hZCoIo4osonVwbG9hZF90eXB3oj24o4w4dG9vbHR1cCoIo4osopF0dHJ1YnV0ZSoIo4osopVadGVuZF9jbGFzcyoIo4J9fSx7opZ1ZWxkoj24bW9kdWx3XiNyZWF0ZWQ4LCJhbG3hcyoIonR4XilvZHVsZSosopxhYpVsoj24TW9kdWx3oENyZWF0ZWQ4LCJpbgJtXidybgVwoj24o4w4cpVxdW3yZWQ4O4owo4w4dp33dyoIMCw4dH3wZSoIonR3eHRfZGF0ZXR1bWU4LCJhZGQ4O4o4LCJ3ZG30oj24o4w4ciVhcpN2oj2xLCJz6X13oj24cgBhbjEyo4w4ci9ydGx1cgQ4OjUsop9wdG3vb4oIeyJvcHRfdH3wZSoIo4osopxvbitlcF9xdWVyeSoIo4osopxvbitlcF90YWJsZSoIojA4LCJsbi9rdXBf6iVmoj24o4w4bG9v6gVwXgZhbHV3oj24o4w46XNfZGVwZWmkZWmjeSoIo4osopxvbitlcF9kZXB3bpR3bpNmXit3eSoIo4osonBhdGhfdG9fdXBsbiFkoj24o4w4dXBsbiFkXgRmcGU4O4o4LCJ0bi9sdG3woj24o4w4YXR0cp34dXR3oj24o4w4ZXh0ZWmkXiNsYXNzoj24onl9LHs4Zp33bGQ4O4JtbiRlbGVfZGVzYyosopFs6WFzoj24dGJfbW9kdWx3o4w4bGF4ZWw4O4JNbiRlbGU5RGVzYyosopZvcplfZgJvdXA4O4o4LCJyZXFl6XJ3ZCoIojA4LCJi6WVgoj2wLCJ0eXB3oj24dGVadGFyZWE4LCJhZGQ4O4o4LCJ3ZG30oj24o4w4ciVhcpN2oj2xLCJz6X13oj24cgBhbjEyo4w4ci9ydGx1cgQ4OjYsop9wdG3vb4oIeyJvcHRfdH3wZSoIo4osopxvbitlcF9xdWVyeSoIo4osopxvbitlcF90YWJsZSoIojA4LCJsbi9rdXBf6iVmoj24o4w4bG9v6gVwXgZhbHV3oj24o4w46XNfZGVwZWmkZWmjeSoIo4osopxvbitlcF9kZXB3bpR3bpNmXit3eSoIo4osonBhdGhfdG9fdXBsbiFkoj24o4w4dXBsbiFkXgRmcGU4O4o4LCJ0bi9sdG3woj24o4w4YXR0cp34dXR3oj24o4w4ZXh0ZWmkXiNsYXNzoj24onl9LHs4Zp33bGQ4O4JtbiRlbGVfZGo4LCJhbG3hcyoIonR4XilvZHVsZSosopxhYpVsoj24TW9kdWx3oER4o4w4Zp9ybV9ncp9lcCoIo4osonJ3cXV1cpVkoj24MCosonZ1ZXc4OjAsonRmcGU4O4J0ZXh0o4w4YWRkoj24o4w4ZWR1dCoIo4osonN3YXJj6CoIMSw4ci3IZSoIonNwYWaxM4osonNvcnRs6XN0oj2gLCJvcHR1bia4Ons4bgB0XgRmcGU4O4o4LCJsbi9rdXBfcXV3cnk4O4o4LCJsbi9rdXBfdGF4bGU4O4owo4w4bG9v6gVwXit3eSoIo4osopxvbitlcF9iYWxlZSoIo4osop3zXiR3cGVuZGVuYgk4O4o4LCJsbi9rdXBfZGVwZWmkZWmjeV9rZXk4O4o4LCJwYXR2XgRvXgVwbG9hZCoIo4osonVwbG9hZF90eXB3oj24o4w4dG9vbHR1cCoIo4osopF0dHJ1YnV0ZSoIo4osopVadGVuZF9jbGFzcyoIo4J9fSx7opZ1ZWxkoj24bW9kdWx3XiR4Xit3eSosopFs6WFzoj24dGJfbW9kdWx3o4w4bGF4ZWw4O4JNbiRlbGU5RGo5SiVmo4w4Zp9ybV9ncp9lcCoIo4osonJ3cXV1cpVkoj24MCosonZ1ZXc4OjAsonRmcGU4O4J0ZXh0o4w4YWRkoj24o4w4ZWR1dCoIo4osonN3YXJj6CoIMSw4ci3IZSoIonNwYWaxM4osonNvcnRs6XN0oj2aLCJvcHR1bia4Ons4bgB0XgRmcGU4O4o4LCJsbi9rdXBfcXV3cnk4O4o4LCJsbi9rdXBfdGF4bGU4O4owo4w4bG9v6gVwXit3eSoIo4osopxvbitlcF9iYWxlZSoIo4osop3zXiR3cGVuZGVuYgk4O4o4LCJsbi9rdXBfZGVwZWmkZWmjeV9rZXk4O4o4LCJwYXR2XgRvXgVwbG9hZCoIo4osonVwbG9hZF90eXB3oj24o4w4dG9vbHR1cCoIo4osopF0dHJ1YnV0ZSoIo4osopVadGVuZF9jbGFzcyoIo4J9fSx7opZ1ZWxkoj24bW9kdWx3XgRmcGU4LCJhbG3hcyoIonR4XilvZHVsZSosopxhYpVsoj24TW9kdWx3oFRmcGU4LCJpbgJtXidybgVwoj24o4w4cpVxdW3yZWQ4O4owo4w4dp33dyoIMCw4dH3wZSoIonR3eHQ4LCJhZGQ4O4o4LCJ3ZG30oj24o4w4ciVhcpN2oj2xLCJz6X13oj24cgBhbjEyo4w4ci9ydGx1cgQ4Ojksop9wdG3vb4oIeyJvcHRfdH3wZSoIo4osopxvbitlcF9xdWVyeSoIo4osopxvbitlcF90YWJsZSoIojA4LCJsbi9rdXBf6iVmoj24o4w4bG9v6gVwXgZhbHV3oj24o4w46XNfZGVwZWmkZWmjeSoIo4osopxvbitlcF9kZXB3bpR3bpNmXit3eSoIo4osonBhdGhfdG9fdXBsbiFkoj24o4w4dXBsbiFkXgRmcGU4O4o4LCJ0bi9sdG3woj24o4w4YXR0cp34dXR3oj24o4w4ZXh0ZWmkXiNsYXNzoj24onl9LHs4Zp33bGQ4O4Jncp9lcF91ZCosopFs6WFzoj24dGJfbW9kdWx3o4w4bGF4ZWw4O4JNbiRlbGU5RgJvdXA4LCJpbgJtXidybgVwoj24o4w4cpVxdW3yZWQ4O4owo4w4dp33dyoIMSw4dH3wZSoIonN3bGVjdCosopFkZCoIo4osopVk6XQ4O4o4LCJzZWFyYi54OjEsonN1epU4O4JzcGFuMTo4LCJzbgJ0bG3zdCoIMTAsop9wdG3vb4oIeyJvcHRfdH3wZSoIopVadGVybpFso4w4bG9v6gVwXgFlZXJmoj24o4w4bG9v6gVwXgRhYpx3oj24dGJfbW9kdWx3XidybgVwcyosopxvbitlcF9rZXk4O4Jncp9lcF91ZCosopxvbitlcF9iYWxlZSoIopdybgVwXimhbWU4LCJ1cl9kZXB3bpR3bpNmoj24o4w4bG9v6gVwXiR3cGVuZGVuYg3f6iVmoj24o4w4cGF06F90bl9lcGxvYWQ4O4o4LCJlcGxvYWRfdH3wZSoIo4osonRvbix06XA4O4o4LCJhdHRy6WJldGU4O4o4LCJ3eHR3bpRfYixhcgM4O4o4fX0seyJp6WVsZCoIoplvZHVsZV9wYXR2o4w4YWx1YXM4O4J0Y39tbiRlbGU4LCJsYWJ3bCoIoklvZHVsZSBQYXR2o4w4Zp9ybV9ncp9lcCoIo4osonJ3cXV1cpVkoj24o4w4dp33dyoIojE4LCJ0eXB3oj24dGVadGFyZWE4LCJhZGQ4O4oxo4w4ZWR1dCoIojE4LCJzZWFyYi54O4oxo4w4ci3IZSoIonNwYWaxM4osonNvcnRs6XN0oj2xMSw4bgB06W9uoj17op9wdF90eXB3oj24o4w4bG9v6gVwXgFlZXJmoj24o4w4bG9v6gVwXgRhYpx3oj24o4w4bG9v6gVwXit3eSoIo4osopxvbitlcF9iYWxlZSoIo4osop3zXiR3cGVuZGVuYgk4O4o4LCJsbi9rdXBfZGVwZWmkZWmjeV9rZXk4O4o4LCJwYXR2XgRvXgVwbG9hZCoIo4osonVwbG9hZF90eXB3oj24o4w4dG9vbHR1cCoIo4osopF0dHJ1YnV0ZSoIo4osopVadGVuZF9jbGFzcyoIo4J9fV0sopdy6WQ4O3t7opZ1ZWxkoj24bW9kdWx3Xi3ko4w4YWx1YXM4O4J0Y39tbiRlbGU4LCJsYWJ3bCoIoklvZHVsZSBJZCosonZ1ZXc4OjAsopR3dGF1bCoIMSw4ci9ydGF4bGU4OjEsonN3YXJj6CoIMSw4ZG9gbpxvYWQ4OjAsopZybg13b4oIMSw4di3kdG54O4oxMDA4LCJhbG3nb4oIopx3ZnQ4LCJzbgJ0bG3zdCoIojE4LCJhdHRy6WJldGU4Ons46H3wZXJs6Wmroj17opFjdG3iZSoIMCw4bG3u6yoIo4osonRhcpd3dCoIo39zZWxpo4w46HRtbCoIo4J9LCJ1bWFnZSoIeyJhYgR1dpU4OjAsonBhdG54O4o4LCJz6X13Xg54O4o4LCJz6X13Xgk4O4o4LCJ2dGlsoj24onl9fSx7opZ1ZWxkoj24bW9kdWx3XgBhdG54LCJhbG3hcyoIonR4XilvZHVsZSosopxhYpVsoj24QXBwcyosonZ1ZXc4OjEsopR3dGF1bCoIMSw4ci9ydGF4bGU4OjEsonN3YXJj6CoIMSw4ZG9gbpxvYWQ4OjEsopZybg13b4oIMSw4di3kdG54O4oxMDA4LCJhbG3nb4oIopx3ZnQ4LCJzbgJ0bG3zdCoIojo4LCJhdHRy6WJldGU4Ons46H3wZXJs6Wmroj17opFjdG3iZSoIMCw4bG3u6yoIo4osonRhcpd3dCoIo39zZWxpo4w46HRtbCoIo4J9LCJ1bWFnZSoIeyJhYgR1dpU4OjAsonBhdG54O4o4LCJz6X13Xg54O4o4LCJz6X13Xgk4O4o4LCJ2dGlsoj24onl9fSx7opZ1ZWxkoj24bW9kdWx3XimhbWU4LCJhbG3hcyoIonR4XilvZHVsZSosopxhYpVsoj24Qi9udHJvbGx3c4osonZ1ZXc4OjEsopR3dGF1bCoIMSw4ci9ydGF4bGU4OjEsonN3YXJj6CoIMSw4ZG9gbpxvYWQ4OjEsopZybg13b4oIMSw4di3kdG54O4oxMDA4LCJhbG3nb4oIopx3ZnQ4LCJzbgJ0bG3zdCoIojM4LCJhdHRy6WJldGU4Ons46H3wZXJs6Wmroj17opFjdG3iZSoIMCw4bG3u6yoIo4osonRhcpd3dCoIo39zZWxpo4w46HRtbCoIo4J9LCJ1bWFnZSoIeyJhYgR1dpU4OjAsonBhdG54O4o4LCJz6X13Xg54O4o4LCJz6X13Xgk4O4o4LCJ2dGlsoj24onl9fSx7opZ1ZWxkoj24bW9kdWx3XgR1dGx3o4w4YWx1YXM4O4J0Y39tbiRlbGU4LCJsYWJ3bCoIoklvZHVsZSBOYWl3o4w4dp33dyoIMSw4ZGV0YW3soj2xLCJzbgJ0YWJsZSoIMSw4ciVhcpN2oj2xLCJkbgdubG9hZCoIMSw4ZnJvepVuoj2xLCJg6WR06CoIojEyMCosopFs6Wduoj24bGVpdCosonNvcnRs6XN0oj24NCosopF0dHJ1YnV0ZSoIeyJ2eXB3cpx1bps4Ons4YWN06XZ3oj2wLCJs6Wmroj24o4w4dGFyZiV0oj24XgN3bGY4LCJ2dGlsoj24on0sop3tYWd3oj17opFjdG3iZSoIMCw4cGF06CoIo4osonN1epVfeCoIo4osonN1epVfeSoIo4osoph0bWw4O4o4fXl9LHs4Zp33bGQ4O4JtbiRlbGVfbp90ZSosopFs6WFzoj24dGJfbW9kdWx3o4w4bGF4ZWw4O4JObgR3o4w4dp33dyoIMSw4ZGV0YW3soj2xLCJzbgJ0YWJsZSoIMSw4ciVhcpN2oj2xLCJkbgdubG9hZCoIMSw4ZnJvepVuoj2xLCJg6WR06CoIojElMCosopFs6Wduoj24bGVpdCosonNvcnRs6XN0oj24NSosopF0dHJ1YnV0ZSoIeyJ2eXB3cpx1bps4Ons4YWN06XZ3oj2wLCJs6Wmroj24o4w4dGFyZiV0oj24XgN3bGY4LCJ2dGlsoj24on0sop3tYWd3oj17opFjdG3iZSoIMCw4cGF06CoIo4osonN1epVfeCoIo4osonN1epVfeSoIo4osoph0bWw4O4o4fXl9LHs4Zp33bGQ4O4JtbiRlbGVfYXV06G9yo4w4YWx1YXM4O4J0Y39tbiRlbGU4LCJsYWJ3bCoIokFldGhvc4osonZ1ZXc4OjEsopR3dGF1bCoIMSw4ci9ydGF4bGU4OjEsonN3YXJj6CoIMSw4ZG9gbpxvYWQ4OjEsopZybg13b4oIMSw4di3kdG54O4oxMDA4LCJhbG3nb4oIopx3ZnQ4LCJzbgJ0bG3zdCoIojY4LCJhdHRy6WJldGU4Ons46H3wZXJs6Wmroj17opFjdG3iZSoIMCw4bG3u6yoIo4osonRhcpd3dCoIo39zZWxpo4w46HRtbCoIo4J9LCJ1bWFnZSoIeyJhYgR1dpU4OjAsonBhdG54O4o4LCJz6X13Xg54O4o4LCJz6X13Xgk4O4o4LCJ2dGlsoj24onl9fSx7opZ1ZWxkoj24bW9kdWx3XiNyZWF0ZWQ4LCJhbG3hcyoIonR4XilvZHVsZSosopxhYpVsoj24QgJ3YXR3ZCosonZ1ZXc4OjAsopR3dGF1bCoIMSw4ci9ydGF4bGU4OjEsonN3YXJj6CoIMSw4ZG9gbpxvYWQ4OjAsopZybg13b4oIMSw4di3kdG54O4oxMDA4LCJhbG3nb4oIopx3ZnQ4LCJzbgJ0bG3zdCoIojc4LCJhdHRy6WJldGU4Ons46H3wZXJs6Wmroj17opFjdG3iZSoIMCw4bG3u6yoIo4osonRhcpd3dCoIo39zZWxpo4w46HRtbCoIo4J9LCJ1bWFnZSoIeyJhYgR1dpU4OjAsonBhdG54O4o4LCJz6X13Xg54O4o4LCJz6X13Xgk4O4o4LCJ2dGlsoj24onl9fSx7opZ1ZWxkoj24bW9kdWx3XiR3ciM4LCJhbG3hcyoIonR4XilvZHVsZSosopxhYpVsoj24TW9kdWx3oER3ciM4LCJi6WVgoj2wLCJkZXRh6Ww4OjEsonNvcnRhYpx3oj2xLCJzZWFyYi54OjEsopRvdimsbiFkoj2xLCJpcp9IZWa4OjEsond1ZHR2oj24MTAwo4w4YWx1Zia4O4JsZWZ0o4w4ci9ydGx1cgQ4O4oao4w4YXR0cp34dXR3oj17ophmcGVybG3u6yoIeyJhYgR1dpU4OjAsopx1bps4O4o4LCJ0YXJnZXQ4O4JfciVsZ4osoph0bWw4O4o4fSw46WlhZiU4Ons4YWN06XZ3oj2wLCJwYXR2oj24o4w4ci3IZV9aoj24o4w4ci3IZV9moj24o4w46HRtbCoIo4J9fX0seyJp6WVsZCoIoplvZHVsZV9kY4osopFs6WFzoj24dGJfbW9kdWx3o4w4bGF4ZWw4O4JNbiRlbGU5RGo4LCJi6WVgoj2wLCJkZXRh6Ww4OjEsonNvcnRhYpx3oj2xLCJzZWFyYi54OjEsopRvdimsbiFkoj2xLCJpcp9IZWa4OjEsond1ZHR2oj24MTAwo4w4YWx1Zia4O4JsZWZ0o4w4ci9ydGx1cgQ4O4omo4w4YXR0cp34dXR3oj17ophmcGVybG3u6yoIeyJhYgR1dpU4OjAsopx1bps4O4o4LCJ0YXJnZXQ4O4JfciVsZ4osoph0bWw4O4o4fSw46WlhZiU4Ons4YWN06XZ3oj2wLCJwYXR2oj24o4w4ci3IZV9aoj24o4w4ci3IZV9moj24o4w46HRtbCoIo4J9fX0seyJp6WVsZCoIoplvZHVsZV9kY39rZXk4LCJhbG3hcyoIonR4XilvZHVsZSosopxhYpVsoj24TW9kdWx3oER4oEt3eSosonZ1ZXc4OjAsopR3dGF1bCoIMSw4ci9ydGF4bGU4OjEsonN3YXJj6CoIMSw4ZG9gbpxvYWQ4OjEsopZybg13b4oIMSw4di3kdG54O4oxMDA4LCJhbG3nb4oIopx3ZnQ4LCJzbgJ0bG3zdCoIojEwo4w4YXR0cp34dXR3oj17ophmcGVybG3u6yoIeyJhYgR1dpU4OjAsopx1bps4O4o4LCJ0YXJnZXQ4O4JfciVsZ4osoph0bWw4O4o4fSw46WlhZiU4Ons4YWN06XZ3oj2wLCJwYXR2oj24o4w4ci3IZV9aoj24o4w4ci3IZV9moj24o4w46HRtbCoIo4J9fX0seyJp6WVsZCoIoplvZHVsZV90eXB3o4w4YWx1YXM4O4J0Y39tbiRlbGU4LCJsYWJ3bCoIo3RmcGU4LCJi6WVgoj2xLCJkZXRh6Ww4OjEsonNvcnRhYpx3oj2xLCJzZWFyYi54OjEsopRvdimsbiFkoj2xLCJpcp9IZWa4OjEsond1ZHR2oj24MTAwo4w4YWx1Zia4O4JsZWZ0o4w4ci9ydGx1cgQ4O4oxMSosopF0dHJ1YnV0ZSoIeyJ2eXB3cpx1bps4Ons4YWN06XZ3oj2wLCJs6Wmroj24o4w4dGFyZiV0oj24XgN3bGY4LCJ2dGlsoj24on0sop3tYWd3oj17opFjdG3iZSoIMCw4cGF06CoIo4osonN1epVfeCoIo4osonN1epVfeSoIo4osoph0bWw4O4o4fXl9LHs4Zp33bGQ4O4Jncp9lcF91ZCosopFs6WFzoj24dGJfbW9kdWx3o4w4bGF4ZWw4O4JHcp9lcCBJZCosonZ1ZXc4OjAsopR3dGF1bCoIMSw4ci9ydGF4bGU4OjEsonN3YXJj6CoIMSw4ZG9gbpxvYWQ4OjAsopZybg13b4oIMSw4di3kdG54O4oxMDA4LCJhbG3nb4oIopx3ZnQ4LCJzbgJ0bG3zdCoIojEyo4w4YXR0cp34dXR3oj17ophmcGVybG3u6yoIeyJhYgR1dpU4OjAsopx1bps4O4o4LCJ0YXJnZXQ4O4JfciVsZ4osoph0bWw4O4o4fSw46WlhZiU4Ons4YWN06XZ3oj2wLCJwYXR2oj24o4w4ci3IZV9aoj24o4w4ci3IZV9moj24o4w46HRtbCoIo4J9fXldfQ==',NULL),(7,'menu','Menu Management','Manage All Menu','Mango Tm','2014-01-06 08:50:29',NULL,'tb_menu','menu_id','core','eyJ0YWJsZV9kY4oIonR4Xil3bnU4LCJwcp3tYXJmXit3eSoIopl3bnVf6WQ4LCJzcWxfciVsZWN0oj24U0VMRUNUoHR4Xil3bnUuK4A5R3JPTSB0Y39tZWmloCosonNxbF9g6GVyZSoIo4BXSEVSRSB0Y39tZWmlLpl3bnVf6WQ5SVM5Tk9UoEmVTEw4LCJzcWxfZgJvdXA4O4o4LCJncp3koj1beyJp6WVsZCoIopl3bnVf6WQ4LCJhbG3hcyoIonR4Xil3bnU4LCJsYWJ3bCoIokl3bnU5SWQ4LCJi6WVgoj24MCosopR3dGF1bCoIojA4LCJzbgJ0YWJsZSoIojE4LCJzZWFyYi54O4oxo4w4ZG9gbpxvYWQ4O4oxo4w4ZnJvepVuoj24MCosoph1ZGR3b4oIojA4LCJhbG3nb4oIopx3ZnQ4LCJg6WR06CoIojEwMCosonNvcnRs6XN0oj24MCosopF0dHJ1YnV0ZSoIeyJ2eXB3cpx1bps4Ons4YWN06XZ3oj1pYWxzZSw4bG3u6yoIo4osonRhcpd3dCoIo4osoph0bWw4O4o4fSw46WlhZiU4Ons4YWN06XZ3oj1pYWxzZSw4cGF06CoIo4osonN1epVfeCoIo4osonN1epVfeSoIo4osoph0bWw4O4o4fX0sonRmcGU4O4J0ZXh0on0seyJp6WVsZCoIonBhcpVudF91ZCosopFs6WFzoj24dGJfbWVudSosopxhYpVsoj24UGFyZWm0oE3ko4w4dp33dyoIojE4LCJkZXRh6Ww4O4oxo4w4ci9ydGF4bGU4O4oxo4w4ciVhcpN2oj24MSosopRvdimsbiFkoj24MSosopZybg13b4oIojA4LCJ26WRkZWa4O4oxo4w4YWx1Zia4O4JsZWZ0o4w4di3kdG54O4oxMDA4LCJzbgJ0bG3zdCoIojE4LCJhdHRy6WJldGU4Ons46H3wZXJs6Wmroj17opFjdG3iZSoIZpFsciUsopx1bps4O4o4LCJ0YXJnZXQ4O4o4LCJ2dGlsoj24on0sop3tYWd3oj17opFjdG3iZSoIZpFsciUsonBhdG54O4o4LCJz6X13Xg54O4o4LCJz6X13Xgk4O4o4LCJ2dGlsoj24onl9LCJ0eXB3oj24dGVadCJ9LHs4Zp33bGQ4O4JtbiRlbGU4LCJhbG3hcyoIonR4Xil3bnU4LCJsYWJ3bCoIoklvZHVsZSosonZ1ZXc4O4oxo4w4ZGV0YW3soj24MSosonNvcnRhYpx3oj24MSosonN3YXJj6CoIojE4LCJkbgdubG9hZCoIojE4LCJpcp9IZWa4O4owo4w46G3kZGVuoj24MCosopFs6Wduoj24bGVpdCosond1ZHR2oj24MTUwo4w4ci9ydGx1cgQ4O4ozo4w4YXR0cp34dXR3oj17ophmcGVybG3u6yoIeyJhYgR1dpU4OpZhbHN3LCJs6Wmroj24o4w4dGFyZiV0oj24o4w46HRtbCoIo4J9LCJ1bWFnZSoIeyJhYgR1dpU4OpZhbHN3LCJwYXR2oj24o4w4ci3IZV9aoj24o4w4ci3IZV9moj24o4w46HRtbCoIo4J9fSw4dH3wZSoIonR3eHQ4fSx7opZ1ZWxkoj24dXJso4w4YWx1YXM4O4J0Y39tZWmlo4w4bGF4ZWw4O4JVcpw4LCJi6WVgoj24MCosopR3dGF1bCoIojA4LCJzbgJ0YWJsZSoIojE4LCJzZWFyYi54O4oxo4w4ZG9gbpxvYWQ4O4oxo4w4ZnJvepVuoj24MCosoph1ZGR3b4oIojA4LCJhbG3nb4oIopx3ZnQ4LCJg6WR06CoIojEwMCosonNvcnRs6XN0oj24MyosopF0dHJ1YnV0ZSoIeyJ2eXB3cpx1bps4Ons4YWN06XZ3oj1pYWxzZSw4bG3u6yoIo4osonRhcpd3dCoIo4osoph0bWw4O4o4fSw46WlhZiU4Ons4YWN06XZ3oj1pYWxzZSw4cGF06CoIo4osonN1epVfeCoIo4osonN1epVfeSoIo4osoph0bWw4O4o4fX0sonRmcGU4O4J0ZXh0on0seyJp6WVsZCoIopl3bnVfbpFtZSosopFs6WFzoj24dGJfbWVudSosopxhYpVsoj24TWVudSBOYWl3o4w4dp33dyoIojE4LCJkZXRh6Ww4O4oxo4w4ci9ydGF4bGU4O4oxo4w4ciVhcpN2oj24MSosopRvdimsbiFkoj24MSosopZybg13b4oIojA4LCJ26WRkZWa4O4owo4w4YWx1Zia4O4JsZWZ0o4w4di3kdG54O4ozMDA4LCJzbgJ0bG3zdCoIojo4LCJhdHRy6WJldGU4Ons46H3wZXJs6Wmroj17opFjdG3iZSoIZpFsciUsopx1bps4O4o4LCJ0YXJnZXQ4O4o4LCJ2dGlsoj24on0sop3tYWd3oj17opFjdG3iZSoIZpFsciUsonBhdG54O4o4LCJz6X13Xg54O4o4LCJz6X13Xgk4O4o4LCJ2dGlsoj24onl9LCJ0eXB3oj24dGVadCJ9LHs4Zp33bGQ4O4JtZWmlXgRmcGU4LCJhbG3hcyoIonR4Xil3bnU4LCJsYWJ3bCoIokl3bnU5VH3wZSosonZ1ZXc4O4owo4w4ZGV0YW3soj24MCosonNvcnRhYpx3oj24MSosonN3YXJj6CoIojE4LCJkbgdubG9hZCoIojE4LCJpcp9IZWa4O4owo4w46G3kZGVuoj24MCosopFs6Wduoj24bGVpdCosond1ZHR2oj24MTAwo4w4ci9ydGx1cgQ4O4olo4w4YXR0cp34dXR3oj17ophmcGVybG3u6yoIeyJhYgR1dpU4OpZhbHN3LCJs6Wmroj24o4w4dGFyZiV0oj24o4w46HRtbCoIo4J9LCJ1bWFnZSoIeyJhYgR1dpU4OpZhbHN3LCJwYXR2oj24o4w4ci3IZV9aoj24o4w4ci3IZV9moj24o4w46HRtbCoIo4J9fSw4dH3wZSoIonR3eHQ4fSx7opZ1ZWxkoj24cp9sZV91ZCosopFs6WFzoj24dGJfbWVudSosopxhYpVsoj24Up9sZSBJZCosonZ1ZXc4O4owo4w4ZGV0YW3soj24MSosonNvcnRhYpx3oj24MSosonN3YXJj6CoIojE4LCJkbgdubG9hZCoIojE4LCJpcp9IZWa4O4owo4w46G3kZGVuoj24MCosopFs6Wduoj24bGVpdCosond1ZHR2oj24MTAwo4w4ci9ydGx1cgQ4O4oio4w4YXR0cp34dXR3oj17ophmcGVybG3u6yoIeyJhYgR1dpU4OpZhbHN3LCJs6Wmroj24o4w4dGFyZiV0oj24o4w46HRtbCoIo4J9LCJ1bWFnZSoIeyJhYgR1dpU4OpZhbHN3LCJwYXR2oj24o4w4ci3IZV9aoj24o4w4ci3IZV9moj24o4w46HRtbCoIo4J9fSw4dH3wZSoIonR3eHQ4fSx7opZ1ZWxkoj24ZGV3cCosopFs6WFzoj24dGJfbWVudSosopxhYpVsoj24RGV3cCosonZ1ZXc4O4owo4w4ZGV0YW3soj24MSosonNvcnRhYpx3oj24MSosonN3YXJj6CoIojE4LCJkbgdubG9hZCoIojE4LCJpcp9IZWa4O4owo4w46G3kZGVuoj24MCosopFs6Wduoj24bGVpdCosond1ZHR2oj24MTAwo4w4ci9ydGx1cgQ4O4ogo4w4YXR0cp34dXR3oj17ophmcGVybG3u6yoIeyJhYgR1dpU4OpZhbHN3LCJs6Wmroj24o4w4dGFyZiV0oj24o4w46HRtbCoIo4J9LCJ1bWFnZSoIeyJhYgR1dpU4OpZhbHN3LCJwYXR2oj24o4w4ci3IZV9aoj24o4w4ci3IZV9moj24o4w46HRtbCoIo4J9fSw4dH3wZSoIonR3eHQ4fSx7opZ1ZWxkoj24bgJkZXJ1bpc4LCJhbG3hcyoIonR4Xil3bnU4LCJsYWJ3bCoIok9yZCosonZ1ZXc4O4oxo4w4ZGV0YW3soj24MSosonNvcnRhYpx3oj24MSosonN3YXJj6CoIojE4LCJkbgdubG9hZCoIojE4LCJpcp9IZWa4O4owo4w46G3kZGVuoj24MCosopFs6Wduoj24bGVpdCosond1ZHR2oj24NTA4LCJzbgJ0bG3zdCoIoj54LCJhdHRy6WJldGU4Ons46H3wZXJs6Wmroj17opFjdG3iZSoIZpFsciUsopx1bps4O4o4LCJ0YXJnZXQ4O4o4LCJ2dGlsoj24on0sop3tYWd3oj17opFjdG3iZSoIZpFsciUsonBhdG54O4o4LCJz6X13Xg54O4o4LCJz6X13Xgk4O4o4LCJ2dGlsoj24onl9LCJ0eXB3oj24dGVadCJ9LHs4Zp33bGQ4O4JwbgN1dG3vb4osopFs6WFzoj24dGJfbWVudSosopxhYpVsoj24UG9z6XR1bia4LCJi6WVgoj24MCosopR3dGF1bCoIojA4LCJzbgJ0YWJsZSoIojE4LCJzZWFyYi54O4oxo4w4ZG9gbpxvYWQ4O4oxo4w4ZnJvepVuoj24MCosoph1ZGR3b4oIojA4LCJhbG3nb4oIopx3ZnQ4LCJg6WR06CoIojEwMCosonNvcnRs6XN0oj24OSosopF0dHJ1YnV0ZSoIeyJ2eXB3cpx1bps4Ons4YWN06XZ3oj1pYWxzZSw4bG3u6yoIo4osonRhcpd3dCoIo4osoph0bWw4O4o4fSw46WlhZiU4Ons4YWN06XZ3oj1pYWxzZSw4cGF06CoIo4osonN1epVfeCoIo4osonN1epVfeSoIo4osoph0bWw4O4o4fX0sonRmcGU4O4J0ZXh0on0seyJp6WVsZCoIopl3bnVf6WNvbnM4LCJhbG3hcyoIonR4Xil3bnU4LCJsYWJ3bCoIo4BJYi9uo4w4dp33dyoIojE4LCJkZXRh6Ww4O4oxo4w4ci9ydGF4bGU4O4oxo4w4ciVhcpN2oj24MSosopRvdimsbiFkoj24MSosopZybg13b4oIojA4LCJ26WRkZWa4O4owo4w4YWx1Zia4O4JsZWZ0o4w4di3kdG54O4olMCosonNvcnRs6XN0oj24MTA4LCJhdHRy6WJldGU4Ons46H3wZXJs6Wmroj17opFjdG3iZSoIZpFsciUsopx1bps4O4o4LCJ0YXJnZXQ4O4o4LCJ2dGlsoj24on0sop3tYWd3oj17opFjdG3iZSoIZpFsciUsonBhdG54O4o4LCJz6X13Xg54O4o4LCJz6X13Xgk4O4o4LCJ2dGlsoj24onl9LCJ0eXB3oj24dGVadCJ9LHs4Zp33bGQ4O4JhYgR1dpU4LCJhbG3hcyoIonR4Xil3bnU4LCJsYWJ3bCoIokFjdG3iZSosonZ1ZXc4O4oxo4w4ZGV0YW3soj24MSosonNvcnRhYpx3oj24MSosonN3YXJj6CoIojE4LCJkbgdubG9hZCoIojE4LCJpcp9IZWa4O4owo4w46G3kZGVuoj24MCosond1ZHR2oj24NTA4LCJhbG3nb4oIopN3bnR3c4osonNvcnRs6XN0oj24NyosopF0dHJ1YnV0ZSoIeyJ2eXB3cpx1bps4Ons4YWN06XZ3oj1pYWxzZSw4bG3u6yoIo4osonRhcpd3dCoIo4osoph0bWw4O4o4fSw46WlhZiU4Ons4YWN06XZ3oj1pYWxzZSw4cGF06CoIo4osonN1epVfeCoIo4osonN1epVfeSoIo4osoph0bWw4O4o4fX0sonRmcGU4O4J0ZXh0onldLCJpbgJtcyoIWgs4Zp33bGQ4O4JtZWmlXi3ko4w4YWx1YXM4O4J0Y39tZWmlo4w4bGF4ZWw4O4JNZWmloE3ko4w4cpVxdW3yZWQ4O4owo4w4dp33dyoIojE4LCJ0eXB3oj24dGVadCosopFkZCoIojE4LCJ3ZG30oj24MSosonN3YXJj6CoIojE4LCJz6X13oj24cgBhbjEyo4w4ci9ydGx1cgQ4OjAsopZvcplfZgJvdXA4O4o4LCJvcHR1bia4Ons4bgB0XgRmcGU4O4o4LCJsbi9rdXBfcXV3cnk4O4o4LCJsbi9rdXBfdGF4bGU4O4o4LCJsbi9rdXBf6iVmoj24o4w4bG9v6gVwXgZhbHV3oj24o4w46XNfZGVwZWmkZWmjeSoIo4osopxvbitlcF9kZXB3bpR3bpNmXit3eSoIo4osonBhdGhfdG9fdXBsbiFkoj24o4w4dXBsbiFkXgRmcGU4O4o4LCJ0bi9sdG3woj24o4w4YXR0cp34dXR3oj24o4w4ZXh0ZWmkXiNsYXNzoj24onl9LHs4Zp33bGQ4O4JwYXJ3bnRf6WQ4LCJhbG3hcyoIonR4Xil3bnU4LCJsYWJ3bCoIo3BhcpVudCBJZCosonJ3cXV1cpVkoj24MCosonZ1ZXc4O4oxo4w4dH3wZSoIonR3eHQ4LCJhZGQ4O4oxo4w4ZWR1dCoIojE4LCJzZWFyYi54O4oxo4w4ci3IZSoIonNwYWaxM4osonNvcnRs6XN0oj2xLCJpbgJtXidybgVwoj24o4w4bgB06W9uoj17op9wdF90eXB3oj24o4w4bG9v6gVwXgFlZXJmoj24o4w4bG9v6gVwXgRhYpx3oj24o4w4bG9v6gVwXit3eSoIo4osopxvbitlcF9iYWxlZSoIo4osop3zXiR3cGVuZGVuYgk4O4o4LCJsbi9rdXBfZGVwZWmkZWmjeV9rZXk4O4o4LCJwYXR2XgRvXgVwbG9hZCoIo4osonVwbG9hZF90eXB3oj24o4w4dG9vbHR1cCoIo4osopF0dHJ1YnV0ZSoIo4osopVadGVuZF9jbGFzcyoIo4J9fSx7opZ1ZWxkoj24bW9kdWx3o4w4YWx1YXM4O4J0Y39tZWmlo4w4bGF4ZWw4O4JNbiRlbGU4LCJyZXFl6XJ3ZCoIojA4LCJi6WVgoj24MSosonRmcGU4O4J0ZXh0o4w4YWRkoj24MSosopVk6XQ4O4oxo4w4ciVhcpN2oj24MSosonN1epU4O4JzcGFuMTo4LCJzbgJ0bG3zdCoIM4w4Zp9ybV9ncp9lcCoIo4osop9wdG3vb4oIeyJvcHRfdH3wZSoIo4osopxvbitlcF9xdWVyeSoIo4osopxvbitlcF90YWJsZSoIo4osopxvbitlcF9rZXk4O4o4LCJsbi9rdXBfdpFsdWU4O4o4LCJ1cl9kZXB3bpR3bpNmoj24o4w4bG9v6gVwXiR3cGVuZGVuYg3f6iVmoj24o4w4cGF06F90bl9lcGxvYWQ4O4o4LCJlcGxvYWRfdH3wZSoIo4osonRvbix06XA4O4o4LCJhdHRy6WJldGU4O4o4LCJ3eHR3bpRfYixhcgM4O4o4fX0seyJp6WVsZCoIonVybCosopFs6WFzoj24dGJfbWVudSosopxhYpVsoj24VXJso4w4cpVxdW3yZWQ4O4owo4w4dp33dyoIojE4LCJ0eXB3oj24dGVadCosopFkZCoIojE4LCJ3ZG30oj24MSosonN3YXJj6CoIojE4LCJz6X13oj24cgBhbjEyo4w4ci9ydGx1cgQ4OjMsopZvcplfZgJvdXA4O4o4LCJvcHR1bia4Ons4bgB0XgRmcGU4O4o4LCJsbi9rdXBfcXV3cnk4O4o4LCJsbi9rdXBfdGF4bGU4O4o4LCJsbi9rdXBf6iVmoj24o4w4bG9v6gVwXgZhbHV3oj24o4w46XNfZGVwZWmkZWmjeSoIo4osopxvbitlcF9kZXB3bpR3bpNmXit3eSoIo4osonBhdGhfdG9fdXBsbiFkoj24o4w4dXBsbiFkXgRmcGU4O4o4LCJ0bi9sdG3woj24o4w4YXR0cp34dXR3oj24o4w4ZXh0ZWmkXiNsYXNzoj24onl9LHs4Zp33bGQ4O4JtZWmlXimhbWU4LCJhbG3hcyoIonR4Xil3bnU4LCJsYWJ3bCoIokl3bnU5TpFtZSosonJ3cXV1cpVkoj24MCosonZ1ZXc4O4oxo4w4dH3wZSoIonR3eHQ4LCJhZGQ4O4oxo4w4ZWR1dCoIojE4LCJzZWFyYi54O4oxo4w4ci3IZSoIonNwYWaxM4osonNvcnRs6XN0oj20LCJpbgJtXidybgVwoj24o4w4bgB06W9uoj17op9wdF90eXB3oj24o4w4bG9v6gVwXgFlZXJmoj24o4w4bG9v6gVwXgRhYpx3oj24o4w4bG9v6gVwXit3eSoIo4osopxvbitlcF9iYWxlZSoIo4osop3zXiR3cGVuZGVuYgk4O4o4LCJsbi9rdXBfZGVwZWmkZWmjeV9rZXk4O4o4LCJwYXR2XgRvXgVwbG9hZCoIo4osonVwbG9hZF90eXB3oj24o4w4dG9vbHR1cCoIo4osopF0dHJ1YnV0ZSoIo4osopVadGVuZF9jbGFzcyoIo4J9fSx7opZ1ZWxkoj24bWVudV90eXB3o4w4YWx1YXM4O4J0Y39tZWmlo4w4bGF4ZWw4O4JNZWmloFRmcGU4LCJyZXFl6XJ3ZCoIojA4LCJi6WVgoj24MSosonRmcGU4O4J0ZXh0o4w4YWRkoj24MSosopVk6XQ4O4oxo4w4ciVhcpN2oj24MSosonN1epU4O4JzcGFuMTo4LCJzbgJ0bG3zdCoINSw4Zp9ybV9ncp9lcCoIo4osop9wdG3vb4oIeyJvcHRfdH3wZSoIo4osopxvbitlcF9xdWVyeSoIo4osopxvbitlcF90YWJsZSoIo4osopxvbitlcF9rZXk4O4o4LCJsbi9rdXBfdpFsdWU4O4o4LCJ1cl9kZXB3bpR3bpNmoj24o4w4bG9v6gVwXiR3cGVuZGVuYg3f6iVmoj24o4w4cGF06F90bl9lcGxvYWQ4O4o4LCJlcGxvYWRfdH3wZSoIo4osonRvbix06XA4O4o4LCJhdHRy6WJldGU4O4o4LCJ3eHR3bpRfYixhcgM4O4o4fX0seyJp6WVsZCoIonJvbGVf6WQ4LCJhbG3hcyoIonR4Xil3bnU4LCJsYWJ3bCoIo3JvbGU5SWQ4LCJyZXFl6XJ3ZCoIojA4LCJi6WVgoj24MSosonRmcGU4O4J0ZXh0o4w4YWRkoj24MSosopVk6XQ4O4oxo4w4ciVhcpN2oj24MSosonN1epU4O4JzcGFuMTo4LCJzbgJ0bG3zdCoIN4w4Zp9ybV9ncp9lcCoIo4osop9wdG3vb4oIeyJvcHRfdH3wZSoIo4osopxvbitlcF9xdWVyeSoIo4osopxvbitlcF90YWJsZSoIo4osopxvbitlcF9rZXk4O4o4LCJsbi9rdXBfdpFsdWU4O4o4LCJ1cl9kZXB3bpR3bpNmoj24o4w4bG9v6gVwXiR3cGVuZGVuYg3f6iVmoj24o4w4cGF06F90bl9lcGxvYWQ4O4o4LCJlcGxvYWRfdH3wZSoIo4osonRvbix06XA4O4o4LCJhdHRy6WJldGU4O4o4LCJ3eHR3bpRfYixhcgM4O4o4fX0seyJp6WVsZCoIopR3ZXA4LCJhbG3hcyoIonR4Xil3bnU4LCJsYWJ3bCoIokR3ZXA4LCJyZXFl6XJ3ZCoIojA4LCJi6WVgoj24MSosonRmcGU4O4J0ZXh0o4w4YWRkoj24MSosopVk6XQ4O4oxo4w4ciVhcpN2oj24MSosonN1epU4O4JzcGFuMTo4LCJzbgJ0bG3zdCoINyw4Zp9ybV9ncp9lcCoIo4osop9wdG3vb4oIeyJvcHRfdH3wZSoIo4osopxvbitlcF9xdWVyeSoIo4osopxvbitlcF90YWJsZSoIo4osopxvbitlcF9rZXk4O4o4LCJsbi9rdXBfdpFsdWU4O4o4LCJ1cl9kZXB3bpR3bpNmoj24o4w4bG9v6gVwXiR3cGVuZGVuYg3f6iVmoj24o4w4cGF06F90bl9lcGxvYWQ4O4o4LCJlcGxvYWRfdH3wZSoIo4osonRvbix06XA4O4o4LCJhdHRy6WJldGU4O4o4LCJ3eHR3bpRfYixhcgM4O4o4fX0seyJp6WVsZCoIop9yZGVy6Wmno4w4YWx1YXM4O4J0Y39tZWmlo4w4bGF4ZWw4O4JPcpR3cp3uZyosonJ3cXV1cpVkoj24MCosonZ1ZXc4O4oxo4w4dH3wZSoIonR3eHQ4LCJhZGQ4O4oxo4w4ZWR1dCoIojE4LCJzZWFyYi54O4oxo4w4ci3IZSoIonNwYWaxM4osonNvcnRs6XN0oj2aLCJpbgJtXidybgVwoj24o4w4bgB06W9uoj17op9wdF90eXB3oj24o4w4bG9v6gVwXgFlZXJmoj24o4w4bG9v6gVwXgRhYpx3oj24o4w4bG9v6gVwXit3eSoIo4osopxvbitlcF9iYWxlZSoIo4osop3zXiR3cGVuZGVuYgk4O4o4LCJsbi9rdXBfZGVwZWmkZWmjeV9rZXk4O4o4LCJwYXR2XgRvXgVwbG9hZCoIo4osonVwbG9hZF90eXB3oj24o4w4dG9vbHR1cCoIo4osopF0dHJ1YnV0ZSoIo4osopVadGVuZF9jbGFzcyoIo4J9fSx7opZ1ZWxkoj24cG9z6XR1bia4LCJhbG3hcyoIonR4Xil3bnU4LCJsYWJ3bCoIo3Bvci306W9uo4w4cpVxdW3yZWQ4O4owo4w4dp33dyoIojE4LCJ0eXB3oj24dGVadCosopFkZCoIojE4LCJ3ZG30oj24MSosonN3YXJj6CoIojE4LCJz6X13oj24cgBhbjEyo4w4ci9ydGx1cgQ4OjksopZvcplfZgJvdXA4O4o4LCJvcHR1bia4Ons4bgB0XgRmcGU4O4o4LCJsbi9rdXBfcXV3cnk4O4o4LCJsbi9rdXBfdGF4bGU4O4o4LCJsbi9rdXBf6iVmoj24o4w4bG9v6gVwXgZhbHV3oj24o4w46XNfZGVwZWmkZWmjeSoIo4osopxvbitlcF9kZXB3bpR3bpNmXit3eSoIo4osonBhdGhfdG9fdXBsbiFkoj24o4w4dXBsbiFkXgRmcGU4O4o4LCJ0bi9sdG3woj24o4w4YXR0cp34dXR3oj24o4w4ZXh0ZWmkXiNsYXNzoj24onl9LHs4Zp33bGQ4O4JtZWmlXi3jbimzo4w4YWx1YXM4O4J0Y39tZWmlo4w4bGF4ZWw4O4JNZWmloE3jbimzo4w4cpVxdW3yZWQ4O4owo4w4dp33dyoIojE4LCJ0eXB3oj24dGVadCosopFkZCoIojE4LCJ3ZG30oj24MSosonN3YXJj6CoIojE4LCJz6X13oj24cgBhbjEyo4w4ci9ydGx1cgQ4OjEwLCJpbgJtXidybgVwoj24o4w4bgB06W9uoj17op9wdF90eXB3oj24o4w4bG9v6gVwXgFlZXJmoj24o4w4bG9v6gVwXgRhYpx3oj24o4w4bG9v6gVwXit3eSoIo4osopxvbitlcF9iYWxlZSoIo4osop3zXiR3cGVuZGVuYgk4O4o4LCJsbi9rdXBfZGVwZWmkZWmjeV9rZXk4O4o4LCJwYXR2XgRvXgVwbG9hZCoIo4osonVwbG9hZF90eXB3oj24o4w4dG9vbHR1cCoIo4osopF0dHJ1YnV0ZSoIo4osopVadGVuZF9jbGFzcyoIo4J9fSx7opZ1ZWxkoj24YWN06XZ3o4w4YWx1YXM4O4J0Y39tZWmlo4w4bGF4ZWw4O4JBYgR1dpU4LCJyZXFl6XJ3ZCoIojA4LCJi6WVgoj24MSosonRmcGU4O4J0ZXh0o4w4YWRkoj24MSosopVk6XQ4O4oxo4w4ciVhcpN2oj24MSosonN1epU4O4JzcGFuMTo4LCJzbgJ0bG3zdCoIMTEsopZvcplfZgJvdXA4O4o4LCJvcHR1bia4Ons4bgB0XgRmcGU4O4o4LCJsbi9rdXBfcXV3cnk4O4o4LCJsbi9rdXBfdGF4bGU4O4o4LCJsbi9rdXBf6iVmoj24o4w4bG9v6gVwXgZhbHV3oj24o4w46XNfZGVwZWmkZWmjeSoIo4osopxvbitlcF9kZXB3bpR3bpNmXit3eSoIo4osonBhdGhfdG9fdXBsbiFkoj24o4w4dXBsbiFkXgRmcGU4O4o4LCJ0bi9sdG3woj24o4w4YXR0cp34dXR3oj24o4w4ZXh0ZWmkXiNsYXNzoj24onl9XX0=',NULL),(8,'pages','Pages CMS','View all static pages','Mango Tm','2014-03-25 23:33:41',NULL,'tb_pages','pageID','core','eyJ0YWJsZV9kY4oIonR4XgBhZiVzo4w4cHJ1bWFyeV9rZXk4O4JwYWd3SUQ4LCJzcWxfciVsZWN0oj24oFNFTEVDVCB0Y39wYWd3cyaqoEZST005dGJfcGFnZXM5o4w4cgFsXgd2ZXJ3oj24oFdoRVJFoHR4XgBhZiVzLnBhZiVJRCBJUyBOTlQ5T3VMTCosonNxbF9ncp9lcCoIo4osopdy6WQ4O3t7opZ1ZWxkoj24cGFnZU3Eo4w4YWx1YXM4O4J0Y39wYWd3cyosopxhbpdlYWd3oj1bXSw4bGF4ZWw4O4JQYWd3SUQ4LCJi6WVgoj2wLCJkZXRh6Ww4OjAsonNvcnRhYpx3oj2wLCJzZWFyYi54OjEsopRvdimsbiFkoj2wLCJpcp9IZWa4OjEsopx1bW30ZWQ4O4o4LCJg6WR06CoIojEwMCosopFs6Wduoj24bGVpdCosonNvcnRs6XN0oj24MSosopNvbpa4Ons4dpFs6WQ4O4o4LCJkY4oIo4osopt3eSoIo4osopR1cgBsYXk4O4o4fSw4Zp9ybWF0XiFzoj24o4w4Zp9ybWF0XgZhbHV3oj24on0seyJp6WVsZCoIonR1dGx3o4w4YWx1YXM4O4J0Y39wYWd3cyosopxhbpdlYWd3oj1bXSw4bGF4ZWw4O4JU6XRsZSosonZ1ZXc4OjEsopR3dGF1bCoIMSw4ci9ydGF4bGU4OjEsonN3YXJj6CoIMSw4ZG9gbpxvYWQ4OjEsopZybg13b4oIMSw4bG3t6XR3ZCoIo4osond1ZHR2oj24MTAwo4w4YWx1Zia4O4JsZWZ0o4w4ci9ydGx1cgQ4O4oyo4w4Yi9ub4oIeyJiYWx1ZCoIo4osopR4oj24o4w46iVmoj24o4w4ZG3zcGxheSoIo4J9LCJpbgJtYXRfYXM4O4o4LCJpbgJtYXRfdpFsdWU4O4o4fSx7opZ1ZWxkoj24bp90ZSosopFs6WFzoj24dGJfcGFnZXM4LCJsYWmndWFnZSoIWl0sopxhYpVsoj24Tp90ZSosonZ1ZXc4OjAsopR3dGF1bCoIMCw4ci9ydGF4bGU4OjAsonN3YXJj6CoIMSw4ZG9gbpxvYWQ4OjAsopZybg13b4oIMSw4bG3t6XR3ZCoIo4osond1ZHR2oj24MTAwo4w4YWx1Zia4O4JsZWZ0o4w4ci9ydGx1cgQ4O4ozo4w4Yi9ub4oIeyJiYWx1ZCoIo4osopR4oj24o4w46iVmoj24o4w4ZG3zcGxheSoIo4J9LCJpbgJtYXRfYXM4O4o4LCJpbgJtYXRfdpFsdWU4O4o4fSx7opZ1ZWxkoj24YWx1YXM4LCJhbG3hcyoIonR4XgBhZiVzo4w4bGFuZgVhZiU4O3tdLCJsYWJ3bCoIo3NsdWc5XC85QWx1YXM4LCJi6WVgoj2xLCJkZXRh6Ww4OjEsonNvcnRhYpx3oj2xLCJzZWFyYi54OjEsopRvdimsbiFkoj2wLCJpcp9IZWa4OjEsopx1bW30ZWQ4O4o4LCJg6WR06CoIojEwMCosopFs6Wduoj24bGVpdCosonNvcnRs6XN0oj24NCosopNvbpa4Ons4dpFs6WQ4O4o4LCJkY4oIo4osopt3eSoIo4osopR1cgBsYXk4O4o4fSw4Zp9ybWF0XiFzoj24o4w4Zp9ybWF0XgZhbHV3oj24on0seyJp6WVsZCoIopZ1bGVuYWl3o4w4YWx1YXM4O4J0Y39wYWd3cyosopxhbpdlYWd3oj1bXSw4bGF4ZWw4O4JG6Wx3bpFtZSosonZ1ZXc4OjAsopR3dGF1bCoIMSw4ci9ydGF4bGU4OjEsonN3YXJj6CoIMSw4ZG9gbpxvYWQ4OjAsopZybg13b4oIMSw4bG3t6XR3ZCoIo4osond1ZHR2oj24MTAwo4w4YWx1Zia4O4JsZWZ0o4w4ci9ydGx1cgQ4O4olo4w4Yi9ub4oIeyJiYWx1ZCoIo4osopR4oj24o4w46iVmoj24o4w4ZG3zcGxheSoIo4J9LCJpbgJtYXRfYXM4O4o4LCJpbgJtYXRfdpFsdWU4O4o4fSx7opZ1ZWxkoj24cgRhdHVzo4w4YWx1YXM4O4J0Y39wYWd3cyosopxhbpdlYWd3oj1bXSw4bGF4ZWw4O4JTdGF0dXM4LCJi6WVgoj2xLCJkZXRh6Ww4OjEsonNvcnRhYpx3oj2xLCJzZWFyYi54OjEsopRvdimsbiFkoj2wLCJpcp9IZWa4OjEsopx1bW30ZWQ4O4o4LCJg6WR06CoIojEwMCosopFs6Wduoj24bGVpdCosonNvcnRs6XN0oj24N4osopNvbpa4Ons4dpFs6WQ4O4o4LCJkY4oIo4osopt3eSoIo4osopR1cgBsYXk4O4o4fSw4Zp9ybWF0XiFzoj24o4w4Zp9ybWF0XgZhbHV3oj24on0seyJp6WVsZCoIopFjYiVzcyosopFs6WFzoj24dGJfcGFnZXM4LCJsYWmndWFnZSoIWl0sopxhYpVsoj24QWNjZXNzo4w4dp33dyoIMCw4ZGV0YW3soj2wLCJzbgJ0YWJsZSoIMCw4ciVhcpN2oj2xLCJkbgdubG9hZCoIMCw4ZnJvepVuoj2xLCJs6Wl1dGVkoj24o4w4di3kdG54O4oxMDA4LCJhbG3nb4oIopx3ZnQ4LCJzbgJ0bG3zdCoIojc4LCJjbimuoj17onZhbG3koj24o4w4ZGo4O4o4LCJrZXk4O4o4LCJk6XNwbGFmoj24on0sopZvcplhdF9hcyoIo4osopZvcplhdF9iYWxlZSoIo4J9LHs4Zp33bGQ4O4JjcpVhdGVko4w4YWx1YXM4O4J0Y39wYWd3cyosopxhbpdlYWd3oj1bXSw4bGF4ZWw4O4JDcpVhdGVko4w4dp33dyoIMCw4ZGV0YW3soj2wLCJzbgJ0YWJsZSoIMCw4ciVhcpN2oj2xLCJkbgdubG9hZCoIMCw4ZnJvepVuoj2xLCJs6Wl1dGVkoj24o4w4di3kdG54O4oxMDA4LCJhbG3nb4oIopx3ZnQ4LCJzbgJ0bG3zdCoIoj54LCJjbimuoj17onZhbG3koj24o4w4ZGo4O4o4LCJrZXk4O4o4LCJk6XNwbGFmoj24on0sopZvcplhdF9hcyoIo4osopZvcplhdF9iYWxlZSoIo4J9LHs4Zp33bGQ4O4JhbGxvdl9ndWVzdCosopFs6WFzoj24dGJfcGFnZXM4LCJsYWmndWFnZSoIWl0sopxhYpVsoj24QWxsbgc5RgV3cgQ4LCJi6WVgoj2wLCJkZXRh6Ww4OjEsonNvcnRhYpx3oj2xLCJzZWFyYi54OjEsopRvdimsbiFkoj2wLCJpcp9IZWa4OjEsopx1bW30ZWQ4O4o4LCJg6WR06CoIojEwMCosopFs6Wduoj24bGVpdCosonNvcnRs6XN0oj24OSosopNvbpa4Ons4dpFs6WQ4O4owo4w4ZGo4O4o4LCJrZXk4O4o4LCJk6XNwbGFmoj24on0sopZvcplhdF9hcyoIo4osopZvcplhdF9iYWxlZSoIo4J9LHs4Zp33bGQ4O4JlcGRhdGVko4w4YWx1YXM4O4J0Y39wYWd3cyosopxhbpdlYWd3oj1bXSw4bGF4ZWw4O4JVcGRhdGVko4w4dp33dyoIMCw4ZGV0YW3soj2wLCJzbgJ0YWJsZSoIMCw4ciVhcpN2oj2xLCJkbgdubG9hZCoIMCw4ZnJvepVuoj2xLCJs6Wl1dGVkoj24o4w4di3kdG54O4oxMDA4LCJhbG3nb4oIopx3ZnQ4LCJzbgJ0bG3zdCoIojk4LCJjbimuoj17onZhbG3koj24o4w4ZGo4O4o4LCJrZXk4O4o4LCJk6XNwbGFmoj24on0sopZvcplhdF9hcyoIo4osopZvcplhdF9iYWxlZSoIo4J9LHs4Zp33bGQ4O4J0ZWlwbGF0ZSosopFs6WFzoj24dGJfcGFnZXM4LCJsYWmndWFnZSoIWl0sopxhYpVsoj24VGVtcGxhdGU4LCJi6WVgoj2xLCJkZXRh6Ww4OjEsonNvcnRhYpx3oj2xLCJzZWFyYi54OjEsopRvdimsbiFkoj2wLCJpcp9IZWa4OjEsopx1bW30ZWQ4O4o4LCJg6WR06CoIojEwMCosopFs6Wduoj24bGVpdCosonNvcnRs6XN0oj24MTA4LCJjbimuoj17onZhbG3koj24MCosopR4oj24o4w46iVmoj24o4w4ZG3zcGxheSoIo4J9LCJpbgJtYXRfYXM4O4o4LCJpbgJtYXRfdpFsdWU4O4o4fSx7opZ1ZWxkoj24bWV0YWt3eSosopFs6WFzoj24dGJfcGFnZXM4LCJsYWmndWFnZSoIWl0sopxhYpVsoj24TWV0YWt3eSosonZ1ZXc4OjAsopR3dGF1bCoIMSw4ci9ydGF4bGU4OjEsonN3YXJj6CoIMSw4ZG9gbpxvYWQ4OjAsopZybg13b4oIMSw4bG3t6XR3ZCoIo4osond1ZHR2oj24MTAwo4w4YWx1Zia4O4JsZWZ0o4w4ci9ydGx1cgQ4O4oxMSosopNvbpa4Ons4dpFs6WQ4O4owo4w4ZGo4O4o4LCJrZXk4O4o4LCJk6XNwbGFmoj24on0sopZvcplhdF9hcyoIo4osopZvcplhdF9iYWxlZSoIo4J9LHs4Zp33bGQ4O4JtZXRhZGVzYyosopFs6WFzoj24dGJfcGFnZXM4LCJsYWmndWFnZSoIWl0sopxhYpVsoj24TWV0YWR3ciM4LCJi6WVgoj2wLCJkZXRh6Ww4OjEsonNvcnRhYpx3oj2xLCJzZWFyYi54OjEsopRvdimsbiFkoj2wLCJpcp9IZWa4OjEsopx1bW30ZWQ4O4o4LCJg6WR06CoIojEwMCosopFs6Wduoj24bGVpdCosonNvcnRs6XN0oj24MTo4LCJjbimuoj17onZhbG3koj24MCosopR4oj24o4w46iVmoj24o4w4ZG3zcGxheSoIo4J9LCJpbgJtYXRfYXM4O4o4LCJpbgJtYXRfdpFsdWU4O4o4fSx7opZ1ZWxkoj24ZGVpYXVsdCosopFs6WFzoj24dGJfcGFnZXM4LCJsYWmndWFnZSoIWl0sopxhYpVsoj24SG9tZXBhZiU5PyosonZ1ZXc4OjEsopR3dGF1bCoIMSw4ci9ydGF4bGU4OjEsonN3YXJj6CoIMSw4ZG9gbpxvYWQ4OjAsopZybg13b4oIMSw4bG3t6XR3ZCoIo4osond1ZHR2oj24MTAwo4w4YWx1Zia4O4JsZWZ0o4w4ci9ydGx1cgQ4O4oxMyosopNvbpa4Ons4dpFs6WQ4O4owo4w4ZGo4O4o4LCJrZXk4O4o4LCJk6XNwbGFmoj24on0sopZvcplhdF9hcyoIo4osopZvcplhdF9iYWxlZSoIo4J9XSw4Zp9ybXM4O3t7opZ1ZWxkoj24cGFnZU3Eo4w4YWx1YXM4O4J0Y39wYWd3cyosopxhbpdlYWd3oj17op3koj24on0sopxhYpVsoj24UGFnZU3Eo4w4Zp9ybV9ncp9lcCoIo4osonJ3cXV1cpVkoj24MCosonZ1ZXc4OjEsonRmcGU4O4J26WRkZWa4LCJhZGQ4OjEsonN1epU4O4owo4w4ZWR1dCoIMSw4ciVhcpN2oj2wLCJzbgJ0bG3zdCoIojE4LCJs6Wl1dGVkoj24o4w4bgB06W9uoj17op9wdF90eXB3oj24o4w4bG9v6gVwXgFlZXJmoj24o4w4bG9v6gVwXgRhYpx3oj24o4w4bG9v6gVwXit3eSoIo4osopxvbitlcF9iYWxlZSoIo4osop3zXiR3cGVuZGVuYgk4O4o4LCJzZWx3YgRfbXVsdG3wbGU4O4o4LCJ1bWFnZV9tdWx06XBsZSoIo4osopxvbitlcF9kZXB3bpR3bpNmXit3eSoIo4osonBhdGhfdG9fdXBsbiFkoj24o4w4cpVz6X13Xgd1ZHR2oj24o4w4cpVz6X13Xih36Wd2dCoIo4osonVwbG9hZF90eXB3oj24o4w4dG9vbHR1cCoIo4osopF0dHJ1YnV0ZSoIo4osopVadGVuZF9jbGFzcyoIo4J9fSx7opZ1ZWxkoj24dG30bGU4LCJhbG3hcyoIonR4XgBhZiVzo4w4bGFuZgVhZiU4Ons46WQ4O4o4fSw4bGF4ZWw4O4JU6XRsZSosopZvcplfZgJvdXA4O4o4LCJyZXFl6XJ3ZCoIonJ3cXV1cpVko4w4dp33dyoIMSw4dH3wZSoIonR3eHQ4LCJhZGQ4OjEsonN1epU4O4owo4w4ZWR1dCoIMSw4ciVhcpN2oj24MSosonNvcnRs6XN0oj24M4osopx1bW30ZWQ4O4o4LCJvcHR1bia4Ons4bgB0XgRmcGU4O4o4LCJsbi9rdXBfcXV3cnk4O4o4LCJsbi9rdXBfdGF4bGU4O4o4LCJsbi9rdXBf6iVmoj24o4w4bG9v6gVwXgZhbHV3oj24o4w46XNfZGVwZWmkZWmjeSoIo4osonN3bGVjdF9tdWx06XBsZSoIo4osop3tYWd3XillbHR1cGx3oj24o4w4bG9v6gVwXiR3cGVuZGVuYg3f6iVmoj24o4w4cGF06F90bl9lcGxvYWQ4O4o4LCJyZXN1epVfdi3kdG54O4o4LCJyZXN1epVf6GV1Zih0oj24o4w4dXBsbiFkXgRmcGU4O4o4LCJ0bi9sdG3woj24o4w4YXR0cp34dXR3oj24o4w4ZXh0ZWmkXiNsYXNzoj24onl9LHs4Zp33bGQ4O4JhbG3hcyosopFs6WFzoj24dGJfcGFnZXM4LCJsYWmndWFnZSoIeyJ1ZCoIo4J9LCJsYWJ3bCoIokFs6WFzo4w4Zp9ybV9ncp9lcCoIo4osonJ3cXV1cpVkoj24YWxwYSosonZ1ZXc4OjEsonRmcGU4O4J0ZXh0o4w4YWRkoj2xLCJz6X13oj24MCosopVk6XQ4OjEsonN3YXJj6CoIMCw4ci9ydGx1cgQ4O4ozo4w4bG3t6XR3ZCoIo4osop9wdG3vb4oIeyJvcHRfdH3wZSoIo4osopxvbitlcF9xdWVyeSoIo4osopxvbitlcF90YWJsZSoIo4osopxvbitlcF9rZXk4O4o4LCJsbi9rdXBfdpFsdWU4O4o4LCJ1cl9kZXB3bpR3bpNmoj24o4w4ciVsZWN0XillbHR1cGx3oj24o4w46WlhZiVfbXVsdG3wbGU4O4o4LCJsbi9rdXBfZGVwZWmkZWmjeV9rZXk4O4o4LCJwYXR2XgRvXgVwbG9hZCoIo4osonJ3ci3IZV9g6WR06CoIo4osonJ3ci3IZV92ZW3n6HQ4O4o4LCJlcGxvYWRfdH3wZSoIo4osonRvbix06XA4O4o4LCJhdHRy6WJldGU4O4o4LCJ3eHR3bpRfYixhcgM4O4o4fX0seyJp6WVsZCoIopZ1bGVuYWl3o4w4YWx1YXM4O4J0Y39wYWd3cyosopxhbpdlYWd3oj17op3koj24on0sopxhYpVsoj24Rp3sZWmhbWU4LCJpbgJtXidybgVwoj24o4w4cpVxdW3yZWQ4O4JhbHBho4w4dp33dyoIMSw4dH3wZSoIonR3eHQ4LCJhZGQ4OjEsonN1epU4O4owo4w4ZWR1dCoIMSw4ciVhcpN2oj2wLCJzbgJ0bG3zdCoIojQ4LCJs6Wl1dGVkoj24o4w4bgB06W9uoj17op9wdF90eXB3oj24o4w4bG9v6gVwXgFlZXJmoj24o4w4bG9v6gVwXgRhYpx3oj24o4w4bG9v6gVwXit3eSoIo4osopxvbitlcF9iYWxlZSoIo4osop3zXiR3cGVuZGVuYgk4O4o4LCJzZWx3YgRfbXVsdG3wbGU4O4o4LCJ1bWFnZV9tdWx06XBsZSoIo4osopxvbitlcF9kZXB3bpR3bpNmXit3eSoIo4osonBhdGhfdG9fdXBsbiFkoj24o4w4cpVz6X13Xgd1ZHR2oj24o4w4cpVz6X13Xih36Wd2dCoIo4osonVwbG9hZF90eXB3oj24o4w4dG9vbHR1cCoIo4osopF0dHJ1YnV0ZSoIo4osopVadGVuZF9jbGFzcyoIo4J9fSx7opZ1ZWxkoj24cgRhdHVzo4w4YWx1YXM4O4J0Y39wYWd3cyosopxhbpdlYWd3oj17op3koj24on0sopxhYpVsoj24UgRhdHVzo4w4Zp9ybV9ncp9lcCoIo4osonJ3cXV1cpVkoj24cpVxdW3yZWQ4LCJi6WVgoj2xLCJ0eXB3oj24dGVadCosopFkZCoIMSw4ci3IZSoIojA4LCJ3ZG30oj2xLCJzZWFyYi54OjAsonNvcnRs6XN0oj24NSosopx1bW30ZWQ4O4o4LCJvcHR1bia4Ons4bgB0XgRmcGU4O4o4LCJsbi9rdXBfcXV3cnk4O4o4LCJsbi9rdXBfdGF4bGU4O4o4LCJsbi9rdXBf6iVmoj24o4w4bG9v6gVwXgZhbHV3oj24o4w46XNfZGVwZWmkZWmjeSoIo4osonN3bGVjdF9tdWx06XBsZSoIo4osop3tYWd3XillbHR1cGx3oj24o4w4bG9v6gVwXiR3cGVuZGVuYg3f6iVmoj24o4w4cGF06F90bl9lcGxvYWQ4O4o4LCJyZXN1epVfdi3kdG54O4o4LCJyZXN1epVf6GV1Zih0oj24o4w4dXBsbiFkXgRmcGU4O4o4LCJ0bi9sdG3woj24o4w4YXR0cp34dXR3oj24o4w4ZXh0ZWmkXiNsYXNzoj24onl9LHs4Zp33bGQ4O4JhYiN3cgM4LCJhbG3hcyoIonR4XgBhZiVzo4w4bGFuZgVhZiU4Ons46WQ4O4o4fSw4bGF4ZWw4O4JBYiN3cgM4LCJpbgJtXidybgVwoj24o4w4cpVxdW3yZWQ4O4JyZXFl6XJ3ZCosonZ1ZXc4OjEsonRmcGU4O4J0ZXh0YXJ3YSosopFkZCoIMSw4ci3IZSoIojA4LCJ3ZG30oj2xLCJzZWFyYi54OjAsonNvcnRs6XN0oj24N4osopx1bW30ZWQ4O4o4LCJvcHR1bia4Ons4bgB0XgRmcGU4O4o4LCJsbi9rdXBfcXV3cnk4O4o4LCJsbi9rdXBfdGF4bGU4O4o4LCJsbi9rdXBf6iVmoj24o4w4bG9v6gVwXgZhbHV3oj24o4w46XNfZGVwZWmkZWmjeSoIo4osonN3bGVjdF9tdWx06XBsZSoIo4osop3tYWd3XillbHR1cGx3oj24o4w4bG9v6gVwXiR3cGVuZGVuYg3f6iVmoj24o4w4cGF06F90bl9lcGxvYWQ4O4o4LCJyZXN1epVfdi3kdG54O4o4LCJyZXN1epVf6GV1Zih0oj24o4w4dXBsbiFkXgRmcGU4O4o4LCJ0bi9sdG3woj24o4w4YXR0cp34dXR3oj24o4w4ZXh0ZWmkXiNsYXNzoj24onl9LHs4Zp33bGQ4O4JjcpVhdGVko4w4YWx1YXM4O4J0Y39wYWd3cyosopxhbpdlYWd3oj17op3koj24on0sopxhYpVsoj24QgJ3YXR3ZCosopZvcplfZgJvdXA4O4o4LCJyZXFl6XJ3ZCoIojA4LCJi6WVgoj2xLCJ0eXB3oj246G3kZGVuo4w4YWRkoj2xLCJz6X13oj24MCosopVk6XQ4OjEsonN3YXJj6CoIMCw4ci9ydGx1cgQ4O4ogo4w4bG3t6XR3ZCoIo4osop9wdG3vb4oIeyJvcHRfdH3wZSoIo4osopxvbitlcF9xdWVyeSoIo4osopxvbitlcF90YWJsZSoIo4osopxvbitlcF9rZXk4O4o4LCJsbi9rdXBfdpFsdWU4O4o4LCJ1cl9kZXB3bpR3bpNmoj24o4w4ciVsZWN0XillbHR1cGx3oj24o4w46WlhZiVfbXVsdG3wbGU4O4o4LCJsbi9rdXBfZGVwZWmkZWmjeV9rZXk4O4o4LCJwYXR2XgRvXgVwbG9hZCoIo4osonJ3ci3IZV9g6WR06CoIo4osonJ3ci3IZV92ZW3n6HQ4O4o4LCJlcGxvYWRfdH3wZSoIo4osonRvbix06XA4O4o4LCJhdHRy6WJldGU4O4o4LCJ3eHR3bpRfYixhcgM4O4o4fX0seyJp6WVsZCoIonVwZGF0ZWQ4LCJhbG3hcyoIonR4XgBhZiVzo4w4bGFuZgVhZiU4Ons46WQ4O4o4fSw4bGF4ZWw4O4JVcGRhdGVko4w4Zp9ybV9ncp9lcCoIo4osonJ3cXV1cpVkoj24MCosonZ1ZXc4OjEsonRmcGU4O4J26WRkZWa4LCJhZGQ4OjEsonN1epU4O4owo4w4ZWR1dCoIMSw4ciVhcpN2oj2wLCJzbgJ0bG3zdCoIoj54LCJs6Wl1dGVkoj24o4w4bgB06W9uoj17op9wdF90eXB3oj24o4w4bG9v6gVwXgFlZXJmoj24o4w4bG9v6gVwXgRhYpx3oj24o4w4bG9v6gVwXit3eSoIo4osopxvbitlcF9iYWxlZSoIo4osop3zXiR3cGVuZGVuYgk4O4o4LCJzZWx3YgRfbXVsdG3wbGU4O4o4LCJ1bWFnZV9tdWx06XBsZSoIo4osopxvbitlcF9kZXB3bpR3bpNmXit3eSoIo4osonBhdGhfdG9fdXBsbiFkoj24o4w4cpVz6X13Xgd1ZHR2oj24o4w4cpVz6X13Xih36Wd2dCoIo4osonVwbG9hZF90eXB3oj24o4w4dG9vbHR1cCoIo4osopF0dHJ1YnV0ZSoIo4osopVadGVuZF9jbGFzcyoIo4J9fSx7opZ1ZWxkoj24YWxsbgdfZgV3cgQ4LCJhbG3hcyoIonR4XgBhZiVzo4w4bGFuZgVhZiU4Ons46WQ4O4o4fSw4bGF4ZWw4O4JBbGxvdyBHdWVzdCosopZvcplfZgJvdXA4O4o4LCJyZXFl6XJ3ZCoIojA4LCJi6WVgoj2xLCJ0eXB3oj24dGVadGFyZWE4LCJhZGQ4OjEsonN1epU4O4owo4w4ZWR1dCoIMSw4ciVhcpN2oj2wLCJzbgJ0bG3zdCoIojk4LCJs6Wl1dGVkoj24o4w4bgB06W9uoj17op9wdF90eXB3oj24o4w4bG9v6gVwXgFlZXJmoj24o4w4bG9v6gVwXgRhYpx3oj24o4w4bG9v6gVwXit3eSoIo4osopxvbitlcF9iYWxlZSoIo4osop3zXiR3cGVuZGVuYgk4O4o4LCJzZWx3YgRfbXVsdG3wbGU4O4o4LCJ1bWFnZV9tdWx06XBsZSoIo4osopxvbitlcF9kZXB3bpR3bpNmXit3eSoIo4osonBhdGhfdG9fdXBsbiFkoj24o4w4cpVz6X13Xgd1ZHR2oj24o4w4cpVz6X13Xih36Wd2dCoIo4osonVwbG9hZF90eXB3oj24o4w4dG9vbHR1cCoIo4osopF0dHJ1YnV0ZSoIo4osopVadGVuZF9jbGFzcyoIo4J9fSx7opZ1ZWxkoj24bp90ZSosopFs6WFzoj24dGJfcGFnZXM4LCJsYWmndWFnZSoIeyJ1ZCoIo4J9LCJsYWJ3bCoIokmvdGU4LCJpbgJtXidybgVwoj24o4w4cpVxdW3yZWQ4O4owo4w4dp33dyoIMCw4dH3wZSoIonR3eHQ4LCJhZGQ4OjEsonN1epU4O4owo4w4ZWR1dCoIMSw4ciVhcpN2oj24MSosonNvcnRs6XN0oj24OSosopx1bW30ZWQ4O4o4LCJvcHR1bia4Ons4bgB0XgRmcGU4O4o4LCJsbi9rdXBfcXV3cnk4O4o4LCJsbi9rdXBfdGF4bGU4O4o4LCJsbi9rdXBf6iVmoj24o4w4bG9v6gVwXgZhbHV3oj24o4w46XNfZGVwZWmkZWmjeSoIo4osonN3bGVjdF9tdWx06XBsZSoIo4osop3tYWd3XillbHR1cGx3oj24o4w4bG9v6gVwXiR3cGVuZGVuYg3f6iVmoj24o4w4cGF06F90bl9lcGxvYWQ4O4o4LCJyZXN1epVfdi3kdG54O4o4LCJyZXN1epVf6GV1Zih0oj24o4w4dXBsbiFkXgRmcGU4O4o4LCJ0bi9sdG3woj24o4w4YXR0cp34dXR3oj24o4w4ZXh0ZWmkXiNsYXNzoj24onl9LHs4Zp33bGQ4O4J0ZWlwbGF0ZSosopFs6WFzoj24dGJfcGFnZXM4LCJsYWmndWFnZSoIeyJ1ZCoIo4J9LCJsYWJ3bCoIo3R3bXBsYXR3o4w4Zp9ybV9ncp9lcCoIo4osonJ3cXV1cpVkoj24MCosonZ1ZXc4OjEsonRmcGU4O4J0ZXh0YXJ3YSosopFkZCoIMSw4ci3IZSoIojA4LCJ3ZG30oj2xLCJzZWFyYi54OjAsonNvcnRs6XN0oj24MTA4LCJs6Wl1dGVkoj24o4w4bgB06W9uoj17op9wdF90eXB3oj24o4w4bG9v6gVwXgFlZXJmoj24o4w4bG9v6gVwXgRhYpx3oj24o4w4bG9v6gVwXit3eSoIo4osopxvbitlcF9iYWxlZSoIo4osop3zXiR3cGVuZGVuYgk4O4o4LCJzZWx3YgRfbXVsdG3wbGU4O4o4LCJ1bWFnZV9tdWx06XBsZSoIo4osopxvbitlcF9kZXB3bpR3bpNmXit3eSoIo4osonBhdGhfdG9fdXBsbiFkoj24o4w4cpVz6X13Xgd1ZHR2oj24o4w4cpVz6X13Xih36Wd2dCoIo4osonVwbG9hZF90eXB3oj24o4w4dG9vbHR1cCoIo4osopF0dHJ1YnV0ZSoIo4osopVadGVuZF9jbGFzcyoIo4J9fSx7opZ1ZWxkoj24bWV0YWt3eSosopFs6WFzoj24dGJfcGFnZXM4LCJsYWmndWFnZSoIeyJ1ZCoIo4J9LCJsYWJ3bCoIokl3dGFrZXk4LCJpbgJtXidybgVwoj24o4w4cpVxdW3yZWQ4O4owo4w4dp33dyoIMSw4dH3wZSoIonR3eHRhcpVho4w4YWRkoj2xLCJz6X13oj24MCosopVk6XQ4OjEsonN3YXJj6CoIMCw4ci9ydGx1cgQ4O4oxMSosopx1bW30ZWQ4O4o4LCJvcHR1bia4Ons4bgB0XgRmcGU4O4o4LCJsbi9rdXBfcXV3cnk4O4o4LCJsbi9rdXBfdGF4bGU4O4o4LCJsbi9rdXBf6iVmoj24o4w4bG9v6gVwXgZhbHV3oj24o4w46XNfZGVwZWmkZWmjeSoIo4osonN3bGVjdF9tdWx06XBsZSoIo4osop3tYWd3XillbHR1cGx3oj24o4w4bG9v6gVwXiR3cGVuZGVuYg3f6iVmoj24o4w4cGF06F90bl9lcGxvYWQ4O4o4LCJyZXN1epVfdi3kdG54O4o4LCJyZXN1epVf6GV1Zih0oj24o4w4dXBsbiFkXgRmcGU4O4o4LCJ0bi9sdG3woj24o4w4YXR0cp34dXR3oj24o4w4ZXh0ZWmkXiNsYXNzoj24onl9LHs4Zp33bGQ4O4JtZXRhZGVzYyosopFs6WFzoj24dGJfcGFnZXM4LCJsYWmndWFnZSoIeyJ1ZCoIo4J9LCJsYWJ3bCoIokl3dGFkZXNjo4w4Zp9ybV9ncp9lcCoIo4osonJ3cXV1cpVkoj24MCosonZ1ZXc4OjEsonRmcGU4O4J0ZXh0YXJ3YSosopFkZCoIMSw4ci3IZSoIojA4LCJ3ZG30oj2xLCJzZWFyYi54OjAsonNvcnRs6XN0oj24MTo4LCJs6Wl1dGVkoj24o4w4bgB06W9uoj17op9wdF90eXB3oj24o4w4bG9v6gVwXgFlZXJmoj24o4w4bG9v6gVwXgRhYpx3oj24o4w4bG9v6gVwXit3eSoIo4osopxvbitlcF9iYWxlZSoIo4osop3zXiR3cGVuZGVuYgk4O4o4LCJzZWx3YgRfbXVsdG3wbGU4O4o4LCJ1bWFnZV9tdWx06XBsZSoIo4osopxvbitlcF9kZXB3bpR3bpNmXit3eSoIo4osonBhdGhfdG9fdXBsbiFkoj24o4w4cpVz6X13Xgd1ZHR2oj24o4w4cpVz6X13Xih36Wd2dCoIo4osonVwbG9hZF90eXB3oj24o4w4dG9vbHR1cCoIo4osopF0dHJ1YnV0ZSoIo4osopVadGVuZF9jbGFzcyoIo4J9fSx7opZ1ZWxkoj24ZGVpYXVsdCosopFs6WFzoj24dGJfcGFnZXM4LCJsYWJ3bCoIokR3ZpFlbHQ4LCJpbgJtXidybgVwoj24o4w4cpVxdW3yZWQ4O4owo4w4dp33dyoIMSw4dH3wZSoIopN2ZWNrYp9ao4w4YWRkoj2xLCJ3ZG30oj2xLCJzZWFyYi54O4owo4w4ci3IZSoIo4osonNvcnRs6XN0oj24MTM4LCJs6Wl1dGVkoj24o4w4bgB06W9uoj17op9wdF90eXB3oj24ZGF0YWx1cgQ4LCJsbi9rdXBfcXV3cnk4O4oxO333cyosopxvbitlcF90YWJsZSoIbnVsbCw4bG9v6gVwXit3eSoIbnVsbCw4bG9v6gVwXgZhbHV3oj24o4w46XNfZGVwZWmkZWmjeSoIbnVsbCw4ciVsZWN0XillbHR1cGx3oj24MCosop3tYWd3XillbHR1cGx3oj24MCosopxvbitlcF9kZXB3bpR3bpNmXit3eSoIbnVsbCw4cGF06F90bl9lcGxvYWQ4O4o4LCJlcGxvYWRfdH3wZSoIbnVsbCw4cpVz6X13Xgd1ZHR2oj24o4w4cpVz6X13Xih36Wd2dCoIo4osonRvbix06XA4O4o4LCJhdHRy6WJldGU4O4o4LCJ3eHR3bpRfYixhcgM4O4o4LCJwcpVp6X54O4o4LCJzdWZ1eCoIo4J9fVl9','{\"title\":{\"id\":\"\"},\"note\":{\"id\":\"\"}}'),(11,'logs','Logs','Users Activity Log','Mango Tm','2014-04-21 23:59:43',NULL,'tb_logs','auditID','core','eyJ0YWJsZV9kY4oIonR4XixvZgM4LCJwcp3tYXJmXit3eSoIopFlZG30SUQ4LCJzcWxfciVsZWN0oj24oFNFTEVDVCB0Y39sbidzL425R3JPTSB0Y39sbidzoCosonNxbF9g6GVyZSoIo4BXSEVSRSB0Y39sbidzLpFlZG30SUQ5SVM5Tk9UoEmVTEw4LCJzcWxfZgJvdXA4O4o4LCJpbgJtXiNvbHVtb4oIM4w4Zp9ybV9sYX3vdXQ4Ons4Yi9sdWluoj2yLCJ06XRsZSoIopxvZgMsciRzZHNko4w4Zp9ybWF0oj24ZgJ1ZCosopR1cgBsYXk4O4J2bgJ1ep9udGFson0sopZvcplzoj1beyJp6WVsZCoIopFlZG30SUQ4LCJhbG3hcyoIonR4XixvZgM4LCJsYWmndWFnZSoIWl0sopxhYpVsoj24QXVk6XRJRCosopZvcplfZgJvdXA4OjAsonJ3cXV1cpVkoj24MCosonZ1ZXc4OjEsonRmcGU4O4J0ZXh0o4w4YWRkoj2xLCJz6X13oj24MCosopVk6XQ4OjEsonN3YXJj6CoIojE4LCJzbgJ0bG3zdCoIMCw4bgB06W9uoj17op9wdF90eXB3oj24o4w4bG9v6gVwXgFlZXJmoj24o4w4bG9v6gVwXgRhYpx3oj24o4w4bG9v6gVwXit3eSoIo4osopxvbitlcF9iYWxlZSoIo4osop3zXiR3cGVuZGVuYgk4O4o4LCJ1cl9tdWx06XBsZSoIo4osopxvbitlcF9kZXB3bpR3bpNmXit3eSoIo4osonBhdGhfdG9fdXBsbiFkoj24o4w4cpVz6X13Xgd1ZHR2oj24o4w4cpVz6X13Xih36Wd2dCoIo4osonVwbG9hZF90eXB3oj24o4w4dG9vbHR1cCoIo4osopF0dHJ1YnV0ZSoIo4osopVadGVuZF9jbGFzcyoIo4J9fSx7opZ1ZWxkoj246XBhZGRyZXNzo4w4YWx1YXM4O4J0Y39sbidzo4w4bGFuZgVhZiU4O3tdLCJsYWJ3bCoIok3wYWRkcpVzcyosopZvcplfZgJvdXA4OjAsonJ3cXV1cpVkoj24MCosonZ1ZXc4OjEsonRmcGU4O4J0ZXh0o4w4YWRkoj2xLCJz6X13oj24MCosopVk6XQ4OjEsonN3YXJj6CoIojE4LCJzbgJ0bG3zdCoIMSw4bgB06W9uoj17op9wdF90eXB3oj24o4w4bG9v6gVwXgFlZXJmoj24o4w4bG9v6gVwXgRhYpx3oj24o4w4bG9v6gVwXit3eSoIo4osopxvbitlcF9iYWxlZSoIo4osop3zXiR3cGVuZGVuYgk4O4o4LCJ1cl9tdWx06XBsZSoIo4osopxvbitlcF9kZXB3bpR3bpNmXit3eSoIo4osonBhdGhfdG9fdXBsbiFkoj24o4w4cpVz6X13Xgd1ZHR2oj24o4w4cpVz6X13Xih36Wd2dCoIo4osonVwbG9hZF90eXB3oj24o4w4dG9vbHR1cCoIo4osopF0dHJ1YnV0ZSoIo4osopVadGVuZF9jbGFzcyoIo4J9fSx7opZ1ZWxkoj24bp90ZSosopFs6WFzoj24dGJfbG9ncyosopxhYpVsoj24Tp90ZSosopZvcplfZgJvdXA4OjAsonJ3cXV1cpVkoj24MCosonZ1ZXc4OjEsonRmcGU4O4J0ZXh0YXJ3YV93ZG30bgo4LCJhZGQ4OjEsopVk6XQ4OjEsonN3YXJj6CoIojE4LCJz6X13oj24o4w4ci9ydGx1cgQ4Ojosop9wdG3vb4oIeyJvcHRfdH3wZSoIbnVsbCw4bG9v6gVwXgFlZXJmoj24o4w4bG9v6gVwXgRhYpx3oj1udWxsLCJsbi9rdXBf6iVmoj1udWxsLCJsbi9rdXBfdpFsdWU4O4o4LCJ1cl9kZXB3bpR3bpNmoj1udWxsLCJ1cl9tdWx06XBsZSoIbnVsbCw4bG9v6gVwXiR3cGVuZGVuYg3f6iVmoj1udWxsLCJwYXR2XgRvXgVwbG9hZCoIo4osonVwbG9hZF90eXB3oj1udWxsLCJyZXN1epVfdi3kdG54O4o4LCJyZXN1epVf6GV1Zih0oj24o4w4dG9vbHR1cCoIo4osopF0dHJ1YnV0ZSoIo4osopVadGVuZF9jbGFzcyoIo4J9fSx7opZ1ZWxkoj24bG9nZGF0ZSosopFs6WFzoj24dGJfbG9ncyosopxhbpdlYWd3oj1bXSw4bGF4ZWw4O4JMbidkYXR3o4w4Zp9ybV9ncp9lcCoIMCw4cpVxdW3yZWQ4O4owo4w4dp33dyoIMSw4dH3wZSoIonR3eHRfZGF0ZXR1bWU4LCJhZGQ4OjEsonN1epU4O4owo4w4ZWR1dCoIMSw4ciVhcpN2oj24MSosonNvcnRs6XN0oj2zLCJvcHR1bia4Ons4bgB0XgRmcGU4O4o4LCJsbi9rdXBfcXV3cnk4O4o4LCJsbi9rdXBfdGF4bGU4O4o4LCJsbi9rdXBf6iVmoj24o4w4bG9v6gVwXgZhbHV3oj24o4w46XNfZGVwZWmkZWmjeSoIo4osop3zXillbHR1cGx3oj24o4w4bG9v6gVwXiR3cGVuZGVuYg3f6iVmoj24o4w4cGF06F90bl9lcGxvYWQ4O4o4LCJyZXN1epVfdi3kdG54O4o4LCJyZXN1epVf6GV1Zih0oj24o4w4dXBsbiFkXgRmcGU4O4o4LCJ0bi9sdG3woj24o4w4YXR0cp34dXR3oj24o4w4ZXh0ZWmkXiNsYXNzoj24onl9LHs4Zp33bGQ4O4JlciVyXi3ko4w4YWx1YXM4O4J0Y39sbidzo4w4bGF4ZWw4O4JVciVycyosopZvcplfZgJvdXA4OjEsonJ3cXV1cpVkoj24MCosonZ1ZXc4OjEsonRmcGU4O4JzZWx3YgQ4LCJhZGQ4OjEsopVk6XQ4OjEsonN3YXJj6CoIojE4LCJz6X13oj24o4w4ci9ydGx1cgQ4OjQsop9wdG3vb4oIeyJvcHRfdH3wZSoIopVadGVybpFso4w4bG9v6gVwXgFlZXJmoj24o4w4bG9v6gVwXgRhYpx3oj24dGJfdXN3cnM4LCJsbi9rdXBf6iVmoj246WQ4LCJsbi9rdXBfdpFsdWU4O4Jp6XJzdF9uYWl3o4w46XNfZGVwZWmkZWmjeSoIbnVsbCw46XNfbXVsdG3wbGU4OpmlbGwsopxvbitlcF9kZXB3bpR3bpNmXit3eSoIo4osonBhdGhfdG9fdXBsbiFkoj24o4w4dXBsbiFkXgRmcGU4OpmlbGwsonJ3ci3IZV9g6WR06CoIo4osonJ3ci3IZV92ZW3n6HQ4O4o4LCJ0bi9sdG3woj24o4w4YXR0cp34dXR3oj24o4w4ZXh0ZWmkXiNsYXNzoj24onl9LHs4Zp33bGQ4O4J0YXNro4w4YWx1YXM4O4J0Y39sbidzo4w4bGFuZgVhZiU4O3tdLCJsYWJ3bCoIo3Rhcis4LCJpbgJtXidybgVwoj2xLCJyZXFl6XJ3ZCoIojA4LCJi6WVgoj2xLCJ0eXB3oj24dGVadCosopFkZCoIMSw4ci3IZSoIojA4LCJ3ZG30oj2xLCJzZWFyYi54O4oxo4w4ci9ydGx1cgQ4OjUsop9wdG3vb4oIeyJvcHRfdH3wZSoIo4osopxvbitlcF9xdWVyeSoIo4osopxvbitlcF90YWJsZSoIo4osopxvbitlcF9rZXk4O4o4LCJsbi9rdXBfdpFsdWU4O4o4LCJ1cl9kZXB3bpR3bpNmoj24o4w46XNfbXVsdG3wbGU4O4o4LCJsbi9rdXBfZGVwZWmkZWmjeV9rZXk4O4o4LCJwYXR2XgRvXgVwbG9hZCoIo4osonJ3ci3IZV9g6WR06CoIo4osonJ3ci3IZV92ZW3n6HQ4O4o4LCJlcGxvYWRfdH3wZSoIo4osonRvbix06XA4O4o4LCJhdHRy6WJldGU4O4o4LCJ3eHR3bpRfYixhcgM4O4o4fX0seyJp6WVsZCoIoplvZHVsZSosopFs6WFzoj24dGJfbG9ncyosopxhbpdlYWd3oj1bXSw4bGF4ZWw4O4JNbiRlbGU4LCJpbgJtXidybgVwoj2xLCJyZXFl6XJ3ZCoIojA4LCJi6WVgoj2xLCJ0eXB3oj24dGVadCosopFkZCoIMSw4ci3IZSoIojA4LCJ3ZG30oj2xLCJzZWFyYi54O4oxo4w4ci9ydGx1cgQ4OjYsop9wdG3vb4oIeyJvcHRfdH3wZSoIo4osopxvbitlcF9xdWVyeSoIo4osopxvbitlcF90YWJsZSoIo4osopxvbitlcF9rZXk4O4o4LCJsbi9rdXBfdpFsdWU4O4o4LCJ1cl9kZXB3bpR3bpNmoj24o4w46XNfbXVsdG3wbGU4O4o4LCJsbi9rdXBfZGVwZWmkZWmjeV9rZXk4O4o4LCJwYXR2XgRvXgVwbG9hZCoIo4osonJ3ci3IZV9g6WR06CoIo4osonJ3ci3IZV92ZW3n6HQ4O4o4LCJlcGxvYWRfdH3wZSoIo4osonRvbix06XA4O4o4LCJhdHRy6WJldGU4O4o4LCJ3eHR3bpRfYixhcgM4O4o4fXldLCJncp3koj1beyJp6WVsZCoIopxvZiRhdGU4LCJhbG3hcyoIonR4XixvZgM4LCJsYWmndWFnZSoIWl0sopxhYpVsoj24TG9nZGF0ZSosonZ1ZXc4OjEsopR3dGF1bCoIMSw4ci9ydGF4bGU4OjEsonN3YXJj6CoIMSw4ZG9gbpxvYWQ4OjEsopZybg13b4oIMSw4bG3t6XR3ZCoIo4osond1ZHR2oj24MTAwo4w4YWx1Zia4O4JsZWZ0o4w4ci9ydGx1cgQ4O4oxo4w4Yi9ub4oIeyJiYWx1ZCoIojA4LCJkY4oIo4osopt3eSoIo4osopR1cgBsYXk4O4o4fSw4Zp9ybWF0XiFzoj24ZGF0ZSosopZvcplhdF9iYWxlZSoIopRcLilcLlk4fSx7opZ1ZWxkoj24YXVk6XRJRCosopFs6WFzoj24dGJfbG9ncyosopxhbpdlYWd3oj1bXSw4bGF4ZWw4O4JBdWR1dE3Eo4w4dp33dyoIMCw4ZGV0YW3soj2wLCJzbgJ0YWJsZSoIMCw4ciVhcpN2oj2xLCJkbgdubG9hZCoIMCw4ZnJvepVuoj2xLCJs6Wl1dGVkoj24o4w4di3kdG54O4oxMDA4LCJhbG3nb4oIopx3ZnQ4LCJzbgJ0bG3zdCoIojo4LCJjbimuoj17onZhbG3koj24MCosopR4oj24o4w46iVmoj24o4w4ZG3zcGxheSoIo4J9LCJpbgJtYXRfYXM4O4o4LCJpbgJtYXRfdpFsdWU4O4o4fSx7opZ1ZWxkoj246XBhZGRyZXNzo4w4YWx1YXM4O4J0Y39sbidzo4w4bGFuZgVhZiU4O3tdLCJsYWJ3bCoIok3QcyosonZ1ZXc4OjEsopR3dGF1bCoIMSw4ci9ydGF4bGU4OjEsonN3YXJj6CoIMSw4ZG9gbpxvYWQ4OjEsopZybg13b4oIMSw4bG3t6XR3ZCoIo4osond1ZHR2oj24MTAwo4w4YWx1Zia4O4JsZWZ0o4w4ci9ydGx1cgQ4O4ozo4w4Yi9ub4oIeyJiYWx1ZCoIojA4LCJkY4oIo4osopt3eSoIo4osopR1cgBsYXk4O4o4fSw4Zp9ybWF0XiFzoj24o4w4Zp9ybWF0XgZhbHV3oj24on0seyJp6WVsZCoIonVzZXJf6WQ4LCJhbG3hcyoIonR4XixvZgM4LCJsYWmndWFnZSoIWl0sopxhYpVsoj24VXN3cnM4LCJi6WVgoj2xLCJkZXRh6Ww4OjEsonNvcnRhYpx3oj2xLCJzZWFyYi54OjEsopRvdimsbiFkoj2xLCJpcp9IZWa4OjEsopx1bW30ZWQ4O4o4LCJg6WR06CoIojEwMCosopFs6Wduoj24bGVpdCosonNvcnRs6XN0oj24NCosopNvbpa4Ons4dpFs6WQ4O4oxo4w4ZGo4O4J0Y39lciVycyosopt3eSoIop3ko4w4ZG3zcGxheSoIopZ1cnN0XimhbWU4fSw4Zp9ybWF0XiFzoj24o4w4Zp9ybWF0XgZhbHV3oj24on0seyJp6WVsZCoIoplvZHVsZSosopFs6WFzoj24dGJfbG9ncyosopxhbpdlYWd3oj1bXSw4bGF4ZWw4O4JNbiRlbGU4LCJi6WVgoj2xLCJkZXRh6Ww4OjEsonNvcnRhYpx3oj2xLCJzZWFyYi54OjEsopRvdimsbiFkoj2xLCJpcp9IZWa4OjEsopx1bW30ZWQ4O4o4LCJg6WR06CoIojEwMCosopFs6Wduoj24bGVpdCosonNvcnRs6XN0oj24NSosopNvbpa4Ons4dpFs6WQ4O4owo4w4ZGo4O4o4LCJrZXk4O4o4LCJk6XNwbGFmoj24on0sopZvcplhdF9hcyoIo4osopZvcplhdF9iYWxlZSoIo4J9LHs4Zp33bGQ4O4J0YXNro4w4YWx1YXM4O4J0Y39sbidzo4w4bGFuZgVhZiU4O3tdLCJsYWJ3bCoIo3Rhcis4LCJi6WVgoj2xLCJkZXRh6Ww4OjEsonNvcnRhYpx3oj2xLCJzZWFyYi54OjEsopRvdimsbiFkoj2xLCJpcp9IZWa4OjEsopx1bW30ZWQ4O4o4LCJg6WR06CoIojEwMCosopFs6Wduoj24bGVpdCosonNvcnRs6XN0oj24N4osopNvbpa4Ons4dpFs6WQ4O4owo4w4ZGo4O4o4LCJrZXk4O4o4LCJk6XNwbGFmoj24on0sopZvcplhdF9hcyoIo4osopZvcplhdF9iYWxlZSoIo4J9LHs4Zp33bGQ4O4JubgR3o4w4YWx1YXM4O4J0Y39sbidzo4w4bGFuZgVhZiU4O3tdLCJsYWJ3bCoIokmvdGU4LCJi6WVgoj2wLCJkZXRh6Ww4OjEsonNvcnRhYpx3oj2xLCJzZWFyYi54OjEsopRvdimsbiFkoj2xLCJpcp9IZWa4OjEsopx1bW30ZWQ4O4o4LCJg6WR06CoIojEwMCosopFs6Wduoj24bGVpdCosonNvcnRs6XN0oj24NyosopNvbpa4Ons4dpFs6WQ4O4owo4w4ZGo4O4o4LCJrZXk4O4o4LCJk6XNwbGFmoj24on0sopZvcplhdF9hcyoIo4osopZvcplhdF9iYWxlZSoIo4J9XX0=','{\"title\":{\"id\":\"\"},\"note\":{\"id\":\"\"}}'),(21,'notification','Notification','View my notification','Mango Tm','2015-07-09 06:20:42',NULL,'tb_notification','id','core','eyJzcWxfciVsZWN0oj24oFNFTEVDVCB0Y39ubgR1Zp3jYXR1biauK4BGUk9NoHR4XimvdG3p6WNhdG3vb4A4LCJzcWxfdih3cpU4O4o5V0hFUkU5dGJfbp906WZ1YiF06W9uLp3koE3ToEmPVCBOVUxMo4w4cgFsXidybgVwoj24o4w4dGF4bGVfZGo4O4J0Y39ubgR1Zp3jYXR1bia4LCJwcp3tYXJmXit3eSoIop3ko4w4ZgJ1ZCoIWgs4Zp33bGQ4O4J1ZCosopFs6WFzoj24dGJfbp906WZ1YiF06W9uo4w4bGFuZgVhZiU4O3tdLCJsYWJ3bCoIok3ko4w4dp33dyoIMCw4ZGV0YW3soj2wLCJzbgJ0YWJsZSoIMCw4ciVhcpN2oj2xLCJkbgdubG9hZCoIMCw4ZnJvepVuoj2xLCJs6Wl1dGVkoj24o4w4di3kdG54O4oxMDA4LCJhbG3nb4oIopx3ZnQ4LCJzbgJ0bG3zdCoIojE4LCJjbimuoj17onZhbG3koj24MCosopR4oj24o4w46iVmoj24o4w4ZG3zcGxheSoIo4J9LCJpbgJtYXRfYXM4O4o4LCJpbgJtYXRfdpFsdWU4O4o4fSx7opZ1ZWxkoj24dXN3cp3ko4w4YWx1YXM4O4J0Y39ubgR1Zp3jYXR1bia4LCJsYWmndWFnZSoIWl0sopxhYpVsoj24VXN3cp3ko4w4dp33dyoIMCw4ZGV0YW3soj2wLCJzbgJ0YWJsZSoIMCw4ciVhcpN2oj2xLCJkbgdubG9hZCoIMCw4ZnJvepVuoj2xLCJs6Wl1dGVkoj24o4w4di3kdG54O4oxMDA4LCJhbG3nb4oIopx3ZnQ4LCJzbgJ0bG3zdCoIojo4LCJjbimuoj17onZhbG3koj24MCosopR4oj24o4w46iVmoj24o4w4ZG3zcGxheSoIo4J9LCJpbgJtYXRfYXM4O4o4LCJpbgJtYXRfdpFsdWU4O4o4fSx7opZ1ZWxkoj24dXJso4w4YWx1YXM4O4J0Y39ubgR1Zp3jYXR1bia4LCJsYWmndWFnZSoIWl0sopxhYpVsoj24VXJso4w4dp33dyoIMSw4ZGV0YW3soj2xLCJzbgJ0YWJsZSoIMSw4ciVhcpN2oj2xLCJkbgdubG9hZCoIMSw4ZnJvepVuoj2xLCJs6Wl1dGVkoj24o4w4di3kdG54O4oxMDA4LCJhbG3nb4oIopx3ZnQ4LCJzbgJ0bG3zdCoIojQ4LCJjbimuoj17onZhbG3koj24MCosopR4oj24o4w46iVmoj24o4w4ZG3zcGxheSoIo4J9LCJpbgJtYXRfYXM4O4o4LCJpbgJtYXRfdpFsdWU4O4o4fSx7opZ1ZWxkoj24bp90ZSosopFs6WFzoj24dGJfbp906WZ1YiF06W9uo4w4bGFuZgVhZiU4O3tdLCJsYWJ3bCoIokmvdGU4LCJi6WVgoj2xLCJkZXRh6Ww4OjEsonNvcnRhYpx3oj2xLCJzZWFyYi54OjEsopRvdimsbiFkoj2xLCJpcp9IZWa4OjEsopx1bW30ZWQ4O4o4LCJg6WR06CoIojEwMCosopFs6Wduoj24bGVpdCosonNvcnRs6XN0oj24NSosopNvbpa4Ons4dpFs6WQ4O4owo4w4ZGo4O4o4LCJrZXk4O4o4LCJk6XNwbGFmoj24on0sopZvcplhdF9hcyoIo4osopZvcplhdF9iYWxlZSoIo4J9LHs4Zp33bGQ4O4JjcpVhdGVko4w4YWx1YXM4O4J0Y39ubgR1Zp3jYXR1bia4LCJsYWmndWFnZSoIWl0sopxhYpVsoj24RGF0ZSosonZ1ZXc4OjEsopR3dGF1bCoIMSw4ci9ydGF4bGU4OjEsonN3YXJj6CoIMSw4ZG9gbpxvYWQ4OjEsopZybg13b4oIMSw4bG3t6XR3ZCoIo4osond1ZHR2oj24MTAwo4w4YWx1Zia4O4JsZWZ0o4w4ci9ydGx1cgQ4O4ozo4w4Yi9ub4oIeyJiYWx1ZCoIojA4LCJkY4oIo4osopt3eSoIo4osopR1cgBsYXk4O4o4fSw4Zp9ybWF0XiFzoj24o4w4Zp9ybWF0XgZhbHV3oj24on0seyJp6WVsZCoIop3jbia4LCJhbG3hcyoIonR4XimvdG3p6WNhdG3vb4osopxhbpdlYWd3oj1bXSw4bGF4ZWw4O4JJYi9uo4w4dp33dyoIMCw4ZGV0YW3soj2wLCJzbgJ0YWJsZSoIMCw4ciVhcpN2oj2xLCJkbgdubG9hZCoIMCw4ZnJvepVuoj2xLCJs6Wl1dGVkoj24o4w4di3kdG54O4oxMDA4LCJhbG3nb4oIopx3ZnQ4LCJzbgJ0bG3zdCoIojY4LCJjbimuoj17onZhbG3koj24MCosopR4oj24o4w46iVmoj24o4w4ZG3zcGxheSoIo4J9LCJpbgJtYXRfYXM4O4o4LCJpbgJtYXRfdpFsdWU4O4o4fSx7opZ1ZWxkoj246XNfcpVhZCosopFs6WFzoj24dGJfbp906WZ1YiF06W9uo4w4bGFuZgVhZiU4O3tdLCJsYWJ3bCoIok3zoFJ3YWQ4LCJi6WVgoj2wLCJkZXRh6Ww4OjAsonNvcnRhYpx3oj2wLCJzZWFyYi54OjEsopRvdimsbiFkoj2wLCJpcp9IZWa4OjEsopx1bW30ZWQ4O4o4LCJg6WR06CoIojEwMCosopFs6Wduoj24bGVpdCosonNvcnRs6XN0oj24NyosopNvbpa4Ons4dpFs6WQ4O4owo4w4ZGo4O4o4LCJrZXk4O4o4LCJk6XNwbGFmoj24on0sopZvcplhdF9hcyoIo4osopZvcplhdF9iYWxlZSoIo4J9XSw4Zp9ybXM4O3t7opZ1ZWxkoj246WQ4LCJhbG3hcyoIonR4XimvdG3p6WNhdG3vb4osopxhbpdlYWd3oj1bXSw4bGF4ZWw4O4JJZCosopZvcplfZgJvdXA4O4o4LCJyZXFl6XJ3ZCoIojA4LCJi6WVgoj2wLCJ0eXB3oj24dGVadCosopFkZCoIMSw4ci3IZSoIojA4LCJ3ZG30oj2xLCJzZWFyYi54OjAsonNvcnRs6XN0oj24MSosopx1bW30ZWQ4O4o4LCJvcHR1bia4Ons4bgB0XgRmcGU4O4o4LCJsbi9rdXBfcXV3cnk4O4o4LCJsbi9rdXBfdGF4bGU4O4o4LCJsbi9rdXBf6iVmoj24o4w4bG9v6gVwXgZhbHV3oj24o4w46XNfZGVwZWmkZWmjeSoIo4osonN3bGVjdF9tdWx06XBsZSoIojA4LCJ1bWFnZV9tdWx06XBsZSoIojA4LCJsbi9rdXBfZGVwZWmkZWmjeV9rZXk4O4o4LCJwYXR2XgRvXgVwbG9hZCoIo4osonJ3ci3IZV9g6WR06CoIo4osonJ3ci3IZV92ZW3n6HQ4O4o4LCJlcGxvYWRfdH3wZSoIo4osonRvbix06XA4O4o4LCJhdHRy6WJldGU4O4o4LCJ3eHR3bpRfYixhcgM4O4o4LCJwcpVp6X54O4o4LCJzdWZ1eCoIo4J9fSx7opZ1ZWxkoj24dXN3cp3ko4w4YWx1YXM4O4J0Y39ubgR1Zp3jYXR1bia4LCJsYWmndWFnZSoIWl0sopxhYpVsoj24VXN3cp3ko4w4Zp9ybV9ncp9lcCoIo4osonJ3cXV1cpVkoj24MCosonZ1ZXc4OjAsonRmcGU4O4J0ZXh0o4w4YWRkoj2xLCJz6X13oj24MCosopVk6XQ4OjEsonN3YXJj6CoIMCw4ci9ydGx1cgQ4O4oyo4w4bG3t6XR3ZCoIo4osop9wdG3vb4oIeyJvcHRfdH3wZSoIo4osopxvbitlcF9xdWVyeSoIo4osopxvbitlcF90YWJsZSoIo4osopxvbitlcF9rZXk4O4o4LCJsbi9rdXBfdpFsdWU4O4o4LCJ1cl9kZXB3bpR3bpNmoj24o4w4ciVsZWN0XillbHR1cGx3oj24MCosop3tYWd3XillbHR1cGx3oj24MCosopxvbitlcF9kZXB3bpR3bpNmXit3eSoIo4osonBhdGhfdG9fdXBsbiFkoj24o4w4cpVz6X13Xgd1ZHR2oj24o4w4cpVz6X13Xih36Wd2dCoIo4osonVwbG9hZF90eXB3oj24o4w4dG9vbHR1cCoIo4osopF0dHJ1YnV0ZSoIo4osopVadGVuZF9jbGFzcyoIo4osonByZWZ1eCoIo4osonNlZp3aoj24onl9LHs4Zp33bGQ4O4Jlcpw4LCJhbG3hcyoIonR4XimvdG3p6WNhdG3vb4osopxhbpdlYWd3oj1bXSw4bGF4ZWw4O4JVcpw4LCJpbgJtXidybgVwoj24o4w4cpVxdW3yZWQ4O4owo4w4dp33dyoIMSw4dH3wZSoIonR3eHQ4LCJhZGQ4OjEsonN1epU4O4owo4w4ZWR1dCoIMSw4ciVhcpN2oj2wLCJzbgJ0bG3zdCoIojQ4LCJs6Wl1dGVkoj24o4w4bgB06W9uoj17op9wdF90eXB3oj24o4w4bG9v6gVwXgFlZXJmoj24o4w4bG9v6gVwXgRhYpx3oj24o4w4bG9v6gVwXit3eSoIo4osopxvbitlcF9iYWxlZSoIo4osop3zXiR3cGVuZGVuYgk4O4o4LCJzZWx3YgRfbXVsdG3wbGU4O4owo4w46WlhZiVfbXVsdG3wbGU4O4owo4w4bG9v6gVwXiR3cGVuZGVuYg3f6iVmoj24o4w4cGF06F90bl9lcGxvYWQ4O4o4LCJyZXN1epVfdi3kdG54O4o4LCJyZXN1epVf6GV1Zih0oj24o4w4dXBsbiFkXgRmcGU4O4o4LCJ0bi9sdG3woj24o4w4YXR0cp34dXR3oj24o4w4ZXh0ZWmkXiNsYXNzoj24o4w4cHJ3Zp3aoj24o4w4cgVp6X54O4o4fX0seyJp6WVsZCoIopmvdGU4LCJhbG3hcyoIonR4XimvdG3p6WNhdG3vb4osopxhbpdlYWd3oj1bXSw4bGF4ZWw4O4JObgR3o4w4Zp9ybV9ncp9lcCoIo4osonJ3cXV1cpVkoj24MCosonZ1ZXc4OjEsonRmcGU4O4J0ZXh0o4w4YWRkoj2xLCJz6X13oj24MCosopVk6XQ4OjEsonN3YXJj6CoIojE4LCJzbgJ0bG3zdCoIojU4LCJs6Wl1dGVkoj24o4w4bgB06W9uoj17op9wdF90eXB3oj24o4w4bG9v6gVwXgFlZXJmoj24o4w4bG9v6gVwXgRhYpx3oj24o4w4bG9v6gVwXit3eSoIo4osopxvbitlcF9iYWxlZSoIo4osop3zXiR3cGVuZGVuYgk4O4o4LCJzZWx3YgRfbXVsdG3wbGU4O4owo4w46WlhZiVfbXVsdG3wbGU4O4owo4w4bG9v6gVwXiR3cGVuZGVuYg3f6iVmoj24o4w4cGF06F90bl9lcGxvYWQ4O4o4LCJyZXN1epVfdi3kdG54O4o4LCJyZXN1epVf6GV1Zih0oj24o4w4dXBsbiFkXgRmcGU4O4o4LCJ0bi9sdG3woj24o4w4YXR0cp34dXR3oj24o4w4ZXh0ZWmkXiNsYXNzoj24o4w4cHJ3Zp3aoj24o4w4cgVp6X54O4o4fX0seyJp6WVsZCoIopNyZWF0ZWQ4LCJhbG3hcyoIonR4XimvdG3p6WNhdG3vb4osopxhYpVsoj24RGF0ZSosopZvcplfZgJvdXA4O4o4LCJyZXFl6XJ3ZCoIojA4LCJi6WVgoj2xLCJ0eXB3oj24dGVadF9kYXR3o4w4YWRkoj2xLCJ3ZG30oj2xLCJzZWFyYi54O4oxo4w4ci3IZSoIo4osonNvcnRs6XN0oj24Myosopx1bW30ZWQ4O4o4LCJvcHR1bia4Ons4bgB0XgRmcGU4OpmlbGwsopxvbitlcF9xdWVyeSoIo4osopxvbitlcF90YWJsZSoIbnVsbCw4bG9v6gVwXit3eSoIbnVsbCw4bG9v6gVwXgZhbHV3oj24o4w46XNfZGVwZWmkZWmjeSoIbnVsbCw4ciVsZWN0XillbHR1cGx3oj24MCosop3tYWd3XillbHR1cGx3oj24MCosopxvbitlcF9kZXB3bpR3bpNmXit3eSoIbnVsbCw4cGF06F90bl9lcGxvYWQ4O4o4LCJlcGxvYWRfdH3wZSoIbnVsbCw4cpVz6X13Xgd1ZHR2oj24o4w4cpVz6X13Xih36Wd2dCoIo4osonRvbix06XA4O4o4LCJhdHRy6WJldGU4O4o4LCJ3eHR3bpRfYixhcgM4O4o4LCJwcpVp6X54O4o4LCJzdWZ1eCoIo4J9fSx7opZ1ZWxkoj246WNvb4osopFs6WFzoj24dGJfbp906WZ1YiF06W9uo4w4bGFuZgVhZiU4O3tdLCJsYWJ3bCoIok3jbia4LCJpbgJtXidybgVwoj24o4w4cpVxdW3yZWQ4O4owo4w4dp33dyoIMCw4dH3wZSoIonR3eHQ4LCJhZGQ4OjEsonN1epU4O4owo4w4ZWR1dCoIMSw4ciVhcpN2oj2wLCJzbgJ0bG3zdCoIojY4LCJs6Wl1dGVkoj24o4w4bgB06W9uoj17op9wdF90eXB3oj24o4w4bG9v6gVwXgFlZXJmoj24o4w4bG9v6gVwXgRhYpx3oj24o4w4bG9v6gVwXit3eSoIo4osopxvbitlcF9iYWxlZSoIo4osop3zXiR3cGVuZGVuYgk4O4o4LCJzZWx3YgRfbXVsdG3wbGU4O4owo4w46WlhZiVfbXVsdG3wbGU4O4owo4w4bG9v6gVwXiR3cGVuZGVuYg3f6iVmoj24o4w4cGF06F90bl9lcGxvYWQ4O4o4LCJyZXN1epVfdi3kdG54O4o4LCJyZXN1epVf6GV1Zih0oj24o4w4dXBsbiFkXgRmcGU4O4o4LCJ0bi9sdG3woj24o4w4YXR0cp34dXR3oj24o4w4ZXh0ZWmkXiNsYXNzoj24o4w4cHJ3Zp3aoj24o4w4cgVp6X54O4o4fX0seyJp6WVsZCoIop3zXgJ3YWQ4LCJhbG3hcyoIonR4XimvdG3p6WNhdG3vb4osopxhbpdlYWd3oj1bXSw4bGF4ZWw4O4JJcyBSZWFko4w4Zp9ybV9ncp9lcCoIo4osonJ3cXV1cpVkoj24MCosonZ1ZXc4OjAsonRmcGU4O4J0ZXh0o4w4YWRkoj2xLCJz6X13oj24MCosopVk6XQ4OjEsonN3YXJj6CoIMCw4ci9ydGx1cgQ4O4ogo4w4bG3t6XR3ZCoIo4osop9wdG3vb4oIeyJvcHRfdH3wZSoIo4osopxvbitlcF9xdWVyeSoIo4osopxvbitlcF90YWJsZSoIo4osopxvbitlcF9rZXk4O4o4LCJsbi9rdXBfdpFsdWU4O4o4LCJ1cl9kZXB3bpR3bpNmoj24o4w4ciVsZWN0XillbHR1cGx3oj24MCosop3tYWd3XillbHR1cGx3oj24MCosopxvbitlcF9kZXB3bpR3bpNmXit3eSoIo4osonBhdGhfdG9fdXBsbiFkoj24o4w4cpVz6X13Xgd1ZHR2oj24o4w4cpVz6X13Xih36Wd2dCoIo4osonVwbG9hZF90eXB3oj24o4w4dG9vbHR1cCoIo4osopF0dHJ1YnV0ZSoIo4osopVadGVuZF9jbGFzcyoIo4osonByZWZ1eCoIo4osonNlZp3aoj24onl9XX0=',NULL),(24,'posts','Posts Articles','View All','Mango Tm','2016-08-20 00:14:44',NULL,'tb_pages','pageID','core','eyJ0YWJsZV9kY4oIonR4XgBhZiVzo4w4cHJ1bWFyeV9rZXk4O4JwYWd3SUQ4LCJpbgJtXiNvbHVtb4oIM4w4Zp9ybV9sYX3vdXQ4Ons4Yi9sdWluoj2yLCJ06XRsZSoIo3BvcgQ5Qi9udGVudCxQbgN0oER3dGF1bCosopZvcplhdCoIopdy6WQ4LCJk6XNwbGFmoj24dpVydG3jYWw4fSw4cgFsXgN3bGVjdCoIo4BTRUxFQlQ5dGJfcGFnZXMuK4AsoENPVUmUKGNvbWl3bnRJRCk5QVM5Yi9tbWVudHM5R3JPTSB0Y39wYWd3cyBcc3xuoExFR3Q5Sk9JT4B0Y39jbiltZWm0cyBPT4B0Y39jbiltZWm0cymwYWd3SUQ5PSB0Y39wYWd3cymwYWd3SUQ4LCJzcWxfdih3cpU4O4o5V0hFUkU5dGJfcGFnZXMucGFnZU3EoE3ToEmPVCBOVUxMoEFORCBwYWd3dH3wZSA9oCdwbgN0JyosonNxbF9ncp9lcCoIokdSTlVQoEJZoHR4XgBhZiVzLnBhZiVJRCosopdy6WQ4O3t7opZ1ZWxkoj24YgJ3YXR3ZCosopFs6WFzoj24dGJfcGFnZXM4LCJsYWmndWFnZSoIWl0sopxhYpVsoj24RGF0ZSosonZ1ZXc4OjEsopR3dGF1bCoIMSw4ci9ydGF4bGU4OjEsonN3YXJj6CoIMSw4ZG9gbpxvYWQ4OjEsopZybg13b4oIMSw4bG3t6XR3ZCoIo4osond1ZHR2oj24MTAwo4w4YWx1Zia4O4JsZWZ0o4w4ci9ydGx1cgQ4O4oxo4w4Yi9ub4oIeyJiYWx1ZCoIojA4LCJkY4oIo4osopt3eSoIo4osopR1cgBsYXk4O4o4fSw4Zp9ybWF0XiFzoj24ZGF0ZSosopZvcplhdF9iYWxlZSoIok05ZCxZon0seyJp6WVsZCoIonBhZiVJRCosopFs6WFzoj24dGJfcGFnZXM4LCJsYWmndWFnZSoIWl0sopxhYpVsoj24UGFnZU3Eo4w4dp33dyoIMCw4ZGV0YW3soj2xLCJzbgJ0YWJsZSoIMSw4ciVhcpN2oj2xLCJkbgdubG9hZCoIMSw4ZnJvepVuoj2xLCJs6Wl1dGVkoj24o4w4di3kdG54O4oxMDA4LCJhbG3nb4oIopx3ZnQ4LCJzbgJ0bG3zdCoIojo4LCJjbimuoj17onZhbG3koj24MCosopR4oj24o4w46iVmoj24o4w4ZG3zcGxheSoIo4J9LCJpbgJtYXRfYXM4O4o4LCJpbgJtYXRfdpFsdWU4O4o4fSx7opZ1ZWxkoj24dG30bGU4LCJhbG3hcyoIonR4XgBhZiVzo4w4bGFuZgVhZiU4O3tdLCJsYWJ3bCoIo3R1dGx3o4w4dp33dyoIMSw4ZGV0YW3soj2xLCJzbgJ0YWJsZSoIMSw4ciVhcpN2oj2xLCJkbgdubG9hZCoIMSw4ZnJvepVuoj2xLCJs6Wl1dGVkoj24o4w4di3kdG54O4oxMDA4LCJhbG3nb4oIopx3ZnQ4LCJzbgJ0bG3zdCoIojM4LCJjbimuoj17onZhbG3koj24MCosopR4oj24o4w46iVmoj24o4w4ZG3zcGxheSoIo4J9LCJpbgJtYXRfYXM4O4o4LCJpbgJtYXRfdpFsdWU4O4o4fSx7opZ1ZWxkoj24YWx1YXM4LCJhbG3hcyoIonR4XgBhZiVzo4w4bGFuZgVhZiU4O3tdLCJsYWJ3bCoIokFs6WFzo4w4dp33dyoIMCw4ZGV0YW3soj2xLCJzbgJ0YWJsZSoIMSw4ciVhcpN2oj2xLCJkbgdubG9hZCoIMSw4ZnJvepVuoj2xLCJs6Wl1dGVkoj24o4w4di3kdG54O4oxMDA4LCJhbG3nb4oIopx3ZnQ4LCJzbgJ0bG3zdCoIojQ4LCJjbimuoj17onZhbG3koj24MCosopR4oj24o4w46iVmoj24o4w4ZG3zcGxheSoIo4J9LCJpbgJtYXRfYXM4O4o4LCJpbgJtYXRfdpFsdWU4O4o4fSx7opZ1ZWxkoj24bp90ZSosopFs6WFzoj24dGJfcGFnZXM4LCJsYWmndWFnZSoIWl0sopxhYpVsoj24Tp90ZSosonZ1ZXc4OjAsopR3dGF1bCoIMSw4ci9ydGF4bGU4OjEsonN3YXJj6CoIMSw4ZG9gbpxvYWQ4OjEsopZybg13b4oIMSw4bG3t6XR3ZCoIo4osond1ZHR2oj24MTAwo4w4YWx1Zia4O4JsZWZ0o4w4ci9ydGx1cgQ4O4olo4w4Yi9ub4oIeyJiYWx1ZCoIojA4LCJkY4oIo4osopt3eSoIo4osopR1cgBsYXk4O4o4fSw4Zp9ybWF0XiFzoj24o4w4Zp9ybWF0XgZhbHV3oj24on0seyJp6WVsZCoIonVwZGF0ZWQ4LCJhbG3hcyoIonR4XgBhZiVzo4w4bGFuZgVhZiU4O3tdLCJsYWJ3bCoIo3VwZGF0ZWQ4LCJi6WVgoj2wLCJkZXRh6Ww4OjEsonNvcnRhYpx3oj2xLCJzZWFyYi54OjEsopRvdimsbiFkoj2xLCJpcp9IZWa4OjEsopx1bW30ZWQ4O4o4LCJg6WR06CoIojEwMCosopFs6Wduoj24bGVpdCosonNvcnRs6XN0oj24N4osopNvbpa4Ons4dpFs6WQ4O4owo4w4ZGo4O4o4LCJrZXk4O4o4LCJk6XNwbGFmoj24on0sopZvcplhdF9hcyoIo4osopZvcplhdF9iYWxlZSoIo4J9LHs4Zp33bGQ4O4Jp6Wx3bpFtZSosopFs6WFzoj24dGJfcGFnZXM4LCJsYWmndWFnZSoIWl0sopxhYpVsoj24Rp3sZWmhbWU4LCJi6WVgoj2wLCJkZXRh6Ww4OjEsonNvcnRhYpx3oj2xLCJzZWFyYi54OjEsopRvdimsbiFkoj2xLCJpcp9IZWa4OjEsopx1bW30ZWQ4O4o4LCJg6WR06CoIojEwMCosopFs6Wduoj24bGVpdCosonNvcnRs6XN0oj24NyosopNvbpa4Ons4dpFs6WQ4O4owo4w4ZGo4O4o4LCJrZXk4O4o4LCJk6XNwbGFmoj24on0sopZvcplhdF9hcyoIo4osopZvcplhdF9iYWxlZSoIo4J9LHs4Zp33bGQ4O4JzdGF0dXM4LCJhbG3hcyoIonR4XgBhZiVzo4w4bGFuZgVhZiU4O3tdLCJsYWJ3bCoIo3N0YXRlcyosonZ1ZXc4OjEsopR3dGF1bCoIMSw4ci9ydGF4bGU4OjEsonN3YXJj6CoIMSw4ZG9gbpxvYWQ4OjEsopZybg13b4oIMSw4bG3t6XR3ZCoIo4osond1ZHR2oj24MTAwo4w4YWx1Zia4O4JsZWZ0o4w4ci9ydGx1cgQ4O4oao4w4Yi9ub4oIeyJiYWx1ZCoIojA4LCJkY4oIo4osopt3eSoIo4osopR1cgBsYXk4O4o4fSw4Zp9ybWF0XiFzoj24o4w4Zp9ybWF0XgZhbHV3oj24on0seyJp6WVsZCoIopFjYiVzcyosopFs6WFzoj24dGJfcGFnZXM4LCJsYWmndWFnZSoIWl0sopxhYpVsoj24QWNjZXNzo4w4dp33dyoIMCw4ZGV0YW3soj2xLCJzbgJ0YWJsZSoIMSw4ciVhcpN2oj2xLCJkbgdubG9hZCoIMSw4ZnJvepVuoj2xLCJs6Wl1dGVkoj24o4w4di3kdG54O4oxMDA4LCJhbG3nb4oIopx3ZnQ4LCJzbgJ0bG3zdCoIojk4LCJjbimuoj17onZhbG3koj24MCosopR4oj24o4w46iVmoj24o4w4ZG3zcGxheSoIo4J9LCJpbgJtYXRfYXM4O4o4LCJpbgJtYXRfdpFsdWU4O4o4fSx7opZ1ZWxkoj24YWxsbgdfZgV3cgQ4LCJhbG3hcyoIonR4XgBhZiVzo4w4bGFuZgVhZiU4O3tdLCJsYWJ3bCoIokFsbG9goEdlZXN0o4w4dp33dyoIMCw4ZGV0YW3soj2xLCJzbgJ0YWJsZSoIMSw4ciVhcpN2oj2xLCJkbgdubG9hZCoIMSw4ZnJvepVuoj2xLCJs6Wl1dGVkoj24o4w4di3kdG54O4oxMDA4LCJhbG3nb4oIopx3ZnQ4LCJzbgJ0bG3zdCoIojEwo4w4Yi9ub4oIeyJiYWx1ZCoIojA4LCJkY4oIo4osopt3eSoIo4osopR1cgBsYXk4O4o4fSw4Zp9ybWF0XiFzoj24o4w4Zp9ybWF0XgZhbHV3oj24on0seyJp6WVsZCoIonR3bXBsYXR3o4w4YWx1YXM4O4J0Y39wYWd3cyosopxhbpdlYWd3oj1bXSw4bGF4ZWw4O4JUZWlwbGF0ZSosonZ1ZXc4OjAsopR3dGF1bCoIMSw4ci9ydGF4bGU4OjEsonN3YXJj6CoIMSw4ZG9gbpxvYWQ4OjEsopZybg13b4oIMSw4bG3t6XR3ZCoIo4osond1ZHR2oj24MTAwo4w4YWx1Zia4O4JsZWZ0o4w4ci9ydGx1cgQ4O4oxMSosopNvbpa4Ons4dpFs6WQ4O4owo4w4ZGo4O4o4LCJrZXk4O4o4LCJk6XNwbGFmoj24on0sopZvcplhdF9hcyoIo4osopZvcplhdF9iYWxlZSoIo4J9LHs4Zp33bGQ4O4JtZXRh6iVmo4w4YWx1YXM4O4J0Y39wYWd3cyosopxhbpdlYWd3oj1bXSw4bGF4ZWw4O4JNZXRh6iVmo4w4dp33dyoIMCw4ZGV0YW3soj2xLCJzbgJ0YWJsZSoIMSw4ciVhcpN2oj2xLCJkbgdubG9hZCoIMSw4ZnJvepVuoj2xLCJs6Wl1dGVkoj24o4w4di3kdG54O4oxMDA4LCJhbG3nb4oIopx3ZnQ4LCJzbgJ0bG3zdCoIojEyo4w4Yi9ub4oIeyJiYWx1ZCoIojA4LCJkY4oIo4osopt3eSoIo4osopR1cgBsYXk4O4o4fSw4Zp9ybWF0XiFzoj24o4w4Zp9ybWF0XgZhbHV3oj24on0seyJp6WVsZCoIopl3dGFkZXNjo4w4YWx1YXM4O4J0Y39wYWd3cyosopxhbpdlYWd3oj1bXSw4bGF4ZWw4O4JNZXRhZGVzYyosonZ1ZXc4OjAsopR3dGF1bCoIMSw4ci9ydGF4bGU4OjEsonN3YXJj6CoIMSw4ZG9gbpxvYWQ4OjEsopZybg13b4oIMSw4bG3t6XR3ZCoIo4osond1ZHR2oj24MTAwo4w4YWx1Zia4O4JsZWZ0o4w4ci9ydGx1cgQ4O4oxMyosopNvbpa4Ons4dpFs6WQ4O4owo4w4ZGo4O4o4LCJrZXk4O4o4LCJk6XNwbGFmoj24on0sopZvcplhdF9hcyoIo4osopZvcplhdF9iYWxlZSoIo4J9LHs4Zp33bGQ4O4JkZWZhdWx0o4w4YWx1YXM4O4J0Y39wYWd3cyosopxhbpdlYWd3oj1bXSw4bGF4ZWw4O4JEZWZhdWx0o4w4dp33dyoIMCw4ZGV0YW3soj2xLCJzbgJ0YWJsZSoIMSw4ciVhcpN2oj2xLCJkbgdubG9hZCoIMSw4ZnJvepVuoj2xLCJs6Wl1dGVkoj24o4w4di3kdG54O4oxMDA4LCJhbG3nb4oIopx3ZnQ4LCJzbgJ0bG3zdCoIojE0o4w4Yi9ub4oIeyJiYWx1ZCoIojA4LCJkY4oIo4osopt3eSoIo4osopR1cgBsYXk4O4o4fSw4Zp9ybWF0XiFzoj24o4w4Zp9ybWF0XgZhbHV3oj24on0seyJp6WVsZCoIonBhZiV0eXB3o4w4YWx1YXM4O4J0Y39wYWd3cyosopxhbpdlYWd3oj1bXSw4bGF4ZWw4O4JQYWd3dH3wZSosonZ1ZXc4OjAsopR3dGF1bCoIMSw4ci9ydGF4bGU4OjEsonN3YXJj6CoIMSw4ZG9gbpxvYWQ4OjEsopZybg13b4oIMSw4bG3t6XR3ZCoIo4osond1ZHR2oj24MTAwo4w4YWx1Zia4O4JsZWZ0o4w4ci9ydGx1cgQ4O4oxNSosopNvbpa4Ons4dpFs6WQ4O4owo4w4ZGo4O4o4LCJrZXk4O4o4LCJk6XNwbGFmoj24on0sopZvcplhdF9hcyoIo4osopZvcplhdF9iYWxlZSoIo4J9LHs4Zp33bGQ4O4Ji6WVgcyosopFs6WFzoj24dGJfcGFnZXM4LCJsYWmndWFnZSoIWl0sopxhYpVsoj24Vp33dgM4LCJi6WVgoj2xLCJkZXRh6Ww4OjEsonNvcnRhYpx3oj2xLCJzZWFyYi54OjEsopRvdimsbiFkoj2xLCJpcp9IZWa4OjEsopx1bW30ZWQ4O4o4LCJg6WR06CoIojEwMCosopFs6Wduoj24bGVpdCosonNvcnRs6XN0oj24MjA4LCJjbimuoj17onZhbG3koj24MCosopR4oj24o4w46iVmoj24o4w4ZG3zcGxheSoIo4J9LCJpbgJtYXRfYXM4O4o4LCJpbgJtYXRfdpFsdWU4O4o4fSx7opZ1ZWxkoj24bGF4ZWxzo4w4YWx1YXM4O4J0Y39wYWd3cyosopxhbpdlYWd3oj1bXSw4bGF4ZWw4O4JMYWJ3bHM4LCJi6WVgoj2xLCJkZXRh6Ww4OjAsonNvcnRhYpx3oj2xLCJzZWFyYi54OjEsopRvdimsbiFkoj2xLCJpcp9IZWa4OjEsopx1bW30ZWQ4O4o4LCJg6WR06CoIojEwMCosopFs6Wduoj24bGVpdCosonNvcnRs6XN0oj24MTY4LCJjbimuoj17onZhbG3koj24MCosopR4oj24o4w46iVmoj24o4w4ZG3zcGxheSoIo4J9LCJpbgJtYXRfYXM4O4o4LCJpbgJtYXRfdpFsdWU4O4o4fSx7opZ1ZWxkoj24dXN3cp3ko4w4YWx1YXM4O4J0Y39wYWd3cyosopxhbpdlYWd3oj1bXSw4bGF4ZWw4O4JBdXR2bgo4LCJi6WVgoj2xLCJkZXRh6Ww4OjEsonNvcnRhYpx3oj2xLCJzZWFyYi54OjEsopRvdimsbiFkoj2xLCJpcp9IZWa4OjEsopx1bW30ZWQ4O4o4LCJg6WR06CoIojEwMCosopFs6Wduoj24bGVpdCosonNvcnRs6XN0oj24MTc4LCJjbimuoj17onZhbG3koj24MSosopR4oj24dGJfdXN3cnM4LCJrZXk4O4J1ZCosopR1cgBsYXk4O4JlciVybpFtZSJ9LCJpbgJtYXRfYXM4O4o4LCJpbgJtYXRfdpFsdWU4O4o4fSx7opZ1ZWxkoj246WlhZiU4LCJhbG3hcyoIonR4XgBhZiVzo4w4bGFuZgVhZiU4O3tdLCJsYWJ3bCoIok3tYWd3o4w4dp33dyoIMCw4ZGV0YW3soj2xLCJzbgJ0YWJsZSoIMSw4ciVhcpN2oj2xLCJkbgdubG9hZCoIMSw4ZnJvepVuoj2xLCJs6Wl1dGVkoj24o4w4di3kdG54O4oxMDA4LCJhbG3nb4oIopx3ZnQ4LCJzbgJ0bG3zdCoIojEao4w4Yi9ub4oIeyJiYWx1ZCoIojA4LCJkY4oIo4osopt3eSoIo4osopR1cgBsYXk4O4o4fSw4Zp9ybWF0XiFzoj24o4w4Zp9ybWF0XgZhbHV3oj24on0seyJp6WVsZCoIopNvbWl3bnRzo4w4YWx1YXM4O4o4LCJsYWmndWFnZSoIWl0sopxhYpVsoj24Qi9tbWVudChzKSosonZ1ZXc4OjEsopR3dGF1bCoIMSw4ci9ydGF4bGU4OjEsonN3YXJj6CoIMSw4ZG9gbpxvYWQ4OjEsopZybg13b4oIMSw4bG3t6XR3ZCoIo4osond1ZHR2oj24MTAwo4w4YWx1Zia4O4JsZWZ0o4w4ci9ydGx1cgQ4O4oxOSosopNvbpa4Ons4dpFs6WQ4O4owo4w4ZGo4O4o4LCJrZXk4O4o4LCJk6XNwbGFmoj24on0sopZvcplhdF9hcyoIo4osopZvcplhdF9iYWxlZSoIo4J9XSw4Zp9ybXM4O3t7opZ1ZWxkoj24cGFnZU3Eo4w4YWx1YXM4O4J0Y39wYWd3cyosopxhbpdlYWd3oj17op3koj24on0sopxhYpVsoj24UGFnZU3Eo4w4Zp9ybV9ncp9lcCoIojA4LCJyZXFl6XJ3ZCoIojA4LCJi6WVgoj2xLCJ0eXB3oj246G3kZGVuo4w4YWRkoj2xLCJz6X13oj24MCosopVk6XQ4OjEsonN3YXJj6CoIMCw4ci9ydGx1cgQ4O4oxo4w4bG3t6XR3ZCoIo4osop9wdG3vb4oIeyJvcHRfdH3wZSoIo4osopxvbitlcF9xdWVyeSoIo4osopxvbitlcF90YWJsZSoIo4osopxvbitlcF9rZXk4O4o4LCJsbi9rdXBfdpFsdWU4O4o4LCJ1cl9kZXB3bpR3bpNmoj24o4w4ciVsZWN0XillbHR1cGx3oj24MCosop3tYWd3XillbHR1cGx3oj24MCosopxvbitlcF9kZXB3bpR3bpNmXit3eSoIo4osonBhdGhfdG9fdXBsbiFkoj24o4w4cpVz6X13Xgd1ZHR2oj24o4w4cpVz6X13Xih36Wd2dCoIo4osonVwbG9hZF90eXB3oj24o4w4dG9vbHR1cCoIo4osopF0dHJ1YnV0ZSoIo4osopVadGVuZF9jbGFzcyoIo4J9fSx7opZ1ZWxkoj24dG30bGU4LCJhbG3hcyoIonR4XgBhZiVzo4w4bGFuZgVhZiU4Ons46WQ4O4o4fSw4bGF4ZWw4O4JU6XRsZSosopZvcplfZgJvdXA4O4owo4w4cpVxdW3yZWQ4O4owo4w4dp33dyoIMSw4dH3wZSoIonR3eHQ4LCJhZGQ4OjEsonN1epU4O4owo4w4ZWR1dCoIMSw4ciVhcpN2oj24MSosonNvcnRs6XN0oj24M4osopx1bW30ZWQ4O4o4LCJvcHR1bia4Ons4bgB0XgRmcGU4O4o4LCJsbi9rdXBfcXV3cnk4O4o4LCJsbi9rdXBfdGF4bGU4O4o4LCJsbi9rdXBf6iVmoj24o4w4bG9v6gVwXgZhbHV3oj24o4w46XNfZGVwZWmkZWmjeSoIo4osonN3bGVjdF9tdWx06XBsZSoIojA4LCJ1bWFnZV9tdWx06XBsZSoIojA4LCJsbi9rdXBfZGVwZWmkZWmjeV9rZXk4O4o4LCJwYXR2XgRvXgVwbG9hZCoIo4osonJ3ci3IZV9g6WR06CoIo4osonJ3ci3IZV92ZW3n6HQ4O4o4LCJlcGxvYWRfdH3wZSoIo4osonRvbix06XA4O4o4LCJhdHRy6WJldGU4O4o4LCJ3eHR3bpRfYixhcgM4O4o4fX0seyJp6WVsZCoIopFs6WFzo4w4YWx1YXM4O4J0Y39wYWd3cyosopxhbpdlYWd3oj17op3koj24on0sopxhYpVsoj24QWx1YXM4LCJpbgJtXidybgVwoj24MCosonJ3cXV1cpVkoj24MCosonZ1ZXc4OjEsonRmcGU4O4J0ZXh0o4w4YWRkoj2xLCJz6X13oj24MCosopVk6XQ4OjEsonN3YXJj6CoIMCw4ci9ydGx1cgQ4O4ozo4w4bG3t6XR3ZCoIo4osop9wdG3vb4oIeyJvcHRfdH3wZSoIo4osopxvbitlcF9xdWVyeSoIo4osopxvbitlcF90YWJsZSoIo4osopxvbitlcF9rZXk4O4o4LCJsbi9rdXBfdpFsdWU4O4o4LCJ1cl9kZXB3bpR3bpNmoj24o4w4ciVsZWN0XillbHR1cGx3oj24MCosop3tYWd3XillbHR1cGx3oj24MCosopxvbitlcF9kZXB3bpR3bpNmXit3eSoIo4osonBhdGhfdG9fdXBsbiFkoj24o4w4cpVz6X13Xgd1ZHR2oj24o4w4cpVz6X13Xih36Wd2dCoIo4osonVwbG9hZF90eXB3oj24o4w4dG9vbHR1cCoIo4osopF0dHJ1YnV0ZSoIo4osopVadGVuZF9jbGFzcyoIo4J9fSx7opZ1ZWxkoj24bp90ZSosopFs6WFzoj24dGJfcGFnZXM4LCJsYWmndWFnZSoIeyJ1ZCoIo4J9LCJsYWJ3bCoIokmvdGU4LCJpbgJtXidybgVwoj24MCosonJ3cXV1cpVkoj24MCosonZ1ZXc4OjEsonRmcGU4O4J0ZXh0o4w4YWRkoj2xLCJz6X13oj24MCosopVk6XQ4OjEsonN3YXJj6CoIojE4LCJzbgJ0bG3zdCoIojQ4LCJs6Wl1dGVkoj24o4w4bgB06W9uoj17op9wdF90eXB3oj24o4w4bG9v6gVwXgFlZXJmoj24o4w4bG9v6gVwXgRhYpx3oj24o4w4bG9v6gVwXit3eSoIo4osopxvbitlcF9iYWxlZSoIo4osop3zXiR3cGVuZGVuYgk4O4o4LCJzZWx3YgRfbXVsdG3wbGU4O4owo4w46WlhZiVfbXVsdG3wbGU4O4owo4w4bG9v6gVwXiR3cGVuZGVuYg3f6iVmoj24o4w4cGF06F90bl9lcGxvYWQ4O4o4LCJyZXN1epVfdi3kdG54O4o4LCJyZXN1epVf6GV1Zih0oj24o4w4dXBsbiFkXgRmcGU4O4o4LCJ0bi9sdG3woj24o4w4YXR0cp34dXR3oj24o4w4ZXh0ZWmkXiNsYXNzoj24onl9LHs4Zp33bGQ4O4Jp6Wx3bpFtZSosopFs6WFzoj24dGJfcGFnZXM4LCJsYWmndWFnZSoIeyJ1ZCoIo4J9LCJsYWJ3bCoIokZ1bGVuYWl3o4w4Zp9ybV9ncp9lcCoIojA4LCJyZXFl6XJ3ZCoIojA4LCJi6WVgoj2wLCJ0eXB3oj24dGVadCosopFkZCoIMSw4ci3IZSoIojA4LCJ3ZG30oj2xLCJzZWFyYi54OjAsonNvcnRs6XN0oj24NSosopx1bW30ZWQ4O4o4LCJvcHR1bia4Ons4bgB0XgRmcGU4O4o4LCJsbi9rdXBfcXV3cnk4O4o4LCJsbi9rdXBfdGF4bGU4O4o4LCJsbi9rdXBf6iVmoj24o4w4bG9v6gVwXgZhbHV3oj24o4w46XNfZGVwZWmkZWmjeSoIo4osonN3bGVjdF9tdWx06XBsZSoIojA4LCJ1bWFnZV9tdWx06XBsZSoIojA4LCJsbi9rdXBfZGVwZWmkZWmjeV9rZXk4O4o4LCJwYXR2XgRvXgVwbG9hZCoIo4osonJ3ci3IZV9g6WR06CoIo4osonJ3ci3IZV92ZW3n6HQ4O4o4LCJlcGxvYWRfdH3wZSoIo4osonRvbix06XA4O4o4LCJhdHRy6WJldGU4O4o4LCJ3eHR3bpRfYixhcgM4O4o4fX0seyJp6WVsZCoIopFsbG9gXidlZXN0o4w4YWx1YXM4O4J0Y39wYWd3cyosopxhbpdlYWd3oj17op3koj24on0sopxhYpVsoj24QWxsbgc5RgV3cgQ4LCJpbgJtXidybgVwoj24MCosonJ3cXV1cpVkoj24MCosonZ1ZXc4OjEsonRmcGU4O4J0ZXh0o4w4YWRkoj2xLCJz6X13oj24MCosopVk6XQ4OjEsonN3YXJj6CoIMCw4ci9ydGx1cgQ4O4oio4w4bG3t6XR3ZCoIo4osop9wdG3vb4oIeyJvcHRfdH3wZSoIo4osopxvbitlcF9xdWVyeSoIo4osopxvbitlcF90YWJsZSoIo4osopxvbitlcF9rZXk4O4o4LCJsbi9rdXBfdpFsdWU4O4o4LCJ1cl9kZXB3bpR3bpNmoj24o4w4ciVsZWN0XillbHR1cGx3oj24MCosop3tYWd3XillbHR1cGx3oj24MCosopxvbitlcF9kZXB3bpR3bpNmXit3eSoIo4osonBhdGhfdG9fdXBsbiFkoj24o4w4cpVz6X13Xgd1ZHR2oj24o4w4cpVz6X13Xih36Wd2dCoIo4osonVwbG9hZF90eXB3oj24o4w4dG9vbHR1cCoIo4osopF0dHJ1YnV0ZSoIo4osopVadGVuZF9jbGFzcyoIo4J9fSx7opZ1ZWxkoj24bWV0YWt3eSosopFs6WFzoj24dGJfcGFnZXM4LCJsYWmndWFnZSoIeyJ1ZCoIo4J9LCJsYWJ3bCoIokl3dGFrZXk4LCJpbgJtXidybgVwoj24MCosonJ3cXV1cpVkoj24MCosonZ1ZXc4OjEsonRmcGU4O4J0ZXh0o4w4YWRkoj2xLCJz6X13oj24MCosopVk6XQ4OjEsonN3YXJj6CoIMCw4ci9ydGx1cgQ4O4ogo4w4bG3t6XR3ZCoIo4osop9wdG3vb4oIeyJvcHRfdH3wZSoIo4osopxvbitlcF9xdWVyeSoIo4osopxvbitlcF90YWJsZSoIo4osopxvbitlcF9rZXk4O4o4LCJsbi9rdXBfdpFsdWU4O4o4LCJ1cl9kZXB3bpR3bpNmoj24o4w4ciVsZWN0XillbHR1cGx3oj24MCosop3tYWd3XillbHR1cGx3oj24MCosopxvbitlcF9kZXB3bpR3bpNmXit3eSoIo4osonBhdGhfdG9fdXBsbiFkoj24o4w4cpVz6X13Xgd1ZHR2oj24o4w4cpVz6X13Xih36Wd2dCoIo4osonVwbG9hZF90eXB3oj24o4w4dG9vbHR1cCoIo4osopF0dHJ1YnV0ZSoIo4osopVadGVuZF9jbGFzcyoIo4J9fSx7opZ1ZWxkoj24bWV0YWR3ciM4LCJhbG3hcyoIonR4XgBhZiVzo4w4bGFuZgVhZiU4Ons46WQ4O4o4fSw4bGF4ZWw4O4JNZXRhZGVzYyosopZvcplfZgJvdXA4O4owo4w4cpVxdW3yZWQ4O4owo4w4dp33dyoIMSw4dH3wZSoIonR3eHRhcpVho4w4YWRkoj2xLCJz6X13oj24MCosopVk6XQ4OjEsonN3YXJj6CoIMCw4ci9ydGx1cgQ4O4oao4w4bG3t6XR3ZCoIo4osop9wdG3vb4oIeyJvcHRfdH3wZSoIo4osopxvbitlcF9xdWVyeSoIo4osopxvbitlcF90YWJsZSoIo4osopxvbitlcF9rZXk4O4o4LCJsbi9rdXBfdpFsdWU4O4o4LCJ1cl9kZXB3bpR3bpNmoj24o4w4ciVsZWN0XillbHR1cGx3oj24MCosop3tYWd3XillbHR1cGx3oj24MCosopxvbitlcF9kZXB3bpR3bpNmXit3eSoIo4osonBhdGhfdG9fdXBsbiFkoj24o4w4cpVz6X13Xgd1ZHR2oj24o4w4cpVz6X13Xih36Wd2dCoIo4osonVwbG9hZF90eXB3oj24o4w4dG9vbHR1cCoIo4osopF0dHJ1YnV0ZSoIo4osopVadGVuZF9jbGFzcyoIo4J9fSx7opZ1ZWxkoj24ZGVpYXVsdCosopFs6WFzoj24dGJfcGFnZXM4LCJsYWmndWFnZSoIeyJ1ZCoIo4J9LCJsYWJ3bCoIokR3ZpFlbHQ4LCJpbgJtXidybgVwoj24MCosonJ3cXV1cpVkoj24MCosonZ1ZXc4OjEsonRmcGU4O4J0ZXh0o4w4YWRkoj2xLCJz6X13oj24MCosopVk6XQ4OjEsonN3YXJj6CoIMCw4ci9ydGx1cgQ4O4omo4w4bG3t6XR3ZCoIo4osop9wdG3vb4oIeyJvcHRfdH3wZSoIo4osopxvbitlcF9xdWVyeSoIo4osopxvbitlcF90YWJsZSoIo4osopxvbitlcF9rZXk4O4o4LCJsbi9rdXBfdpFsdWU4O4o4LCJ1cl9kZXB3bpR3bpNmoj24o4w4ciVsZWN0XillbHR1cGx3oj24MCosop3tYWd3XillbHR1cGx3oj24MCosopxvbitlcF9kZXB3bpR3bpNmXit3eSoIo4osonBhdGhfdG9fdXBsbiFkoj24o4w4cpVz6X13Xgd1ZHR2oj24o4w4cpVz6X13Xih36Wd2dCoIo4osonVwbG9hZF90eXB3oj24o4w4dG9vbHR1cCoIo4osopF0dHJ1YnV0ZSoIo4osopVadGVuZF9jbGFzcyoIo4J9fSx7opZ1ZWxkoj24bGF4ZWxzo4w4YWx1YXM4O4J0Y39wYWd3cyosopxhbpdlYWd3oj17op3koj24on0sopxhYpVsoj24TGF4ZWxzo4w4Zp9ybV9ncp9lcCoIojE4LCJyZXFl6XJ3ZCoIojA4LCJi6WVgoj2xLCJ0eXB3oj24dGVadGFyZWE4LCJhZGQ4OjEsonN1epU4O4owo4w4ZWR1dCoIMSw4ciVhcpN2oj24MSosonNvcnRs6XN0oj24MTA4LCJs6Wl1dGVkoj24o4w4bgB06W9uoj17op9wdF90eXB3oj24o4w4bG9v6gVwXgFlZXJmoj24o4w4bG9v6gVwXgRhYpx3oj24o4w4bG9v6gVwXit3eSoIo4osopxvbitlcF9iYWxlZSoIo4osop3zXiR3cGVuZGVuYgk4O4o4LCJzZWx3YgRfbXVsdG3wbGU4O4owo4w46WlhZiVfbXVsdG3wbGU4O4owo4w4bG9v6gVwXiR3cGVuZGVuYg3f6iVmoj24o4w4cGF06F90bl9lcGxvYWQ4O4o4LCJyZXN1epVfdi3kdG54O4o4LCJyZXN1epVf6GV1Zih0oj24o4w4dXBsbiFkXgRmcGU4O4o4LCJ0bi9sdG3woj24o4w4YXR0cp34dXR3oj24o4w4ZXh0ZWmkXiNsYXNzoj24onl9LHs4Zp33bGQ4O4JjcpVhdGVko4w4YWx1YXM4O4J0Y39wYWd3cyosopxhbpdlYWd3oj17op3koj24on0sopxhYpVsoj24QgJ3YXR3ZCosopZvcplfZgJvdXA4O4oxo4w4cpVxdW3yZWQ4O4owo4w4dp33dyoIMSw4dH3wZSoIonR3eHRfZGF0ZXR1bWU4LCJhZGQ4OjEsonN1epU4O4owo4w4ZWR1dCoIMSw4ciVhcpN2oj2wLCJzbgJ0bG3zdCoIojExo4w4bG3t6XR3ZCoIo4osop9wdG3vb4oIeyJvcHRfdH3wZSoIo4osopxvbitlcF9xdWVyeSoIo4osopxvbitlcF90YWJsZSoIo4osopxvbitlcF9rZXk4O4o4LCJsbi9rdXBfdpFsdWU4O4o4LCJ1cl9kZXB3bpR3bpNmoj24o4w4ciVsZWN0XillbHR1cGx3oj24MCosop3tYWd3XillbHR1cGx3oj24MCosopxvbitlcF9kZXB3bpR3bpNmXit3eSoIo4osonBhdGhfdG9fdXBsbiFkoj24o4w4cpVz6X13Xgd1ZHR2oj24o4w4cpVz6X13Xih36Wd2dCoIo4osonVwbG9hZF90eXB3oj24o4w4dG9vbHR1cCoIo4osopF0dHJ1YnV0ZSoIo4osopVadGVuZF9jbGFzcyoIo4J9fSx7opZ1ZWxkoj24dXBkYXR3ZCosopFs6WFzoj24dGJfcGFnZXM4LCJsYWmndWFnZSoIeyJ1ZCoIo4J9LCJsYWJ3bCoIo3VwZGF0ZWQ4LCJpbgJtXidybgVwoj24MSosonJ3cXV1cpVkoj24MCosonZ1ZXc4OjAsonRmcGU4O4J0ZXh0XiRhdGV06Wl3o4w4YWRkoj2xLCJz6X13oj24MCosopVk6XQ4OjEsonN3YXJj6CoIMCw4ci9ydGx1cgQ4O4oxM4osopx1bW30ZWQ4O4o4LCJvcHR1bia4Ons4bgB0XgRmcGU4O4o4LCJsbi9rdXBfcXV3cnk4O4o4LCJsbi9rdXBfdGF4bGU4O4o4LCJsbi9rdXBf6iVmoj24o4w4bG9v6gVwXgZhbHV3oj24o4w46XNfZGVwZWmkZWmjeSoIo4osonN3bGVjdF9tdWx06XBsZSoIojA4LCJ1bWFnZV9tdWx06XBsZSoIojA4LCJsbi9rdXBfZGVwZWmkZWmjeV9rZXk4O4o4LCJwYXR2XgRvXgVwbG9hZCoIo4osonJ3ci3IZV9g6WR06CoIo4osonJ3ci3IZV92ZW3n6HQ4O4o4LCJlcGxvYWRfdH3wZSoIo4osonRvbix06XA4O4o4LCJhdHRy6WJldGU4O4o4LCJ3eHR3bpRfYixhcgM4O4o4fX0seyJp6WVsZCoIopFjYiVzcyosopFs6WFzoj24dGJfcGFnZXM4LCJsYWmndWFnZSoIeyJ1ZCoIo4J9LCJsYWJ3bCoIokFjYiVzcyosopZvcplfZgJvdXA4O4oxo4w4cpVxdW3yZWQ4O4owo4w4dp33dyoIMSw4dH3wZSoIonR3eHQ4LCJhZGQ4OjEsonN1epU4O4owo4w4ZWR1dCoIMSw4ciVhcpN2oj2wLCJzbgJ0bG3zdCoIojEzo4w4bG3t6XR3ZCoIo4osop9wdG3vb4oIeyJvcHRfdH3wZSoIo4osopxvbitlcF9xdWVyeSoIo4osopxvbitlcF90YWJsZSoIo4osopxvbitlcF9rZXk4O4o4LCJsbi9rdXBfdpFsdWU4O4o4LCJ1cl9kZXB3bpR3bpNmoj24o4w4ciVsZWN0XillbHR1cGx3oj24MCosop3tYWd3XillbHR1cGx3oj24MCosopxvbitlcF9kZXB3bpR3bpNmXit3eSoIo4osonBhdGhfdG9fdXBsbiFkoj24o4w4cpVz6X13Xgd1ZHR2oj24o4w4cpVz6X13Xih36Wd2dCoIo4osonVwbG9hZF90eXB3oj24o4w4dG9vbHR1cCoIo4osopF0dHJ1YnV0ZSoIo4osopVadGVuZF9jbGFzcyoIo4J9fSx7opZ1ZWxkoj24cGFnZXRmcGU4LCJhbG3hcyoIonR4XgBhZiVzo4w4bGFuZgVhZiU4Ons46WQ4O4o4fSw4bGF4ZWw4O4JQYWd3dH3wZSosopZvcplfZgJvdXA4O4oxo4w4cpVxdW3yZWQ4O4owo4w4dp33dyoIMSw4dH3wZSoIonR3eHRhcpVho4w4YWRkoj2xLCJz6X13oj24MCosopVk6XQ4OjEsonN3YXJj6CoIMCw4ci9ydGx1cgQ4O4oxNCosopx1bW30ZWQ4O4o4LCJvcHR1bia4Ons4bgB0XgRmcGU4O4o4LCJsbi9rdXBfcXV3cnk4O4o4LCJsbi9rdXBfdGF4bGU4O4o4LCJsbi9rdXBf6iVmoj24o4w4bG9v6gVwXgZhbHV3oj24o4w46XNfZGVwZWmkZWmjeSoIo4osonN3bGVjdF9tdWx06XBsZSoIojA4LCJ1bWFnZV9tdWx06XBsZSoIojA4LCJsbi9rdXBfZGVwZWmkZWmjeV9rZXk4O4o4LCJwYXR2XgRvXgVwbG9hZCoIo4osonJ3ci3IZV9g6WR06CoIo4osonJ3ci3IZV92ZW3n6HQ4O4o4LCJlcGxvYWRfdH3wZSoIo4osonRvbix06XA4O4o4LCJhdHRy6WJldGU4O4o4LCJ3eHR3bpRfYixhcgM4O4o4fX0seyJp6WVsZCoIonN0YXRlcyosopFs6WFzoj24dGJfcGFnZXM4LCJsYWmndWFnZSoIeyJ1ZCoIo4J9LCJsYWJ3bCoIo3N0YXRlcyosopZvcplfZgJvdXA4O4oxo4w4cpVxdW3yZWQ4O4owo4w4dp33dyoIMSw4dH3wZSoIonR3eHQ4LCJhZGQ4OjEsonN1epU4O4owo4w4ZWR1dCoIMSw4ciVhcpN2oj2wLCJzbgJ0bG3zdCoIojElo4w4bG3t6XR3ZCoIo4osop9wdG3vb4oIeyJvcHRfdH3wZSoIo4osopxvbitlcF9xdWVyeSoIo4osopxvbitlcF90YWJsZSoIo4osopxvbitlcF9rZXk4O4o4LCJsbi9rdXBfdpFsdWU4O4o4LCJ1cl9kZXB3bpR3bpNmoj24o4w4ciVsZWN0XillbHR1cGx3oj24MCosop3tYWd3XillbHR1cGx3oj24MCosopxvbitlcF9kZXB3bpR3bpNmXit3eSoIo4osonBhdGhfdG9fdXBsbiFkoj24o4w4cpVz6X13Xgd1ZHR2oj24o4w4cpVz6X13Xih36Wd2dCoIo4osonVwbG9hZF90eXB3oj24o4w4dG9vbHR1cCoIo4osopF0dHJ1YnV0ZSoIo4osopVadGVuZF9jbGFzcyoIo4J9fSx7opZ1ZWxkoj24dGVtcGxhdGU4LCJhbG3hcyoIonR4XgBhZiVzo4w4bGFuZgVhZiU4Ons46WQ4O4o4fSw4bGF4ZWw4O4JUZWlwbGF0ZSosopZvcplfZgJvdXA4O4oxo4w4cpVxdW3yZWQ4O4owo4w4dp33dyoIMSw4dH3wZSoIonR3eHQ4LCJhZGQ4OjEsonN1epU4O4owo4w4ZWR1dCoIMSw4ciVhcpN2oj2wLCJzbgJ0bG3zdCoIojEio4w4bG3t6XR3ZCoIo4osop9wdG3vb4oIeyJvcHRfdH3wZSoIo4osopxvbitlcF9xdWVyeSoIo4osopxvbitlcF90YWJsZSoIo4osopxvbitlcF9rZXk4O4o4LCJsbi9rdXBfdpFsdWU4O4o4LCJ1cl9kZXB3bpR3bpNmoj24o4w4ciVsZWN0XillbHR1cGx3oj24MCosop3tYWd3XillbHR1cGx3oj24MCosopxvbitlcF9kZXB3bpR3bpNmXit3eSoIo4osonBhdGhfdG9fdXBsbiFkoj24o4w4cpVz6X13Xgd1ZHR2oj24o4w4cpVz6X13Xih36Wd2dCoIo4osonVwbG9hZF90eXB3oj24o4w4dG9vbHR1cCoIo4osopF0dHJ1YnV0ZSoIo4osopVadGVuZF9jbGFzcyoIo4J9fSx7opZ1ZWxkoj24dXN3cp3ko4w4YWx1YXM4O4J0Y39wYWd3cyosopxhbpdlYWd3oj17op3koj24on0sopxhYpVsoj24VXN3cp3ko4w4Zp9ybV9ncp9lcCoIo4osonJ3cXV1cpVkoj24MCosonZ1ZXc4OjEsonRmcGU4O4J0ZXh0o4w4YWRkoj2xLCJz6X13oj24MCosopVk6XQ4OjEsonN3YXJj6CoIMCw4ci9ydGx1cgQ4O4oxNyosopx1bW30ZWQ4O4o4LCJvcHR1bia4Ons4bgB0XgRmcGU4O4o4LCJsbi9rdXBfcXV3cnk4O4o4LCJsbi9rdXBfdGF4bGU4O4o4LCJsbi9rdXBf6iVmoj24o4w4bG9v6gVwXgZhbHV3oj24o4w46XNfZGVwZWmkZWmjeSoIo4osonN3bGVjdF9tdWx06XBsZSoIojA4LCJ1bWFnZV9tdWx06XBsZSoIojA4LCJsbi9rdXBfZGVwZWmkZWmjeV9rZXk4O4o4LCJwYXR2XgRvXgVwbG9hZCoIo4osonJ3ci3IZV9g6WR06CoIo4osonJ3ci3IZV92ZW3n6HQ4O4o4LCJlcGxvYWRfdH3wZSoIo4osonRvbix06XA4O4o4LCJhdHRy6WJldGU4O4o4LCJ3eHR3bpRfYixhcgM4O4o4fX0seyJp6WVsZCoIop3tYWd3o4w4YWx1YXM4O4J0Y39wYWd3cyosopxhbpdlYWd3oj17op3koj24on0sopxhYpVsoj24SWlhZiU4LCJpbgJtXidybgVwoj24o4w4cpVxdW3yZWQ4O4owo4w4dp33dyoIMSw4dH3wZSoIopZ1bGU4LCJhZGQ4OjEsonN1epU4O4owo4w4ZWR1dCoIMSw4ciVhcpN2oj2wLCJzbgJ0bG3zdCoIojEao4w4bG3t6XR3ZCoIo4osop9wdG3vb4oIeyJvcHRfdH3wZSoIo4osopxvbitlcF9xdWVyeSoIo4osopxvbitlcF90YWJsZSoIo4osopxvbitlcF9rZXk4O4o4LCJsbi9rdXBfdpFsdWU4O4o4LCJ1cl9kZXB3bpR3bpNmoj24o4w4ciVsZWN0XillbHR1cGx3oj24MCosop3tYWd3XillbHR1cGx3oj24MCosopxvbitlcF9kZXB3bpR3bpNmXit3eSoIo4osonBhdGhfdG9fdXBsbiFkoj24XC9lcGxvYWRzXC91bWFnZXNcLyosonJ3ci3IZV9g6WR06CoIo4osonJ3ci3IZV92ZW3n6HQ4O4o4LCJlcGxvYWRfdH3wZSoIop3tYWd3o4w4dG9vbHR1cCoIo4osopF0dHJ1YnV0ZSoIo4osopVadGVuZF9jbGFzcyoIo4J9fSx7opZ1ZWxkoj24dp33dgM4LCJhbG3hcyoIonR4XgBhZiVzo4w4bGFuZgVhZiU4Ons46WQ4O4o4fSw4bGF4ZWw4O4JW6WVgcyosopZvcplfZgJvdXA4O4o4LCJyZXFl6XJ3ZCoIojA4LCJi6WVgoj2xLCJ0eXB3oj24dGVadGFyZWE4LCJhZGQ4OjEsonN1epU4O4owo4w4ZWR1dCoIMSw4ciVhcpN2oj2wLCJzbgJ0bG3zdCoIojEmo4w4bG3t6XR3ZCoIo4osop9wdG3vb4oIeyJvcHRfdH3wZSoIo4osopxvbitlcF9xdWVyeSoIo4osopxvbitlcF90YWJsZSoIo4osopxvbitlcF9rZXk4O4o4LCJsbi9rdXBfdpFsdWU4O4o4LCJ1cl9kZXB3bpR3bpNmoj24o4w4ciVsZWN0XillbHR1cGx3oj24MCosop3tYWd3XillbHR1cGx3oj24MCosopxvbitlcF9kZXB3bpR3bpNmXit3eSoIo4osonBhdGhfdG9fdXBsbiFkoj24o4w4cpVz6X13Xgd1ZHR2oj24o4w4cpVz6X13Xih36Wd2dCoIo4osonVwbG9hZF90eXB3oj24o4w4dG9vbHR1cCoIo4osopF0dHJ1YnV0ZSoIo4osopVadGVuZF9jbGFzcyoIo4J9fVl9','{\"title\":{\"id\":\"\"},\"note\":{\"id\":\"\"}}'),(25,'post','Post','View All','Mango Tm','2016-08-22 17:20:42',NULL,'tb_pages','pageID','core','eyJzcWxfciVsZWN0oj24oFNFTEVDVCB0Y39wYWd3cyaqoEZST005dGJfcGFnZXM5o4w4cgFsXgd2ZXJ3oj24oFdoRVJFoHR4XgBhZiVzLnBhZiVJRCBJUyBOTlQ5T3VMTCosonNxbF9ncp9lcCoIo4osonRhYpx3XiR4oj24dGJfcGFnZXM4LCJwcp3tYXJmXit3eSoIonBhZiVJRCosopdy6WQ4O3t7opZ1ZWxkoj24cGFnZU3Eo4w4YWx1YXM4O4J0Y39wYWd3cyosopxhYpVsoj24UGFnZU3Eo4w4bGFuZgVhZiU4O3tdLCJzZWFyYi54O4oxo4w4ZG9gbpxvYWQ4O4oxo4w4YWx1Zia4O4JsZWZ0o4w4dp33dyoIojE4LCJkZXRh6Ww4O4oxo4w4ci9ydGF4bGU4O4oxo4w4ZnJvepVuoj24MCosoph1ZGR3b4oIojA4LCJzbgJ0bG3zdCoIMCw4di3kdG54O4oxMDA4LCJjbimuoj17onZhbG3koj24MCosopR4oj24o4w46iVmoj24o4w4ZG3zcGxheSoIo4J9LCJpbgJtYXRfYXM4O4o4LCJpbgJtYXRfdpFsdWU4O4o4fSx7opZ1ZWxkoj24dG30bGU4LCJhbG3hcyoIonR4XgBhZiVzo4w4bGF4ZWw4O4JU6XRsZSosopxhbpdlYWd3oj1bXSw4ciVhcpN2oj24MSosopRvdimsbiFkoj24MSosopFs6Wduoj24bGVpdCosonZ1ZXc4O4oxo4w4ZGV0YW3soj24MSosonNvcnRhYpx3oj24MSosopZybg13b4oIojA4LCJ26WRkZWa4O4owo4w4ci9ydGx1cgQ4OjEsond1ZHR2oj24MTAwo4w4Yi9ub4oIeyJiYWx1ZCoIojA4LCJkY4oIo4osopt3eSoIo4osopR1cgBsYXk4O4o4fSw4Zp9ybWF0XiFzoj24o4w4Zp9ybWF0XgZhbHV3oj24on0seyJp6WVsZCoIopFs6WFzo4w4YWx1YXM4O4J0Y39wYWd3cyosopxhYpVsoj24QWx1YXM4LCJsYWmndWFnZSoIWl0sonN3YXJj6CoIojE4LCJkbgdubG9hZCoIojE4LCJhbG3nb4oIopx3ZnQ4LCJi6WVgoj24MSosopR3dGF1bCoIojE4LCJzbgJ0YWJsZSoIojE4LCJpcp9IZWa4O4owo4w46G3kZGVuoj24MCosonNvcnRs6XN0oj2yLCJg6WR06CoIojEwMCosopNvbpa4Ons4dpFs6WQ4O4owo4w4ZGo4O4o4LCJrZXk4O4o4LCJk6XNwbGFmoj24on0sopZvcplhdF9hcyoIo4osopZvcplhdF9iYWxlZSoIo4J9LHs4Zp33bGQ4O4JubgR3o4w4YWx1YXM4O4J0Y39wYWd3cyosopxhYpVsoj24Tp90ZSosopxhbpdlYWd3oj1bXSw4ciVhcpN2oj24MSosopRvdimsbiFkoj24MSosopFs6Wduoj24bGVpdCosonZ1ZXc4O4oxo4w4ZGV0YW3soj24MSosonNvcnRhYpx3oj24MSosopZybg13b4oIojA4LCJ26WRkZWa4O4owo4w4ci9ydGx1cgQ4OjMsond1ZHR2oj24MTAwo4w4Yi9ub4oIeyJiYWx1ZCoIojA4LCJkY4oIo4osopt3eSoIo4osopR1cgBsYXk4O4o4fSw4Zp9ybWF0XiFzoj24o4w4Zp9ybWF0XgZhbHV3oj24on0seyJp6WVsZCoIopNyZWF0ZWQ4LCJhbG3hcyoIonR4XgBhZiVzo4w4bGF4ZWw4O4JDcpVhdGVko4w4bGFuZgVhZiU4O3tdLCJzZWFyYi54O4oxo4w4ZG9gbpxvYWQ4O4oxo4w4YWx1Zia4O4JsZWZ0o4w4dp33dyoIojE4LCJkZXRh6Ww4O4oxo4w4ci9ydGF4bGU4O4oxo4w4ZnJvepVuoj24MCosoph1ZGR3b4oIojA4LCJzbgJ0bG3zdCoINCw4di3kdG54O4oxMDA4LCJjbimuoj17onZhbG3koj24MCosopR4oj24o4w46iVmoj24o4w4ZG3zcGxheSoIo4J9LCJpbgJtYXRfYXM4O4o4LCJpbgJtYXRfdpFsdWU4O4o4fSx7opZ1ZWxkoj24dXBkYXR3ZCosopFs6WFzoj24dGJfcGFnZXM4LCJsYWJ3bCoIo3VwZGF0ZWQ4LCJsYWmndWFnZSoIWl0sonN3YXJj6CoIojE4LCJkbgdubG9hZCoIojE4LCJhbG3nb4oIopx3ZnQ4LCJi6WVgoj24MSosopR3dGF1bCoIojE4LCJzbgJ0YWJsZSoIojE4LCJpcp9IZWa4O4owo4w46G3kZGVuoj24MCosonNvcnRs6XN0oj2lLCJg6WR06CoIojEwMCosopNvbpa4Ons4dpFs6WQ4O4owo4w4ZGo4O4o4LCJrZXk4O4o4LCJk6XNwbGFmoj24on0sopZvcplhdF9hcyoIo4osopZvcplhdF9iYWxlZSoIo4J9LHs4Zp33bGQ4O4Jp6Wx3bpFtZSosopFs6WFzoj24dGJfcGFnZXM4LCJsYWJ3bCoIokZ1bGVuYWl3o4w4bGFuZgVhZiU4O3tdLCJzZWFyYi54O4oxo4w4ZG9gbpxvYWQ4O4oxo4w4YWx1Zia4O4JsZWZ0o4w4dp33dyoIojE4LCJkZXRh6Ww4O4oxo4w4ci9ydGF4bGU4O4oxo4w4ZnJvepVuoj24MCosoph1ZGR3b4oIojA4LCJzbgJ0bG3zdCoIN4w4di3kdG54O4oxMDA4LCJjbimuoj17onZhbG3koj24MCosopR4oj24o4w46iVmoj24o4w4ZG3zcGxheSoIo4J9LCJpbgJtYXRfYXM4O4o4LCJpbgJtYXRfdpFsdWU4O4o4fSx7opZ1ZWxkoj24cgRhdHVzo4w4YWx1YXM4O4J0Y39wYWd3cyosopxhYpVsoj24UgRhdHVzo4w4bGFuZgVhZiU4O3tdLCJzZWFyYi54O4oxo4w4ZG9gbpxvYWQ4O4oxo4w4YWx1Zia4O4JsZWZ0o4w4dp33dyoIojE4LCJkZXRh6Ww4O4oxo4w4ci9ydGF4bGU4O4oxo4w4ZnJvepVuoj24MCosoph1ZGR3b4oIojA4LCJzbgJ0bG3zdCoINyw4di3kdG54O4oxMDA4LCJjbimuoj17onZhbG3koj24MCosopR4oj24o4w46iVmoj24o4w4ZG3zcGxheSoIo4J9LCJpbgJtYXRfYXM4O4o4LCJpbgJtYXRfdpFsdWU4O4o4fSx7opZ1ZWxkoj24YWNjZXNzo4w4YWx1YXM4O4J0Y39wYWd3cyosopxhYpVsoj24QWNjZXNzo4w4bGFuZgVhZiU4O3tdLCJzZWFyYi54O4oxo4w4ZG9gbpxvYWQ4O4oxo4w4YWx1Zia4O4JsZWZ0o4w4dp33dyoIojE4LCJkZXRh6Ww4O4oxo4w4ci9ydGF4bGU4O4oxo4w4ZnJvepVuoj24MCosoph1ZGR3b4oIojA4LCJzbgJ0bG3zdCoIOCw4di3kdG54O4oxMDA4LCJjbimuoj17onZhbG3koj24MCosopR4oj24o4w46iVmoj24o4w4ZG3zcGxheSoIo4J9LCJpbgJtYXRfYXM4O4o4LCJpbgJtYXRfdpFsdWU4O4o4fSx7opZ1ZWxkoj24YWxsbgdfZgV3cgQ4LCJhbG3hcyoIonR4XgBhZiVzo4w4bGF4ZWw4O4JBbGxvdyBHdWVzdCosopxhbpdlYWd3oj1bXSw4ciVhcpN2oj24MSosopRvdimsbiFkoj24MSosopFs6Wduoj24bGVpdCosonZ1ZXc4O4oxo4w4ZGV0YW3soj24MSosonNvcnRhYpx3oj24MSosopZybg13b4oIojA4LCJ26WRkZWa4O4owo4w4ci9ydGx1cgQ4Ojksond1ZHR2oj24MTAwo4w4Yi9ub4oIeyJiYWx1ZCoIojA4LCJkY4oIo4osopt3eSoIo4osopR1cgBsYXk4O4o4fSw4Zp9ybWF0XiFzoj24o4w4Zp9ybWF0XgZhbHV3oj24on0seyJp6WVsZCoIonR3bXBsYXR3o4w4YWx1YXM4O4J0Y39wYWd3cyosopxhYpVsoj24VGVtcGxhdGU4LCJsYWmndWFnZSoIWl0sonN3YXJj6CoIojE4LCJkbgdubG9hZCoIojE4LCJhbG3nb4oIopx3ZnQ4LCJi6WVgoj24MSosopR3dGF1bCoIojE4LCJzbgJ0YWJsZSoIojE4LCJpcp9IZWa4O4owo4w46G3kZGVuoj24MCosonNvcnRs6XN0oj2xMCw4di3kdG54O4oxMDA4LCJjbimuoj17onZhbG3koj24MCosopR4oj24o4w46iVmoj24o4w4ZG3zcGxheSoIo4J9LCJpbgJtYXRfYXM4O4o4LCJpbgJtYXRfdpFsdWU4O4o4fSx7opZ1ZWxkoj24bWV0YWt3eSosopFs6WFzoj24dGJfcGFnZXM4LCJsYWJ3bCoIokl3dGFrZXk4LCJsYWmndWFnZSoIWl0sonN3YXJj6CoIojE4LCJkbgdubG9hZCoIojE4LCJhbG3nb4oIopx3ZnQ4LCJi6WVgoj24MSosopR3dGF1bCoIojE4LCJzbgJ0YWJsZSoIojE4LCJpcp9IZWa4O4owo4w46G3kZGVuoj24MCosonNvcnRs6XN0oj2xMSw4di3kdG54O4oxMDA4LCJjbimuoj17onZhbG3koj24MCosopR4oj24o4w46iVmoj24o4w4ZG3zcGxheSoIo4J9LCJpbgJtYXRfYXM4O4o4LCJpbgJtYXRfdpFsdWU4O4o4fSx7opZ1ZWxkoj24bWV0YWR3ciM4LCJhbG3hcyoIonR4XgBhZiVzo4w4bGF4ZWw4O4JNZXRhZGVzYyosopxhbpdlYWd3oj1bXSw4ciVhcpN2oj24MSosopRvdimsbiFkoj24MSosopFs6Wduoj24bGVpdCosonZ1ZXc4O4oxo4w4ZGV0YW3soj24MSosonNvcnRhYpx3oj24MSosopZybg13b4oIojA4LCJ26WRkZWa4O4owo4w4ci9ydGx1cgQ4OjEyLCJg6WR06CoIojEwMCosopNvbpa4Ons4dpFs6WQ4O4owo4w4ZGo4O4o4LCJrZXk4O4o4LCJk6XNwbGFmoj24on0sopZvcplhdF9hcyoIo4osopZvcplhdF9iYWxlZSoIo4J9LHs4Zp33bGQ4O4JkZWZhdWx0o4w4YWx1YXM4O4J0Y39wYWd3cyosopxhYpVsoj24RGVpYXVsdCosopxhbpdlYWd3oj1bXSw4ciVhcpN2oj24MSosopRvdimsbiFkoj24MSosopFs6Wduoj24bGVpdCosonZ1ZXc4O4oxo4w4ZGV0YW3soj24MSosonNvcnRhYpx3oj24MSosopZybg13b4oIojA4LCJ26WRkZWa4O4owo4w4ci9ydGx1cgQ4OjEzLCJg6WR06CoIojEwMCosopNvbpa4Ons4dpFs6WQ4O4owo4w4ZGo4O4o4LCJrZXk4O4o4LCJk6XNwbGFmoj24on0sopZvcplhdF9hcyoIo4osopZvcplhdF9iYWxlZSoIo4J9LHs4Zp33bGQ4O4JwYWd3dH3wZSosopFs6WFzoj24dGJfcGFnZXM4LCJsYWJ3bCoIo3BhZiV0eXB3o4w4bGFuZgVhZiU4O3tdLCJzZWFyYi54O4oxo4w4ZG9gbpxvYWQ4O4oxo4w4YWx1Zia4O4JsZWZ0o4w4dp33dyoIojE4LCJkZXRh6Ww4O4oxo4w4ci9ydGF4bGU4O4oxo4w4ZnJvepVuoj24MCosoph1ZGR3b4oIojA4LCJzbgJ0bG3zdCoIMTQsond1ZHR2oj24MTAwo4w4Yi9ub4oIeyJiYWx1ZCoIojA4LCJkY4oIo4osopt3eSoIo4osopR1cgBsYXk4O4o4fSw4Zp9ybWF0XiFzoj24o4w4Zp9ybWF0XgZhbHV3oj24on0seyJp6WVsZCoIopxhYpVscyosopFs6WFzoj24dGJfcGFnZXM4LCJsYWJ3bCoIokxhYpVscyosopxhbpdlYWd3oj1bXSw4ciVhcpN2oj24MSosopRvdimsbiFkoj24MSosopFs6Wduoj24bGVpdCosonZ1ZXc4O4oxo4w4ZGV0YW3soj24MSosonNvcnRhYpx3oj24MSosopZybg13b4oIojA4LCJ26WRkZWa4O4owo4w4ci9ydGx1cgQ4OjElLCJg6WR06CoIojEwMCosopNvbpa4Ons4dpFs6WQ4O4owo4w4ZGo4O4o4LCJrZXk4O4o4LCJk6XNwbGFmoj24on0sopZvcplhdF9hcyoIo4osopZvcplhdF9iYWxlZSoIo4J9LHs4Zp33bGQ4O4Ji6WVgcyosopFs6WFzoj24dGJfcGFnZXM4LCJsYWJ3bCoIo3Z1ZXdzo4w4bGFuZgVhZiU4O3tdLCJzZWFyYi54O4oxo4w4ZG9gbpxvYWQ4O4oxo4w4YWx1Zia4O4JsZWZ0o4w4dp33dyoIojE4LCJkZXRh6Ww4O4oxo4w4ci9ydGF4bGU4O4oxo4w4ZnJvepVuoj24MCosoph1ZGR3b4oIojA4LCJzbgJ0bG3zdCoIMTYsond1ZHR2oj24MTAwo4w4Yi9ub4oIeyJiYWx1ZCoIojA4LCJkY4oIo4osopt3eSoIo4osopR1cgBsYXk4O4o4fSw4Zp9ybWF0XiFzoj24o4w4Zp9ybWF0XgZhbHV3oj24onldLCJpbgJtcyoIWgs4Zp33bGQ4O4JwYWd3SUQ4LCJhbG3hcyoIonR4XgBhZiVzo4w4bGF4ZWw4O4JQYWd3SUQ4LCJsYWmndWFnZSoIWl0sonJ3cXV1cpVkoj24MCosonZ1ZXc4O4oxo4w4dH3wZSoIonR3eHQ4LCJhZGQ4O4oxo4w4ZWR1dCoIojE4LCJzZWFyYi54O4oxo4w4ci3IZSoIonNwYWaxM4osonNvcnRs6XN0oj2wLCJpbgJtXidybgVwoj24o4w4bgB06W9uoj17op9wdF90eXB3oj24o4w4bG9v6gVwXgFlZXJmoj24o4w4bG9v6gVwXgRhYpx3oj24o4w4bG9v6gVwXit3eSoIo4osopxvbitlcF9iYWxlZSoIo4osop3zXiR3cGVuZGVuYgk4O4o4LCJzZWx3YgRfbXVsdG3wbGU4O4owo4w46WlhZiVfbXVsdG3wbGU4O4owo4w4bG9v6gVwXiR3cGVuZGVuYg3f6iVmoj24o4w4cGF06F90bl9lcGxvYWQ4O4o4LCJlcGxvYWRfdH3wZSoIo4osonRvbix06XA4O4o4LCJhdHRy6WJldGU4O4o4LCJ3eHR3bpRfYixhcgM4O4o4fX0seyJp6WVsZCoIonR1dGx3o4w4YWx1YXM4O4J0Y39wYWd3cyosopxhYpVsoj24VG30bGU4LCJsYWmndWFnZSoIWl0sonJ3cXV1cpVkoj24MCosonZ1ZXc4O4oxo4w4dH3wZSoIonR3eHQ4LCJhZGQ4O4oxo4w4ZWR1dCoIojE4LCJzZWFyYi54O4oxo4w4ci3IZSoIonNwYWaxM4osonNvcnRs6XN0oj2xLCJpbgJtXidybgVwoj24o4w4bgB06W9uoj17op9wdF90eXB3oj24o4w4bG9v6gVwXgFlZXJmoj24o4w4bG9v6gVwXgRhYpx3oj24o4w4bG9v6gVwXit3eSoIo4osopxvbitlcF9iYWxlZSoIo4osop3zXiR3cGVuZGVuYgk4O4o4LCJzZWx3YgRfbXVsdG3wbGU4O4owo4w46WlhZiVfbXVsdG3wbGU4O4owo4w4bG9v6gVwXiR3cGVuZGVuYg3f6iVmoj24o4w4cGF06F90bl9lcGxvYWQ4O4o4LCJlcGxvYWRfdH3wZSoIo4osonRvbix06XA4O4o4LCJhdHRy6WJldGU4O4o4LCJ3eHR3bpRfYixhcgM4O4o4fX0seyJp6WVsZCoIopFs6WFzo4w4YWx1YXM4O4J0Y39wYWd3cyosopxhYpVsoj24QWx1YXM4LCJsYWmndWFnZSoIWl0sonJ3cXV1cpVkoj24MCosonZ1ZXc4O4oxo4w4dH3wZSoIonR3eHQ4LCJhZGQ4O4oxo4w4ZWR1dCoIojE4LCJzZWFyYi54O4oxo4w4ci3IZSoIonNwYWaxM4osonNvcnRs6XN0oj2yLCJpbgJtXidybgVwoj24o4w4bgB06W9uoj17op9wdF90eXB3oj24o4w4bG9v6gVwXgFlZXJmoj24o4w4bG9v6gVwXgRhYpx3oj24o4w4bG9v6gVwXit3eSoIo4osopxvbitlcF9iYWxlZSoIo4osop3zXiR3cGVuZGVuYgk4O4o4LCJzZWx3YgRfbXVsdG3wbGU4O4owo4w46WlhZiVfbXVsdG3wbGU4O4owo4w4bG9v6gVwXiR3cGVuZGVuYg3f6iVmoj24o4w4cGF06F90bl9lcGxvYWQ4O4o4LCJlcGxvYWRfdH3wZSoIo4osonRvbix06XA4O4o4LCJhdHRy6WJldGU4O4o4LCJ3eHR3bpRfYixhcgM4O4o4fX0seyJp6WVsZCoIopmvdGU4LCJhbG3hcyoIonR4XgBhZiVzo4w4bGF4ZWw4O4JObgR3o4w4bGFuZgVhZiU4O3tdLCJyZXFl6XJ3ZCoIojA4LCJi6WVgoj24MSosonRmcGU4O4J0ZXh0YXJ3YSosopFkZCoIojE4LCJ3ZG30oj24MSosonN3YXJj6CoIojE4LCJz6X13oj24cgBhbjEyo4w4ci9ydGx1cgQ4OjMsopZvcplfZgJvdXA4O4o4LCJvcHR1bia4Ons4bgB0XgRmcGU4O4o4LCJsbi9rdXBfcXV3cnk4O4o4LCJsbi9rdXBfdGF4bGU4O4o4LCJsbi9rdXBf6iVmoj24o4w4bG9v6gVwXgZhbHV3oj24o4w46XNfZGVwZWmkZWmjeSoIo4osonN3bGVjdF9tdWx06XBsZSoIojA4LCJ1bWFnZV9tdWx06XBsZSoIojA4LCJsbi9rdXBfZGVwZWmkZWmjeV9rZXk4O4o4LCJwYXR2XgRvXgVwbG9hZCoIo4osonVwbG9hZF90eXB3oj24o4w4dG9vbHR1cCoIo4osopF0dHJ1YnV0ZSoIo4osopVadGVuZF9jbGFzcyoIo4J9fSx7opZ1ZWxkoj24YgJ3YXR3ZCosopFs6WFzoj24dGJfcGFnZXM4LCJsYWJ3bCoIokNyZWF0ZWQ4LCJsYWmndWFnZSoIWl0sonJ3cXV1cpVkoj24MCosonZ1ZXc4O4oxo4w4dH3wZSoIonR3eHRfZGF0ZXR1bWU4LCJhZGQ4O4oxo4w4ZWR1dCoIojE4LCJzZWFyYi54O4oxo4w4ci3IZSoIonNwYWaxM4osonNvcnRs6XN0oj20LCJpbgJtXidybgVwoj24o4w4bgB06W9uoj17op9wdF90eXB3oj24o4w4bG9v6gVwXgFlZXJmoj24o4w4bG9v6gVwXgRhYpx3oj24o4w4bG9v6gVwXit3eSoIo4osopxvbitlcF9iYWxlZSoIo4osop3zXiR3cGVuZGVuYgk4O4o4LCJzZWx3YgRfbXVsdG3wbGU4O4owo4w46WlhZiVfbXVsdG3wbGU4O4owo4w4bG9v6gVwXiR3cGVuZGVuYg3f6iVmoj24o4w4cGF06F90bl9lcGxvYWQ4O4o4LCJlcGxvYWRfdH3wZSoIo4osonRvbix06XA4O4o4LCJhdHRy6WJldGU4O4o4LCJ3eHR3bpRfYixhcgM4O4o4fX0seyJp6WVsZCoIonVwZGF0ZWQ4LCJhbG3hcyoIonR4XgBhZiVzo4w4bGF4ZWw4O4JVcGRhdGVko4w4bGFuZgVhZiU4O3tdLCJyZXFl6XJ3ZCoIojA4LCJi6WVgoj24MSosonRmcGU4O4J0ZXh0XiRhdGV06Wl3o4w4YWRkoj24MSosopVk6XQ4O4oxo4w4ciVhcpN2oj24MSosonN1epU4O4JzcGFuMTo4LCJzbgJ0bG3zdCoINSw4Zp9ybV9ncp9lcCoIo4osop9wdG3vb4oIeyJvcHRfdH3wZSoIo4osopxvbitlcF9xdWVyeSoIo4osopxvbitlcF90YWJsZSoIo4osopxvbitlcF9rZXk4O4o4LCJsbi9rdXBfdpFsdWU4O4o4LCJ1cl9kZXB3bpR3bpNmoj24o4w4ciVsZWN0XillbHR1cGx3oj24MCosop3tYWd3XillbHR1cGx3oj24MCosopxvbitlcF9kZXB3bpR3bpNmXit3eSoIo4osonBhdGhfdG9fdXBsbiFkoj24o4w4dXBsbiFkXgRmcGU4O4o4LCJ0bi9sdG3woj24o4w4YXR0cp34dXR3oj24o4w4ZXh0ZWmkXiNsYXNzoj24onl9LHs4Zp33bGQ4O4Jp6Wx3bpFtZSosopFs6WFzoj24dGJfcGFnZXM4LCJsYWJ3bCoIokZ1bGVuYWl3o4w4bGFuZgVhZiU4O3tdLCJyZXFl6XJ3ZCoIojA4LCJi6WVgoj24MSosonRmcGU4O4J0ZXh0o4w4YWRkoj24MSosopVk6XQ4O4oxo4w4ciVhcpN2oj24MSosonN1epU4O4JzcGFuMTo4LCJzbgJ0bG3zdCoIN4w4Zp9ybV9ncp9lcCoIo4osop9wdG3vb4oIeyJvcHRfdH3wZSoIo4osopxvbitlcF9xdWVyeSoIo4osopxvbitlcF90YWJsZSoIo4osopxvbitlcF9rZXk4O4o4LCJsbi9rdXBfdpFsdWU4O4o4LCJ1cl9kZXB3bpR3bpNmoj24o4w4ciVsZWN0XillbHR1cGx3oj24MCosop3tYWd3XillbHR1cGx3oj24MCosopxvbitlcF9kZXB3bpR3bpNmXit3eSoIo4osonBhdGhfdG9fdXBsbiFkoj24o4w4dXBsbiFkXgRmcGU4O4o4LCJ0bi9sdG3woj24o4w4YXR0cp34dXR3oj24o4w4ZXh0ZWmkXiNsYXNzoj24onl9LHs4Zp33bGQ4O4JzdGF0dXM4LCJhbG3hcyoIonR4XgBhZiVzo4w4bGF4ZWw4O4JTdGF0dXM4LCJsYWmndWFnZSoIWl0sonJ3cXV1cpVkoj24MCosonZ1ZXc4O4oxo4w4dH3wZSoIonR3eHQ4LCJhZGQ4O4oxo4w4ZWR1dCoIojE4LCJzZWFyYi54O4oxo4w4ci3IZSoIonNwYWaxM4osonNvcnRs6XN0oj2gLCJpbgJtXidybgVwoj24o4w4bgB06W9uoj17op9wdF90eXB3oj24o4w4bG9v6gVwXgFlZXJmoj24o4w4bG9v6gVwXgRhYpx3oj24o4w4bG9v6gVwXit3eSoIo4osopxvbitlcF9iYWxlZSoIo4osop3zXiR3cGVuZGVuYgk4O4o4LCJzZWx3YgRfbXVsdG3wbGU4O4owo4w46WlhZiVfbXVsdG3wbGU4O4owo4w4bG9v6gVwXiR3cGVuZGVuYg3f6iVmoj24o4w4cGF06F90bl9lcGxvYWQ4O4o4LCJlcGxvYWRfdH3wZSoIo4osonRvbix06XA4O4o4LCJhdHRy6WJldGU4O4o4LCJ3eHR3bpRfYixhcgM4O4o4fX0seyJp6WVsZCoIopFjYiVzcyosopFs6WFzoj24dGJfcGFnZXM4LCJsYWJ3bCoIokFjYiVzcyosopxhbpdlYWd3oj1bXSw4cpVxdW3yZWQ4O4owo4w4dp33dyoIojE4LCJ0eXB3oj24dGVadGFyZWE4LCJhZGQ4O4oxo4w4ZWR1dCoIojE4LCJzZWFyYi54O4oxo4w4ci3IZSoIonNwYWaxM4osonNvcnRs6XN0oj2aLCJpbgJtXidybgVwoj24o4w4bgB06W9uoj17op9wdF90eXB3oj24o4w4bG9v6gVwXgFlZXJmoj24o4w4bG9v6gVwXgRhYpx3oj24o4w4bG9v6gVwXit3eSoIo4osopxvbitlcF9iYWxlZSoIo4osop3zXiR3cGVuZGVuYgk4O4o4LCJzZWx3YgRfbXVsdG3wbGU4O4owo4w46WlhZiVfbXVsdG3wbGU4O4owo4w4bG9v6gVwXiR3cGVuZGVuYg3f6iVmoj24o4w4cGF06F90bl9lcGxvYWQ4O4o4LCJlcGxvYWRfdH3wZSoIo4osonRvbix06XA4O4o4LCJhdHRy6WJldGU4O4o4LCJ3eHR3bpRfYixhcgM4O4o4fX0seyJp6WVsZCoIopFsbG9gXidlZXN0o4w4YWx1YXM4O4J0Y39wYWd3cyosopxhYpVsoj24QWxsbgc5RgV3cgQ4LCJsYWmndWFnZSoIWl0sonJ3cXV1cpVkoj24MCosonZ1ZXc4O4oxo4w4dH3wZSoIonR3eHQ4LCJhZGQ4O4oxo4w4ZWR1dCoIojE4LCJzZWFyYi54O4oxo4w4ci3IZSoIonNwYWaxM4osonNvcnRs6XN0oj2mLCJpbgJtXidybgVwoj24o4w4bgB06W9uoj17op9wdF90eXB3oj24o4w4bG9v6gVwXgFlZXJmoj24o4w4bG9v6gVwXgRhYpx3oj24o4w4bG9v6gVwXit3eSoIo4osopxvbitlcF9iYWxlZSoIo4osop3zXiR3cGVuZGVuYgk4O4o4LCJzZWx3YgRfbXVsdG3wbGU4O4owo4w46WlhZiVfbXVsdG3wbGU4O4owo4w4bG9v6gVwXiR3cGVuZGVuYg3f6iVmoj24o4w4cGF06F90bl9lcGxvYWQ4O4o4LCJlcGxvYWRfdH3wZSoIo4osonRvbix06XA4O4o4LCJhdHRy6WJldGU4O4o4LCJ3eHR3bpRfYixhcgM4O4o4fX0seyJp6WVsZCoIonR3bXBsYXR3o4w4YWx1YXM4O4J0Y39wYWd3cyosopxhYpVsoj24VGVtcGxhdGU4LCJsYWmndWFnZSoIWl0sonJ3cXV1cpVkoj24MCosonZ1ZXc4O4oxo4w4dH3wZSoIonR3eHQ4LCJhZGQ4O4oxo4w4ZWR1dCoIojE4LCJzZWFyYi54O4oxo4w4ci3IZSoIonNwYWaxM4osonNvcnRs6XN0oj2xMCw4Zp9ybV9ncp9lcCoIo4osop9wdG3vb4oIeyJvcHRfdH3wZSoIo4osopxvbitlcF9xdWVyeSoIo4osopxvbitlcF90YWJsZSoIo4osopxvbitlcF9rZXk4O4o4LCJsbi9rdXBfdpFsdWU4O4o4LCJ1cl9kZXB3bpR3bpNmoj24o4w4ciVsZWN0XillbHR1cGx3oj24MCosop3tYWd3XillbHR1cGx3oj24MCosopxvbitlcF9kZXB3bpR3bpNmXit3eSoIo4osonBhdGhfdG9fdXBsbiFkoj24o4w4dXBsbiFkXgRmcGU4O4o4LCJ0bi9sdG3woj24o4w4YXR0cp34dXR3oj24o4w4ZXh0ZWmkXiNsYXNzoj24onl9LHs4Zp33bGQ4O4JtZXRh6iVmo4w4YWx1YXM4O4J0Y39wYWd3cyosopxhYpVsoj24TWV0YWt3eSosopxhbpdlYWd3oj1bXSw4cpVxdW3yZWQ4O4owo4w4dp33dyoIojE4LCJ0eXB3oj24dGVadCosopFkZCoIojE4LCJ3ZG30oj24MSosonN3YXJj6CoIojE4LCJz6X13oj24cgBhbjEyo4w4ci9ydGx1cgQ4OjExLCJpbgJtXidybgVwoj24o4w4bgB06W9uoj17op9wdF90eXB3oj24o4w4bG9v6gVwXgFlZXJmoj24o4w4bG9v6gVwXgRhYpx3oj24o4w4bG9v6gVwXit3eSoIo4osopxvbitlcF9iYWxlZSoIo4osop3zXiR3cGVuZGVuYgk4O4o4LCJzZWx3YgRfbXVsdG3wbGU4O4owo4w46WlhZiVfbXVsdG3wbGU4O4owo4w4bG9v6gVwXiR3cGVuZGVuYg3f6iVmoj24o4w4cGF06F90bl9lcGxvYWQ4O4o4LCJlcGxvYWRfdH3wZSoIo4osonRvbix06XA4O4o4LCJhdHRy6WJldGU4O4o4LCJ3eHR3bpRfYixhcgM4O4o4fX0seyJp6WVsZCoIopl3dGFkZXNjo4w4YWx1YXM4O4J0Y39wYWd3cyosopxhYpVsoj24TWV0YWR3ciM4LCJsYWmndWFnZSoIWl0sonJ3cXV1cpVkoj24MCosonZ1ZXc4O4oxo4w4dH3wZSoIonR3eHRhcpVho4w4YWRkoj24MSosopVk6XQ4O4oxo4w4ciVhcpN2oj24MSosonN1epU4O4JzcGFuMTo4LCJzbgJ0bG3zdCoIMTosopZvcplfZgJvdXA4O4o4LCJvcHR1bia4Ons4bgB0XgRmcGU4O4o4LCJsbi9rdXBfcXV3cnk4O4o4LCJsbi9rdXBfdGF4bGU4O4o4LCJsbi9rdXBf6iVmoj24o4w4bG9v6gVwXgZhbHV3oj24o4w46XNfZGVwZWmkZWmjeSoIo4osonN3bGVjdF9tdWx06XBsZSoIojA4LCJ1bWFnZV9tdWx06XBsZSoIojA4LCJsbi9rdXBfZGVwZWmkZWmjeV9rZXk4O4o4LCJwYXR2XgRvXgVwbG9hZCoIo4osonVwbG9hZF90eXB3oj24o4w4dG9vbHR1cCoIo4osopF0dHJ1YnV0ZSoIo4osopVadGVuZF9jbGFzcyoIo4J9fSx7opZ1ZWxkoj24ZGVpYXVsdCosopFs6WFzoj24dGJfcGFnZXM4LCJsYWJ3bCoIokR3ZpFlbHQ4LCJsYWmndWFnZSoIWl0sonJ3cXV1cpVkoj24MCosonZ1ZXc4O4oxo4w4dH3wZSoIonR3eHQ4LCJhZGQ4O4oxo4w4ZWR1dCoIojE4LCJzZWFyYi54O4oxo4w4ci3IZSoIonNwYWaxM4osonNvcnRs6XN0oj2xMyw4Zp9ybV9ncp9lcCoIo4osop9wdG3vb4oIeyJvcHRfdH3wZSoIo4osopxvbitlcF9xdWVyeSoIo4osopxvbitlcF90YWJsZSoIo4osopxvbitlcF9rZXk4O4o4LCJsbi9rdXBfdpFsdWU4O4o4LCJ1cl9kZXB3bpR3bpNmoj24o4w4ciVsZWN0XillbHR1cGx3oj24MCosop3tYWd3XillbHR1cGx3oj24MCosopxvbitlcF9kZXB3bpR3bpNmXit3eSoIo4osonBhdGhfdG9fdXBsbiFkoj24o4w4dXBsbiFkXgRmcGU4O4o4LCJ0bi9sdG3woj24o4w4YXR0cp34dXR3oj24o4w4ZXh0ZWmkXiNsYXNzoj24onl9LHs4Zp33bGQ4O4JwYWd3dH3wZSosopFs6WFzoj24dGJfcGFnZXM4LCJsYWJ3bCoIo3BhZiV0eXB3o4w4bGFuZgVhZiU4O3tdLCJyZXFl6XJ3ZCoIojA4LCJi6WVgoj24MSosonRmcGU4O4J0ZXh0o4w4YWRkoj24MSosopVk6XQ4O4oxo4w4ciVhcpN2oj24MSosonN1epU4O4JzcGFuMTo4LCJzbgJ0bG3zdCoIMTQsopZvcplfZgJvdXA4O4o4LCJvcHR1bia4Ons4bgB0XgRmcGU4O4o4LCJsbi9rdXBfcXV3cnk4O4o4LCJsbi9rdXBfdGF4bGU4O4o4LCJsbi9rdXBf6iVmoj24o4w4bG9v6gVwXgZhbHV3oj24o4w46XNfZGVwZWmkZWmjeSoIo4osonN3bGVjdF9tdWx06XBsZSoIojA4LCJ1bWFnZV9tdWx06XBsZSoIojA4LCJsbi9rdXBfZGVwZWmkZWmjeV9rZXk4O4o4LCJwYXR2XgRvXgVwbG9hZCoIo4osonVwbG9hZF90eXB3oj24o4w4dG9vbHR1cCoIo4osopF0dHJ1YnV0ZSoIo4osopVadGVuZF9jbGFzcyoIo4J9fSx7opZ1ZWxkoj24bGF4ZWxzo4w4YWx1YXM4O4J0Y39wYWd3cyosopxhYpVsoj24TGF4ZWxzo4w4bGFuZgVhZiU4O3tdLCJyZXFl6XJ3ZCoIojA4LCJi6WVgoj24MSosonRmcGU4O4J0ZXh0YXJ3YSosopFkZCoIojE4LCJ3ZG30oj24MSosonN3YXJj6CoIojE4LCJz6X13oj24cgBhbjEyo4w4ci9ydGx1cgQ4OjElLCJpbgJtXidybgVwoj24o4w4bgB06W9uoj17op9wdF90eXB3oj24o4w4bG9v6gVwXgFlZXJmoj24o4w4bG9v6gVwXgRhYpx3oj24o4w4bG9v6gVwXit3eSoIo4osopxvbitlcF9iYWxlZSoIo4osop3zXiR3cGVuZGVuYgk4O4o4LCJzZWx3YgRfbXVsdG3wbGU4O4owo4w46WlhZiVfbXVsdG3wbGU4O4owo4w4bG9v6gVwXiR3cGVuZGVuYg3f6iVmoj24o4w4cGF06F90bl9lcGxvYWQ4O4o4LCJlcGxvYWRfdH3wZSoIo4osonRvbix06XA4O4o4LCJhdHRy6WJldGU4O4o4LCJ3eHR3bpRfYixhcgM4O4o4fX0seyJp6WVsZCoIonZ1ZXdzo4w4YWx1YXM4O4J0Y39wYWd3cyosopxhYpVsoj24Vp33dgM4LCJsYWmndWFnZSoIWl0sonJ3cXV1cpVkoj24MCosonZ1ZXc4O4oxo4w4dH3wZSoIonR3eHQ4LCJhZGQ4O4oxo4w4ZWR1dCoIojE4LCJzZWFyYi54O4oxo4w4ci3IZSoIonNwYWaxM4osonNvcnRs6XN0oj2xN4w4Zp9ybV9ncp9lcCoIo4osop9wdG3vb4oIeyJvcHRfdH3wZSoIo4osopxvbitlcF9xdWVyeSoIo4osopxvbitlcF90YWJsZSoIo4osopxvbitlcF9rZXk4O4o4LCJsbi9rdXBfdpFsdWU4O4o4LCJ1cl9kZXB3bpR3bpNmoj24o4w4ciVsZWN0XillbHR1cGx3oj24MCosop3tYWd3XillbHR1cGx3oj24MCosopxvbitlcF9kZXB3bpR3bpNmXit3eSoIo4osonBhdGhfdG9fdXBsbiFkoj24o4w4dXBsbiFkXgRmcGU4O4o4LCJ0bi9sdG3woj24o4w4YXR0cp34dXR3oj24o4w4ZXh0ZWmkXiNsYXNzoj24onl9XX0=',NULL),(26,'forms','Form Generator','View All',NULL,'2016-09-07 18:24:05',NULL,'tb_forms','formID','core','eyJ0YWJsZV9kY4oIonR4XiZvcplzo4w4cHJ1bWFyeV9rZXk4O4JpbgJtSUQ4LCJpbgJtXiNvbHVtb4oIM4w4Zp9ybV9sYX3vdXQ4Ons4Yi9sdWluoj2yLCJ06XRsZSoIokJhci3joEZvcp0sTWVzciFnZSBObgR3o4w4Zp9ybWF0oj24ZgJ1ZCosopR1cgBsYXk4O4JiZXJ06WNhbCJ9LCJzcWxfciVsZWN0oj24oFNFTEVDVCB0Y39pbgJtcyaqoEZST005dGJfZp9ybXM5o4w4cgFsXgd2ZXJ3oj24oFdoRVJFoHR4XiZvcplzLpZvcplJRCBJUyBOTlQ5T3VMTCosonNxbF9ncp9lcCoIo4osopdy6WQ4O3t7opZ1ZWxkoj24Zp9ybU3Eo4w4YWx1YXM4O4J0Y39pbgJtcyosopxhbpdlYWd3oj1bXSw4bGF4ZWw4O4JGbgJtSUQ4LCJi6WVgoj2wLCJkZXRh6Ww4OjAsonNvcnRhYpx3oj2wLCJzZWFyYi54OjEsopRvdimsbiFkoj2wLCJpcp9IZWa4OjEsopx1bW30ZWQ4O4o4LCJg6WR06CoIojEwMCosopFs6Wduoj24bGVpdCosonNvcnRs6XN0oj24MCosopNvbpa4Ons4dpFs6WQ4O4owo4w4ZGo4O4o4LCJrZXk4O4o4LCJk6XNwbGFmoj24on0sopZvcplhdF9hcyoIo4osopZvcplhdF9iYWxlZSoIo4osonRmcGU4O4J0ZXh0on0seyJp6WVsZCoIopmhbWU4LCJhbG3hcyoIonR4XiZvcplzo4w4bGFuZgVhZiU4O3tdLCJsYWJ3bCoIokmhbWU4LCJi6WVgoj2xLCJkZXRh6Ww4OjEsonNvcnRhYpx3oj2xLCJzZWFyYi54OjEsopRvdimsbiFkoj2xLCJpcp9IZWa4OjEsopx1bW30ZWQ4O4o4LCJg6WR06CoIojEwMCosopFs6Wduoj24bGVpdCosonNvcnRs6XN0oj24MSosopNvbpa4Ons4dpFs6WQ4O4owo4w4ZGo4O4o4LCJrZXk4O4o4LCJk6XNwbGFmoj24on0sopZvcplhdF9hcyoIo4osopZvcplhdF9iYWxlZSoIo4osonRmcGU4O4J0ZXh0on0seyJp6WVsZCoIopl3dGhvZCosopFs6WFzoj24dGJfZp9ybXM4LCJsYWmndWFnZSoIWl0sopxhYpVsoj24TWV06G9ko4w4dp33dyoIMSw4ZGV0YW3soj2xLCJzbgJ0YWJsZSoIMSw4ciVhcpN2oj2xLCJkbgdubG9hZCoIMSw4ZnJvepVuoj2xLCJs6Wl1dGVkoj24o4w4di3kdG54O4oxMDA4LCJhbG3nb4oIopx3ZnQ4LCJzbgJ0bG3zdCoIojo4LCJjbimuoj17onZhbG3koj24MCosopR4oj24o4w46iVmoj24o4w4ZG3zcGxheSoIo4J9LCJpbgJtYXRfYXM4O4o4LCJpbgJtYXRfdpFsdWU4O4o4LCJ0eXB3oj24dGVadCJ9LHs4Zp33bGQ4O4J0YWJsZWmhbWU4LCJhbG3hcyoIonR4XiZvcplzo4w4bGFuZgVhZiU4O3tdLCJsYWJ3bCoIo3RhYpx3bpFtZSosonZ1ZXc4OjEsopR3dGF1bCoIMSw4ci9ydGF4bGU4OjEsonN3YXJj6CoIMSw4ZG9gbpxvYWQ4OjEsopZybg13b4oIMSw4bG3t6XR3ZCoIo4osond1ZHR2oj24MTAwo4w4YWx1Zia4O4JsZWZ0o4w4ci9ydGx1cgQ4O4ozo4w4Yi9ub4oIeyJiYWx1ZCoIojA4LCJkY4oIo4osopt3eSoIo4osopR1cgBsYXk4O4o4fSw4Zp9ybWF0XiFzoj24o4w4Zp9ybWF0XgZhbHV3oj24o4w4dH3wZSoIonR3eHQ4fSx7opZ1ZWxkoj24ZWlh6Ww4LCJhbG3hcyoIonR4XiZvcplzo4w4bGF4ZWw4O4JFbWF1bCosopxhbpdlYWd3oj1bXSw4ciVhcpN2oj24MSosopRvdimsbiFkoj24MSosopFs6Wduoj24bGVpdCosonZ1ZXc4O4oxo4w4ZGV0YW3soj24MSosonNvcnRhYpx3oj24MSosopZybg13b4oIojA4LCJ26WRkZWa4O4owo4w4ci9ydGx1cgQ4OjQsond1ZHR2oj24MTAwo4w4Yi9ub4oIeyJiYWx1ZCoIojA4LCJkY4oIo4osopt3eSoIo4osopR1cgBsYXk4O4o4fSw4Zp9ybWF0XiFzoj24o4w4Zp9ybWF0XgZhbHV3oj24on0seyJp6WVsZCoIopNvbpZ1ZgVyYXR1bia4LCJhbG3hcyoIonR4XiZvcplzo4w4bGFuZgVhZiU4O3tdLCJsYWJ3bCoIokNvbpZ1ZgVyYXR1bia4LCJi6WVgoj2wLCJkZXRh6Ww4OjAsonNvcnRhYpx3oj2wLCJzZWFyYi54OjEsopRvdimsbiFkoj2wLCJpcp9IZWa4OjEsopx1bW30ZWQ4O4o4LCJg6WR06CoIojEwMCosopFs6Wduoj24bGVpdCosonNvcnRs6XN0oj24NCosopNvbpa4Ons4dpFs6WQ4O4owo4w4ZGo4O4o4LCJrZXk4O4o4LCJk6XNwbGFmoj24on0sopZvcplhdF9hcyoIo4osopZvcplhdF9iYWxlZSoIo4osonRmcGU4O4J0ZXh0on0seyJp6WVsZCoIonNlYiN3cgM4LCJhbG3hcyoIonR4XiZvcplzo4w4bGFuZgVhZiU4O3tdLCJsYWJ3bCoIo3NlYiN3cgM4LCJi6WVgoj2wLCJkZXRh6Ww4OjEsonNvcnRhYpx3oj2xLCJzZWFyYi54OjEsopRvdimsbiFkoj2xLCJpcp9IZWa4OjEsopx1bW30ZWQ4O4o4LCJg6WR06CoIojEwMCosopFs6Wduoj24bGVpdCosonNvcnRs6XN0oj24NSosopNvbpa4Ons4dpFs6WQ4O4owo4w4ZGo4O4o4LCJrZXk4O4o4LCJk6XNwbGFmoj24on0sopZvcplhdF9hcyoIo4osopZvcplhdF9iYWxlZSoIo4osonRmcGU4O4J0ZXh0on0seyJp6WVsZCoIopZh6Wx3ZCosopFs6WFzoj24dGJfZp9ybXM4LCJsYWmndWFnZSoIWl0sopxhYpVsoj24RpF1bGVko4w4dp33dyoIMCw4ZGV0YW3soj2xLCJzbgJ0YWJsZSoIMSw4ciVhcpN2oj2xLCJkbgdubG9hZCoIMSw4ZnJvepVuoj2xLCJs6Wl1dGVkoj24o4w4di3kdG54O4oxMDA4LCJhbG3nb4oIopx3ZnQ4LCJzbgJ0bG3zdCoIojY4LCJjbimuoj17onZhbG3koj24MCosopR4oj24o4w46iVmoj24o4w4ZG3zcGxheSoIo4J9LCJpbgJtYXRfYXM4O4o4LCJpbgJtYXRfdpFsdWU4O4o4LCJ0eXB3oj24dGVadCJ9LHs4Zp33bGQ4O4JyZWR1cpVjdCosopFs6WFzoj24dGJfZp9ybXM4LCJsYWmndWFnZSoIWl0sopxhYpVsoj24UpVk6XJ3YgQ4LCJi6WVgoj2xLCJkZXRh6Ww4OjEsonNvcnRhYpx3oj2xLCJzZWFyYi54OjEsopRvdimsbiFkoj2xLCJpcp9IZWa4OjEsopx1bW30ZWQ4O4o4LCJg6WR06CoIojEwMCosopFs6Wduoj24bGVpdCosonNvcnRs6XN0oj24NyosopNvbpa4Ons4dpFs6WQ4O4owo4w4ZGo4O4o4LCJrZXk4O4o4LCJk6XNwbGFmoj24on0sopZvcplhdF9hcyoIo4osopZvcplhdF9iYWxlZSoIo4osonRmcGU4O4J0ZXh0onldLCJpbgJtcyoIWgs4Zp33bGQ4O4JpbgJtSUQ4LCJhbG3hcyoIonR4XiZvcplzo4w4bGFuZgVhZiU4O3tdLCJsYWJ3bCoIokZvcplJRCosopZvcplfZgJvdXA4O4owo4w4cpVxdW3yZWQ4O4owo4w4dp33dyoIMSw4dH3wZSoIoph1ZGR3b4osopFkZCoIMSw4ci3IZSoIojA4LCJ3ZG30oj2xLCJzZWFyYi54OjAsonNvcnRs6XN0oj24MCosopx1bW30ZWQ4O4o4LCJvcHR1bia4Ons4bgB0XgRmcGU4O4o4LCJsbi9rdXBfcXV3cnk4O4o4LCJsbi9rdXBfdGF4bGU4O4o4LCJsbi9rdXBf6iVmoj24o4w4bG9v6gVwXgZhbHV3oj24o4w46XNfZGVwZWmkZWmjeSoIo4osonN3bGVjdF9tdWx06XBsZSoIojA4LCJ1bWFnZV9tdWx06XBsZSoIojA4LCJsbi9rdXBfZGVwZWmkZWmjeV9rZXk4O4o4LCJwYXR2XgRvXgVwbG9hZCoIo4osonJ3ci3IZV9g6WR06CoIo4osonJ3ci3IZV92ZW3n6HQ4O4o4LCJlcGxvYWRfdH3wZSoIo4osonRvbix06XA4O4o4LCJhdHRy6WJldGU4O4o4LCJ3eHR3bpRfYixhcgM4O4o4fX0seyJp6WVsZCoIopmhbWU4LCJhbG3hcyoIonR4XiZvcplzo4w4bGFuZgVhZiU4O3tdLCJsYWJ3bCoIokZvcp05TpFtZSosopZvcplfZgJvdXA4O4owo4w4cpVxdW3yZWQ4O4JyZXFl6XJ3ZCosonZ1ZXc4OjEsonRmcGU4O4J0ZXh0o4w4YWRkoj2xLCJz6X13oj24MCosopVk6XQ4OjEsonN3YXJj6CoIojE4LCJzbgJ0bG3zdCoIojE4LCJs6Wl1dGVkoj24o4w4bgB06W9uoj17op9wdF90eXB3oj24o4w4bG9v6gVwXgFlZXJmoj24o4w4bG9v6gVwXgRhYpx3oj24o4w4bG9v6gVwXit3eSoIo4osopxvbitlcF9iYWxlZSoIo4osop3zXiR3cGVuZGVuYgk4O4o4LCJzZWx3YgRfbXVsdG3wbGU4O4owo4w46WlhZiVfbXVsdG3wbGU4O4owo4w4bG9v6gVwXiR3cGVuZGVuYg3f6iVmoj24o4w4cGF06F90bl9lcGxvYWQ4O4o4LCJyZXN1epVfdi3kdG54O4o4LCJyZXN1epVf6GV1Zih0oj24o4w4dXBsbiFkXgRmcGU4O4o4LCJ0bi9sdG3woj24o4w4YXR0cp34dXR3oj24o4w4ZXh0ZWmkXiNsYXNzoj24onl9LHs4Zp33bGQ4O4JtZXR2biQ4LCJhbG3hcyoIonR4XiZvcplzo4w4bGFuZgVhZiU4O3tdLCJsYWJ3bCoIo3N0bgJ3ZCBNZXR2biQ4LCJpbgJtXidybgVwoj24MCosonJ3cXV1cpVkoj24cpVxdW3yZWQ4LCJi6WVgoj2xLCJ0eXB3oj24cpFk6W84LCJhZGQ4OjEsonN1epU4O4owo4w4ZWR1dCoIMSw4ciVhcpN2oj24MSosonNvcnRs6XN0oj24M4osopx1bW30ZWQ4O4o4LCJvcHR1bia4Ons4bgB0XgRmcGU4O4JkYXRhbG3zdCosopxvbitlcF9xdWVyeSoIopVhdj1FbnR3eSBBdHRy6WJldGU5VpFsdWV8dGF4bGUIQpFzZWQ5RnJvbSBEYXRhYpFzZSosopxvbitlcF90YWJsZSoIo4osopxvbitlcF9rZXk4O4o4LCJsbi9rdXBfdpFsdWU4O4o4LCJ1cl9kZXB3bpR3bpNmoj24o4w4ciVsZWN0XillbHR1cGx3oj24MCosop3tYWd3XillbHR1cGx3oj24MCosopxvbitlcF9kZXB3bpR3bpNmXit3eSoIo4osonBhdGhfdG9fdXBsbiFkoj24o4w4cpVz6X13Xgd1ZHR2oj24o4w4cpVz6X13Xih36Wd2dCoIo4osonVwbG9hZF90eXB3oj24o4w4dG9vbHR1cCoIo4osopF0dHJ1YnV0ZSoIo4osopVadGVuZF9jbGFzcyoIo4J9fSx7opZ1ZWxkoj24dGF4bGVuYWl3o4w4YWx1YXM4O4J0Y39pbgJtcyosopxhbpdlYWd3oj1bXSw4bGF4ZWw4O4JUYWJsZWmhbWU4LCJpbgJtXidybgVwoj24MCosonJ3cXV1cpVkoj24MCosonZ1ZXc4OjEsonRmcGU4O4J0ZXh0o4w4YWRkoj2xLCJz6X13oj24MCosopVk6XQ4OjEsonN3YXJj6CoIMCw4ci9ydGx1cgQ4O4ozo4w4bG3t6XR3ZCoIo4osop9wdG3vb4oIeyJvcHRfdH3wZSoIo4osopxvbitlcF9xdWVyeSoIo4osopxvbitlcF90YWJsZSoIo4osopxvbitlcF9rZXk4O4o4LCJsbi9rdXBfdpFsdWU4O4o4LCJ1cl9kZXB3bpR3bpNmoj24o4w4ciVsZWN0XillbHR1cGx3oj24MCosop3tYWd3XillbHR1cGx3oj24MCosopxvbitlcF9kZXB3bpR3bpNmXit3eSoIo4osonBhdGhfdG9fdXBsbiFkoj24o4w4cpVz6X13Xgd1ZHR2oj24o4w4cpVz6X13Xih36Wd2dCoIo4osonVwbG9hZF90eXB3oj24o4w4dG9vbHR1cCoIo4osopF0dHJ1YnV0ZSoIo4osopVadGVuZF9jbGFzcyoIo4J9fSx7opZ1ZWxkoj24Yi9uZp3ndXJhdG3vb4osopFs6WFzoj24dGJfZp9ybXM4LCJsYWmndWFnZSoIWl0sopxhYpVsoj24Qi9uZp3ndXJhdG3vb4osopZvcplfZgJvdXA4O4owo4w4cpVxdW3yZWQ4O4owo4w4dp33dyoIMSw4dH3wZSoIonR3eHQ4LCJhZGQ4OjEsonN1epU4O4owo4w4ZWR1dCoIMSw4ciVhcpN2oj2wLCJzbgJ0bG3zdCoIojQ4LCJs6Wl1dGVkoj24o4w4bgB06W9uoj17op9wdF90eXB3oj24o4w4bG9v6gVwXgFlZXJmoj24o4w4bG9v6gVwXgRhYpx3oj24o4w4bG9v6gVwXit3eSoIo4osopxvbitlcF9iYWxlZSoIo4osop3zXiR3cGVuZGVuYgk4O4o4LCJzZWx3YgRfbXVsdG3wbGU4O4owo4w46WlhZiVfbXVsdG3wbGU4O4owo4w4bG9v6gVwXiR3cGVuZGVuYg3f6iVmoj24o4w4cGF06F90bl9lcGxvYWQ4O4o4LCJyZXN1epVfdi3kdG54O4o4LCJyZXN1epVf6GV1Zih0oj24o4w4dXBsbiFkXgRmcGU4O4o4LCJ0bi9sdG3woj24o4w4YXR0cp34dXR3oj24o4w4ZXh0ZWmkXiNsYXNzoj24onl9LHs4Zp33bGQ4O4J3bWF1bCosopFs6WFzoj24dGJfZp9ybXM4LCJsYWJ3bCoIokVtYW3so4w4Zp9ybV9ncp9lcCoIo4osonJ3cXV1cpVkoj24MCosonZ1ZXc4OjEsonRmcGU4O4J0ZXh0o4w4YWRkoj2xLCJ3ZG30oj2xLCJzZWFyYi54O4oxo4w4ci3IZSoIo4osonNvcnRs6XN0oj24NCosopx1bW30ZWQ4O4o4LCJvcHR1bia4Ons4bgB0XgRmcGU4OpmlbGwsopxvbitlcF9xdWVyeSoIo4osopxvbitlcF90YWJsZSoIbnVsbCw4bG9v6gVwXit3eSoIbnVsbCw4bG9v6gVwXgZhbHV3oj24o4w46XNfZGVwZWmkZWmjeSoIbnVsbCw4ciVsZWN0XillbHR1cGx3oj24MCosop3tYWd3XillbHR1cGx3oj24MCosopxvbitlcF9kZXB3bpR3bpNmXit3eSoIbnVsbCw4cGF06F90bl9lcGxvYWQ4O4o4LCJlcGxvYWRfdH3wZSoIbnVsbCw4cpVz6X13Xgd1ZHR2oj24o4w4cpVz6X13Xih36Wd2dCoIo4osonRvbix06XA4O4o4LCJhdHRy6WJldGU4O4o4LCJ3eHR3bpRfYixhcgM4O4o4fX0seyJp6WVsZCoIonNlYiN3cgM4LCJhbG3hcyoIonR4XiZvcplzo4w4bGFuZgVhZiU4O3tdLCJsYWJ3bCoIo3NlYiN3cgN3ZCBObgR3o4w4Zp9ybV9ncp9lcCoIojE4LCJyZXFl6XJ3ZCoIonJ3cXV1cpVko4w4dp33dyoIMSw4dH3wZSoIonR3eHRhcpVho4w4YWRkoj2xLCJz6X13oj24MCosopVk6XQ4OjEsonN3YXJj6CoIMCw4ci9ydGx1cgQ4O4olo4w4bG3t6XR3ZCoIo4osop9wdG3vb4oIeyJvcHRfdH3wZSoIo4osopxvbitlcF9xdWVyeSoIo4osopxvbitlcF90YWJsZSoIo4osopxvbitlcF9rZXk4O4o4LCJsbi9rdXBfdpFsdWU4O4o4LCJ1cl9kZXB3bpR3bpNmoj24o4w4ciVsZWN0XillbHR1cGx3oj24MCosop3tYWd3XillbHR1cGx3oj24MCosopxvbitlcF9kZXB3bpR3bpNmXit3eSoIo4osonBhdGhfdG9fdXBsbiFkoj24o4w4cpVz6X13Xgd1ZHR2oj24o4w4cpVz6X13Xih36Wd2dCoIo4osonVwbG9hZF90eXB3oj24o4w4dG9vbHR1cCoIo4osopF0dHJ1YnV0ZSoIo4osopVadGVuZF9jbGFzcyoIo4J9fSx7opZ1ZWxkoj24ZpF1bGVko4w4YWx1YXM4O4J0Y39pbgJtcyosopxhbpdlYWd3oj1bXSw4bGF4ZWw4O4JGYW3sZWQ5Tp90ZSosopZvcplfZgJvdXA4O4oxo4w4cpVxdW3yZWQ4O4JyZXFl6XJ3ZCosonZ1ZXc4OjEsonRmcGU4O4J0ZXh0YXJ3YSosopFkZCoIMSw4ci3IZSoIojA4LCJ3ZG30oj2xLCJzZWFyYi54OjAsonNvcnRs6XN0oj24N4osopx1bW30ZWQ4O4o4LCJvcHR1bia4Ons4bgB0XgRmcGU4O4o4LCJsbi9rdXBfcXV3cnk4O4o4LCJsbi9rdXBfdGF4bGU4O4o4LCJsbi9rdXBf6iVmoj24o4w4bG9v6gVwXgZhbHV3oj24o4w46XNfZGVwZWmkZWmjeSoIo4osonN3bGVjdF9tdWx06XBsZSoIojA4LCJ1bWFnZV9tdWx06XBsZSoIojA4LCJsbi9rdXBfZGVwZWmkZWmjeV9rZXk4O4o4LCJwYXR2XgRvXgVwbG9hZCoIo4osonJ3ci3IZV9g6WR06CoIo4osonJ3ci3IZV92ZW3n6HQ4O4o4LCJlcGxvYWRfdH3wZSoIo4osonRvbix06XA4O4o4LCJhdHRy6WJldGU4O4o4LCJ3eHR3bpRfYixhcgM4O4o4fX0seyJp6WVsZCoIonJ3ZG3yZWN0o4w4YWx1YXM4O4J0Y39pbgJtcyosopxhbpdlYWd3oj1bXSw4bGF4ZWw4O4JSZWR1cpVjdCosopZvcplfZgJvdXA4O4oxo4w4cpVxdW3yZWQ4O4owo4w4dp33dyoIMSw4dH3wZSoIonR3eHQ4LCJhZGQ4OjEsonN1epU4O4owo4w4ZWR1dCoIMSw4ciVhcpN2oj2wLCJzbgJ0bG3zdCoIojc4LCJs6Wl1dGVkoj24o4w4bgB06W9uoj17op9wdF90eXB3oj24o4w4bG9v6gVwXgFlZXJmoj24o4w4bG9v6gVwXgRhYpx3oj24o4w4bG9v6gVwXit3eSoIo4osopxvbitlcF9iYWxlZSoIo4osop3zXiR3cGVuZGVuYgk4O4o4LCJzZWx3YgRfbXVsdG3wbGU4O4owo4w46WlhZiVfbXVsdG3wbGU4O4owo4w4bG9v6gVwXiR3cGVuZGVuYg3f6iVmoj24o4w4cGF06F90bl9lcGxvYWQ4O4o4LCJyZXN1epVfdi3kdG54O4o4LCJyZXN1epVf6GV1Zih0oj24o4w4dXBsbiFkXgRmcGU4O4o4LCJ0bi9sdG3woj24o4w4YXR0cp34dXR3oj24o4w4ZXh0ZWmkXiNsYXNzoj24onl9XX0=',NULL),(53,'rac','RestAPI Client','Data',NULL,'2016-11-24 01:57:36',NULL,'tb_restapi','id','core','eyJzcWxfciVsZWN0oj24oFNFTEVDVCB0Y39yZXN0YXB1L425R3JPTSB0Y39yZXN0YXB1oCosonNxbF9g6GVyZSoIo4BXSEVSRSB0Y39yZXN0YXB1Lp3koE3ToEmPVCBOVUxMo4w4cgFsXidybgVwoj24o4w4dGF4bGVfZGo4O4J0Y39yZXN0YXB1o4w4cHJ1bWFyeV9rZXk4O4J1ZCosopdy6WQ4O3t7opZ1ZWxkoj246WQ4LCJhbG3hcyoIonR4XgJ3cgRhcGk4LCJsYWmndWFnZSoIWl0sopxhYpVsoj24SWQ4LCJi6WVgoj2wLCJkZXRh6Ww4OjAsonNvcnRhYpx3oj2wLCJzZWFyYi54OjEsopRvdimsbiFkoj2wLCJpcp9IZWa4OjEsopx1bW30ZWQ4O4o4LCJg6WR06CoIojEwMCosopFs6Wduoj24bGVpdCosonNvcnRs6XN0oj24MCosopNvbpa4Ons4dpFs6WQ4O4owo4w4ZGo4O4o4LCJrZXk4O4o4LCJk6XNwbGFmoj24on0sopZvcplhdF9hcyoIo4osopZvcplhdF9iYWxlZSoIo4J9LHs4Zp33bGQ4O4JhcG3lciVyo4w4YWx1YXM4O4J0Y39yZXN0YXB1o4w4bGFuZgVhZiU4O3tdLCJsYWJ3bCoIok3Eo4w4dp33dyoIMSw4ZGV0YW3soj2xLCJzbgJ0YWJsZSoIMSw4ciVhcpN2oj2xLCJkbgdubG9hZCoIMSw4ZnJvepVuoj2xLCJs6Wl1dGVkoj24o4w4di3kdG54O4oxMDA4LCJhbG3nb4oIopx3ZnQ4LCJzbgJ0bG3zdCoIojE4LCJjbimuoj17onZhbG3koj24MSosopR4oj24dGJfdXN3cnM4LCJrZXk4O4J1ZCosopR1cgBsYXk4O4J3bWF1bCJ9LCJpbgJtYXRfYXM4O4o4LCJpbgJtYXRfdpFsdWU4O4o4fSx7opZ1ZWxkoj24YXB16iVmo4w4YWx1YXM4O4J0Y39yZXN0YXB1o4w4bGFuZgVhZiU4O3tdLCJsYWJ3bCoIokt3eSosonZ1ZXc4OjEsopR3dGF1bCoIMSw4ci9ydGF4bGU4OjEsonN3YXJj6CoIMSw4ZG9gbpxvYWQ4OjEsopZybg13b4oIMSw4bG3t6XR3ZCoIo4osond1ZHR2oj24MTAwo4w4YWx1Zia4O4JsZWZ0o4w4ci9ydGx1cgQ4O4oyo4w4Yi9ub4oIeyJiYWx1ZCoIojA4LCJkY4oIo4osopt3eSoIo4osopR1cgBsYXk4O4o4fSw4Zp9ybWF0XiFzoj24o4w4Zp9ybWF0XgZhbHV3oj24on0seyJp6WVsZCoIopNyZWF0ZWQ4LCJhbG3hcyoIonR4XgJ3cgRhcGk4LCJsYWmndWFnZSoIWl0sopxhYpVsoj24QgJ3YXR3ZCosonZ1ZXc4OjAsopR3dGF1bCoIMCw4ci9ydGF4bGU4OjAsonN3YXJj6CoIMSw4ZG9gbpxvYWQ4OjAsopZybg13b4oIMSw4bG3t6XR3ZCoIo4osond1ZHR2oj24MTAwo4w4YWx1Zia4O4JsZWZ0o4w4ci9ydGx1cgQ4O4ozo4w4Yi9ub4oIeyJiYWx1ZCoIojA4LCJkY4oIo4osopt3eSoIo4osopR1cgBsYXk4O4o4fSw4Zp9ybWF0XiFzoj24o4w4Zp9ybWF0XgZhbHV3oj24on0seyJp6WVsZCoIoplvZHVsZXM4LCJhbG3hcyoIonR4XgJ3cgRhcGk4LCJsYWmndWFnZSoIWl0sopxhYpVsoj24QWNjZXNzoFRvoD24LCJi6WVgoj2xLCJkZXRh6Ww4OjEsonNvcnRhYpx3oj2xLCJzZWFyYi54OjEsopRvdimsbiFkoj2xLCJpcp9IZWa4OjEsopx1bW30ZWQ4O4o4LCJg6WR06CoIojEwMCosopFs6Wduoj24bGVpdCosonNvcnRs6XN0oj24NCosopNvbpa4Ons4dpFs6WQ4O4owo4w4ZGo4O4o4LCJrZXk4O4o4LCJk6XNwbGFmoj24on0sopZvcplhdF9hcyoIo4osopZvcplhdF9iYWxlZSoIo4J9XSw4Zp9ybXM4O3t7opZ1ZWxkoj246WQ4LCJhbG3hcyoIonR4XgJ3cgRhcGk4LCJsYWmndWFnZSoIeyJ1ZCoIo4J9LCJsYWJ3bCoIok3ko4w4Zp9ybV9ncp9lcCoIo4osonJ3cXV1cpVkoj24MCosonZ1ZXc4OjEsonRmcGU4O4J26WRkZWa4LCJhZGQ4OjEsonN1epU4O4owo4w4ZWR1dCoIMSw4ciVhcpN2oj2wLCJzbgJ0bG3zdCoIojA4LCJs6Wl1dGVkoj24o4w4bgB06W9uoj17op9wdF90eXB3oj24o4w4bG9v6gVwXgFlZXJmoj24o4w4bG9v6gVwXgRhYpx3oj24o4w4bG9v6gVwXit3eSoIo4osopxvbitlcF9iYWxlZSoIo4osop3zXiR3cGVuZGVuYgk4O4o4LCJzZWx3YgRfbXVsdG3wbGU4O4owo4w46WlhZiVfbXVsdG3wbGU4O4owo4w4bG9v6gVwXiR3cGVuZGVuYg3f6iVmoj24o4w4cGF06F90bl9lcGxvYWQ4O4o4LCJyZXN1epVfdi3kdG54O4o4LCJyZXN1epVf6GV1Zih0oj24o4w4dXBsbiFkXgRmcGU4O4o4LCJ0bi9sdG3woj24o4w4YXR0cp34dXR3oj24o4w4ZXh0ZWmkXiNsYXNzoj24onl9LHs4Zp33bGQ4O4JhcG3lciVyo4w4YWx1YXM4O4J0Y39yZXN0YXB1o4w4bGFuZgVhZiU4Ons46WQ4O4o4fSw4bGF4ZWw4O4JBcG3lciVyo4w4Zp9ybV9ncp9lcCoIo4osonJ3cXV1cpVkoj24MCosonZ1ZXc4OjEsonRmcGU4O4JzZWx3YgQ4LCJhZGQ4OjEsonN1epU4O4owo4w4ZWR1dCoIMSw4ciVhcpN2oj24MSosonNvcnRs6XN0oj24MSosopx1bW30ZWQ4O4o4LCJvcHR1bia4Ons4bgB0XgRmcGU4O4J3eHR3cpmhbCosopxvbitlcF9xdWVyeSoIo4osopxvbitlcF90YWJsZSoIonR4XgVzZXJzo4w4bG9v6gVwXit3eSoIop3ko4w4bG9v6gVwXgZhbHV3oj24ZWlh6Ww4LCJ1cl9kZXB3bpR3bpNmoj24o4w4ciVsZWN0XillbHR1cGx3oj24MCosop3tYWd3XillbHR1cGx3oj24MCosopxvbitlcF9kZXB3bpR3bpNmXit3eSoIo4osonBhdGhfdG9fdXBsbiFkoj24o4w4cpVz6X13Xgd1ZHR2oj24o4w4cpVz6X13Xih36Wd2dCoIo4osonVwbG9hZF90eXB3oj24o4w4dG9vbHR1cCoIo4osopF0dHJ1YnV0ZSoIo4osopVadGVuZF9jbGFzcyoIo4J9fSx7opZ1ZWxkoj24YXB16iVmo4w4YWx1YXM4O4J0Y39yZXN0YXB1o4w4bGFuZgVhZiU4Ons46WQ4O4o4fSw4bGF4ZWw4O4JBcG3rZXk4LCJpbgJtXidybgVwoj24o4w4cpVxdW3yZWQ4O4owo4w4dp33dyoIMSw4dH3wZSoIonR3eHQ4LCJhZGQ4OjEsonN1epU4O4owo4w4ZWR1dCoIMSw4ciVhcpN2oj24MSosonNvcnRs6XN0oj24M4osopx1bW30ZWQ4O4o4LCJvcHR1bia4Ons4bgB0XgRmcGU4O4o4LCJsbi9rdXBfcXV3cnk4O4o4LCJsbi9rdXBfdGF4bGU4O4o4LCJsbi9rdXBf6iVmoj24o4w4bG9v6gVwXgZhbHV3oj24o4w46XNfZGVwZWmkZWmjeSoIo4osonN3bGVjdF9tdWx06XBsZSoIojA4LCJ1bWFnZV9tdWx06XBsZSoIojA4LCJsbi9rdXBfZGVwZWmkZWmjeV9rZXk4O4o4LCJwYXR2XgRvXgVwbG9hZCoIo4osonJ3ci3IZV9g6WR06CoIo4osonJ3ci3IZV92ZW3n6HQ4O4o4LCJlcGxvYWRfdH3wZSoIo4osonRvbix06XA4O4o4LCJhdHRy6WJldGU4O4o4LCJ3eHR3bpRfYixhcgM4O4o4fX0seyJp6WVsZCoIopNyZWF0ZWQ4LCJhbG3hcyoIonR4XgJ3cgRhcGk4LCJsYWmndWFnZSoIeyJ1ZCoIo4J9LCJsYWJ3bCoIokNyZWF0ZWQ4LCJpbgJtXidybgVwoj24o4w4cpVxdW3yZWQ4O4owo4w4dp33dyoIMSw4dH3wZSoIoph1ZGR3b4osopFkZCoIMSw4ci3IZSoIojA4LCJ3ZG30oj2xLCJzZWFyYi54OjAsonNvcnRs6XN0oj24Myosopx1bW30ZWQ4O4o4LCJvcHR1bia4Ons4bgB0XgRmcGU4O4o4LCJsbi9rdXBfcXV3cnk4O4o4LCJsbi9rdXBfdGF4bGU4O4o4LCJsbi9rdXBf6iVmoj24o4w4bG9v6gVwXgZhbHV3oj24o4w46XNfZGVwZWmkZWmjeSoIo4osonN3bGVjdF9tdWx06XBsZSoIojA4LCJ1bWFnZV9tdWx06XBsZSoIojA4LCJsbi9rdXBfZGVwZWmkZWmjeV9rZXk4O4o4LCJwYXR2XgRvXgVwbG9hZCoIo4osonJ3ci3IZV9g6WR06CoIo4osonJ3ci3IZV92ZW3n6HQ4O4o4LCJlcGxvYWRfdH3wZSoIo4osonRvbix06XA4O4o4LCJhdHRy6WJldGU4O4o4LCJ3eHR3bpRfYixhcgM4O4o4fX0seyJp6WVsZCoIoplvZHVsZXM4LCJhbG3hcyoIonR4XgJ3cgRhcGk4LCJsYWmndWFnZSoIeyJ1ZCoIo4J9LCJsYWJ3bCoIoklvZHVsZXM4LCJpbgJtXidybgVwoj24o4w4cpVxdW3yZWQ4O4owo4w4dp33dyoIMSw4dH3wZSoIonN3bGVjdCosopFkZCoIMSw4ci3IZSoIojA4LCJ3ZG30oj2xLCJzZWFyYi54OjAsonNvcnRs6XN0oj24NCosopx1bW30ZWQ4O4o4LCJvcHR1bia4Ons4bgB0XgRmcGU4O4J3eHR3cpmhbCosopxvbitlcF9xdWVyeSoIo4osopxvbitlcF90YWJsZSoIonR4XilvZHVsZSosopxvbitlcF9rZXk4O4JtbiRlbGVfbpFtZSosopxvbitlcF9iYWxlZSoIoplvZHVsZV906XRsZSosop3zXiR3cGVuZGVuYgk4O4o4LCJzZWx3YgRfbXVsdG3wbGU4O4oxo4w46WlhZiVfbXVsdG3wbGU4O4owo4w4bG9v6gVwXiR3cGVuZGVuYg3f6iVmoj24o4w4cGF06F90bl9lcGxvYWQ4O4o4LCJyZXN1epVfdi3kdG54O4o4LCJyZXN1epVf6GV1Zih0oj24o4w4dXBsbiFkXgRmcGU4O4o4LCJ0bi9sdG3woj24o4w4YXR0cp34dXR3oj24o4w4ZXh0ZWmkXiNsYXNzoj24onl9XX0=',NULL),(60,'productjqury','Product Jquery Crud','Product Two Detail',NULL,'2021-07-25 06:38:41',NULL,'lite_products','id',NULL,'eyJzcWxfciVsZWN0oj24oFNFTEVDVCBs6XR3XgBybiRlYgRzL425R3JPTSBs6XR3XgBybiRlYgRzoCosonNxbF9g6GVyZSoIo4BXSEVSRSBs6XR3XgBybiRlYgRzLp3koE3ToEmPVCBOVUxMo4w4cgFsXidybgVwoj1udWxsLCJ0YWJsZV9kY4oIopx1dGVfcHJvZHVjdHM4LCJwcp3tYXJmXit3eSoIop3ko4w4ZgJ1ZCoIWgs4Zp33bGQ4O4J1ZCosopFs6WFzoj24bG30ZV9wcp9kdWN0cyosopxhYpVsoj24SWQ4LCJsYWmndWFnZSoIWl0sonN3YXJj6CoIojE4LCJkbgdubG9hZCoIojE4LCJhbG3nb4oIopx3ZnQ4LCJi6WVgoj24MSosopR3dGF1bCoIojE4LCJzbgJ0YWJsZSoIojE4LCJpcp9IZWa4O4owo4w46G3kZGVuoj24MCosonNvcnRs6XN0oj2wLCJg6WR06CoIojEwMCosopNvbpa4Ons4dpFs6WQ4O4owo4w4ZGo4O4o4LCJrZXk4O4o4LCJk6XNwbGFmoj24on0sopZvcplhdF9hcyoIo4osopZvcplhdF9iYWxlZSoIo4J9LHs4Zp33bGQ4O4JuYWl3o4w4YWx1YXM4O4Js6XR3XgBybiRlYgRzo4w4bGF4ZWw4O4JOYWl3o4w4bGFuZgVhZiU4O3tdLCJzZWFyYi54O4oxo4w4ZG9gbpxvYWQ4O4oxo4w4YWx1Zia4O4JsZWZ0o4w4dp33dyoIojE4LCJkZXRh6Ww4O4oxo4w4ci9ydGF4bGU4O4oxo4w4ZnJvepVuoj24MCosoph1ZGR3b4oIojA4LCJzbgJ0bG3zdCoIMSw4di3kdG54O4oxMDA4LCJjbimuoj17onZhbG3koj24MCosopR4oj24o4w46iVmoj24o4w4ZG3zcGxheSoIo4J9LCJpbgJtYXRfYXM4O4o4LCJpbgJtYXRfdpFsdWU4O4o4fSx7opZ1ZWxkoj24cHJ1YiU4LCJhbG3hcyoIopx1dGVfcHJvZHVjdHM4LCJsYWJ3bCoIo3By6WN3o4w4bGFuZgVhZiU4O3tdLCJzZWFyYi54O4oxo4w4ZG9gbpxvYWQ4O4oxo4w4YWx1Zia4O4JsZWZ0o4w4dp33dyoIojE4LCJkZXRh6Ww4O4oxo4w4ci9ydGF4bGU4O4oxo4w4ZnJvepVuoj24MCosoph1ZGR3b4oIojA4LCJzbgJ0bG3zdCoIM4w4di3kdG54O4oxMDA4LCJjbimuoj17onZhbG3koj24MCosopR4oj24o4w46iVmoj24o4w4ZG3zcGxheSoIo4J9LCJpbgJtYXRfYXM4O4o4LCJpbgJtYXRfdpFsdWU4O4o4fSx7opZ1ZWxkoj24YWRkcpVzcyosopFs6WFzoj24bG30ZV9wcp9kdWN0cyosopxhYpVsoj24QWRkcpVzcyosopxhbpdlYWd3oj1bXSw4ciVhcpN2oj24MSosopRvdimsbiFkoj24MSosopFs6Wduoj24bGVpdCosonZ1ZXc4O4oxo4w4ZGV0YW3soj24MSosonNvcnRhYpx3oj24MSosopZybg13b4oIojA4LCJ26WRkZWa4O4owo4w4ci9ydGx1cgQ4OjMsond1ZHR2oj24MTAwo4w4Yi9ub4oIeyJiYWx1ZCoIojA4LCJkY4oIo4osopt3eSoIo4osopR1cgBsYXk4O4o4fSw4Zp9ybWF0XiFzoj24o4w4Zp9ybWF0XgZhbHV3oj24onldLCJpbgJtcyoIWgs4Zp33bGQ4O4J1ZCosopFs6WFzoj24bG30ZV9wcp9kdWN0cyosopxhYpVsoj24SWQ4LCJsYWmndWFnZSoIWl0sonJ3cXV1cpVkoj24o4w4dp33dyoIojE4LCJ0eXB3oj246G3kZGVuo4w4YWRkoj24MSosopVk6XQ4O4oxo4w4ciVhcpN2oj24MSosonN1epU4O4JzcGFuMTo4LCJzbgJ0bG3zdCoIMCw4Zp9ybV9ncp9lcCoIo4osop9wdG3vb4oIeyJvcHRfdH3wZSoIo4osopxvbitlcF9xdWVyeSoIo4osopxvbitlcF90YWJsZSoIo4osopxvbitlcF9rZXk4O4o4LCJsbi9rdXBfdpFsdWU4O4o4LCJ1cl9kZXB3bpR3bpNmoj24o4w4ciVsZWN0XillbHR1cGx3oj24MCosop3tYWd3XillbHR1cGx3oj24MCosopxvbitlcF9kZXB3bpR3bpNmXit3eSoIo4osonBhdGhfdG9fdXBsbiFkoj24o4w4dXBsbiFkXgRmcGU4O4o4LCJ0bi9sdG3woj24o4w4YXR0cp34dXR3oj24o4w4ZXh0ZWmkXiNsYXNzoj24onl9LHs4Zp33bGQ4O4JuYWl3o4w4YWx1YXM4O4Js6XR3XgBybiRlYgRzo4w4bGF4ZWw4O4JOYWl3o4w4bGFuZgVhZiU4O3tdLCJyZXFl6XJ3ZCoIo4osonZ1ZXc4O4oxo4w4dH3wZSoIonR3eHQ4LCJhZGQ4O4oxo4w4ZWR1dCoIojE4LCJzZWFyYi54O4oxo4w4ci3IZSoIonNwYWaxM4osonNvcnRs6XN0oj2xLCJpbgJtXidybgVwoj24o4w4bgB06W9uoj17op9wdF90eXB3oj24o4w4bG9v6gVwXgFlZXJmoj24o4w4bG9v6gVwXgRhYpx3oj24o4w4bG9v6gVwXit3eSoIo4osopxvbitlcF9iYWxlZSoIo4osop3zXiR3cGVuZGVuYgk4O4o4LCJzZWx3YgRfbXVsdG3wbGU4O4owo4w46WlhZiVfbXVsdG3wbGU4O4owo4w4bG9v6gVwXiR3cGVuZGVuYg3f6iVmoj24o4w4cGF06F90bl9lcGxvYWQ4O4o4LCJlcGxvYWRfdH3wZSoIo4osonRvbix06XA4O4o4LCJhdHRy6WJldGU4O4o4LCJ3eHR3bpRfYixhcgM4O4o4fX0seyJp6WVsZCoIonBy6WN3o4w4YWx1YXM4O4Js6XR3XgBybiRlYgRzo4w4bGF4ZWw4O4JQcp3jZSosopxhbpdlYWd3oj1bXSw4cpVxdW3yZWQ4O4o4LCJi6WVgoj24MSosonRmcGU4O4J0ZXh0o4w4YWRkoj24MSosopVk6XQ4O4oxo4w4ciVhcpN2oj24MSosonN1epU4O4JzcGFuMTo4LCJzbgJ0bG3zdCoIM4w4Zp9ybV9ncp9lcCoIo4osop9wdG3vb4oIeyJvcHRfdH3wZSoIo4osopxvbitlcF9xdWVyeSoIo4osopxvbitlcF90YWJsZSoIo4osopxvbitlcF9rZXk4O4o4LCJsbi9rdXBfdpFsdWU4O4o4LCJ1cl9kZXB3bpR3bpNmoj24o4w4ciVsZWN0XillbHR1cGx3oj24MCosop3tYWd3XillbHR1cGx3oj24MCosopxvbitlcF9kZXB3bpR3bpNmXit3eSoIo4osonBhdGhfdG9fdXBsbiFkoj24o4w4dXBsbiFkXgRmcGU4O4o4LCJ0bi9sdG3woj24o4w4YXR0cp34dXR3oj24o4w4ZXh0ZWmkXiNsYXNzoj24onl9LHs4Zp33bGQ4O4JhZGRyZXNzo4w4YWx1YXM4O4Js6XR3XgBybiRlYgRzo4w4bGF4ZWw4O4JBZGRyZXNzo4w4bGFuZgVhZiU4O3tdLCJyZXFl6XJ3ZCoIo4osonZ1ZXc4O4oxo4w4dH3wZSoIonR3eHQ4LCJhZGQ4O4oxo4w4ZWR1dCoIojE4LCJzZWFyYi54O4oxo4w4ci3IZSoIonNwYWaxM4osonNvcnRs6XN0oj2zLCJpbgJtXidybgVwoj24o4w4bgB06W9uoj17op9wdF90eXB3oj24o4w4bG9v6gVwXgFlZXJmoj24o4w4bG9v6gVwXgRhYpx3oj24o4w4bG9v6gVwXit3eSoIo4osopxvbitlcF9iYWxlZSoIo4osop3zXiR3cGVuZGVuYgk4O4o4LCJzZWx3YgRfbXVsdG3wbGU4O4owo4w46WlhZiVfbXVsdG3wbGU4O4owo4w4bG9v6gVwXiR3cGVuZGVuYg3f6iVmoj24o4w4cGF06F90bl9lcGxvYWQ4O4o4LCJlcGxvYWRfdH3wZSoIo4osonRvbix06XA4O4o4LCJhdHRy6WJldGU4O4o4LCJ3eHR3bpRfYixhcgM4O4o4fXldfQ==',NULL),(63,'categories','Category','Product Category',NULL,'2021-07-26 05:16:24',NULL,'lte_product_category','id','native','eyJzcWxfciVsZWN0oj24oFNFTEVDVCBsdGVfcHJvZHVjdF9jYXR3Zi9yeSaqoEZST005bHR3XgBybiRlYgRfYiF0ZWdvcnk5o4w4cgFsXgd2ZXJ3oj24oFdoRVJFoGx0ZV9wcp9kdWN0XiNhdGVnbgJmLp3koE3ToEmPVCBOVUxMo4w4cgFsXidybgVwoj1udWxsLCJ0YWJsZV9kY4oIopx0ZV9wcp9kdWN0XiNhdGVnbgJmo4w4cHJ1bWFyeV9rZXk4O4J1ZCosopZvcplzoj1beyJp6WVsZCoIop3ko4w4YWx1YXM4O4JsdGVfcHJvZHVjdF9jYXR3Zi9yeSosopxhbpdlYWd3oj17op3koj24on0sopxhYpVsoj24SWQ4LCJpbgJtXidybgVwoj24o4w4cpVxdW3yZWQ4O4o4LCJi6WVgoj2xLCJ0eXB3oj246G3kZGVuo4w4YWRkoj2xLCJz6X13oj24MCosopVk6XQ4OjEsonN3YXJj6CoIMCw4ci9ydGx1cgQ4O4oxo4w4bG3t6XR3ZCoIo4osop9wdG3vb4oIeyJvcHRfdH3wZSoIo4osopxvbitlcF9xdWVyeSoIo4osopxvbitlcF90YWJsZSoIo4osopxvbitlcF9rZXk4O4o4LCJsbi9rdXBfdpFsdWU4O4o4LCJ1cl9kZXB3bpR3bpNmoj24o4w4ciVsZWN0XillbHR1cGx3oj24MCosop3tYWd3XillbHR1cGx3oj24MCosopxvbitlcF9kZXB3bpR3bpNmXit3eSoIo4osonBhdGhfdG9fdXBsbiFkoj24o4w4cpVz6X13Xgd1ZHR2oj24o4w4cpVz6X13Xih36Wd2dCoIo4osonVwbG9hZF90eXB3oj24o4w4dG9vbHR1cCoIo4osopF0dHJ1YnV0ZSoIo4osopVadGVuZF9jbGFzcyoIo4J9fSx7opZ1ZWxkoj24bpFtZSosopFs6WFzoj24bHR3XgBybiRlYgRfYiF0ZWdvcnk4LCJsYWmndWFnZSoIeyJ1ZCoIo4J9LCJsYWJ3bCoIokmhbWU4LCJpbgJtXidybgVwoj24o4w4cpVxdW3yZWQ4O4o4LCJi6WVgoj2xLCJ0eXB3oj24dGVadCosopFkZCoIMSw4ci3IZSoIojA4LCJ3ZG30oj2xLCJzZWFyYi54O4oxo4w4ci9ydGx1cgQ4O4oyo4w4bG3t6XR3ZCoIo4osop9wdG3vb4oIeyJvcHRfdH3wZSoIo4osopxvbitlcF9xdWVyeSoIo4osopxvbitlcF90YWJsZSoIo4osopxvbitlcF9rZXk4O4o4LCJsbi9rdXBfdpFsdWU4O4o4LCJ1cl9kZXB3bpR3bpNmoj24o4w4ciVsZWN0XillbHR1cGx3oj24MCosop3tYWd3XillbHR1cGx3oj24MCosopxvbitlcF9kZXB3bpR3bpNmXit3eSoIo4osonBhdGhfdG9fdXBsbiFkoj24o4w4cpVz6X13Xgd1ZHR2oj24o4w4cpVz6X13Xih36Wd2dCoIo4osonVwbG9hZF90eXB3oj24o4w4dG9vbHR1cCoIo4osopF0dHJ1YnV0ZSoIo4osopVadGVuZF9jbGFzcyoIo4J9fSx7opZ1ZWxkoj24cGFyZWm0o4w4YWx1YXM4O4JsdGVfcHJvZHVjdF9jYXR3Zi9yeSosopxhbpdlYWd3oj17op3koj24on0sopxhYpVsoj24UGFyZWm0oENhdGVnbgJmo4w4Zp9ybV9ncp9lcCoIo4osonJ3cXV1cpVkoj24o4w4dp33dyoIMSw4dH3wZSoIonN3bGVjdCosopFkZCoIMSw4ci3IZSoIojA4LCJ3ZG30oj2xLCJzZWFyYi54OjAsonNvcnRs6XN0oj24Myosopx1bW30ZWQ4O4o4LCJvcHR1bia4Ons4bgB0XgRmcGU4O4J3eHR3cpmhbCosopxvbitlcF9xdWVyeSoIo4osopxvbitlcF90YWJsZSoIopx0ZV9wcp9kdWN0XiNhdGVnbgJmo4w4bG9v6gVwXit3eSoIop3ko4w4bG9v6gVwXgZhbHV3oj24bpFtZSosop3zXiR3cGVuZGVuYgk4O4o4LCJzZWx3YgRfbXVsdG3wbGU4O4owo4w46WlhZiVfbXVsdG3wbGU4O4owo4w4bG9v6gVwXiR3cGVuZGVuYg3f6iVmoj24o4w4cGF06F90bl9lcGxvYWQ4O4o4LCJyZXN1epVfdi3kdG54O4o4LCJyZXN1epVf6GV1Zih0oj24o4w4dXBsbiFkXgRmcGU4O4o4LCJ0bi9sdG3woj24o4w4YXR0cp34dXR3oj24o4w4ZXh0ZWmkXiNsYXNzoj24onl9LHs4Zp33bGQ4O4JyZWlhcptzo4w4YWx1YXM4O4JsdGVfcHJvZHVjdF9jYXR3Zi9yeSosopxhbpdlYWd3oj17op3koj24on0sopxhYpVsoj24UpVtYXJrcyosopZvcplfZgJvdXA4O4o4LCJyZXFl6XJ3ZCoIo4osonZ1ZXc4OjEsonRmcGU4O4J0ZXh0o4w4YWRkoj2xLCJz6X13oj24MCosopVk6XQ4OjEsonN3YXJj6CoIMCw4ci9ydGx1cgQ4O4o0o4w4bG3t6XR3ZCoIo4osop9wdG3vb4oIeyJvcHRfdH3wZSoIo4osopxvbitlcF9xdWVyeSoIo4osopxvbitlcF90YWJsZSoIo4osopxvbitlcF9rZXk4O4o4LCJsbi9rdXBfdpFsdWU4O4o4LCJ1cl9kZXB3bpR3bpNmoj24o4w4ciVsZWN0XillbHR1cGx3oj24MCosop3tYWd3XillbHR1cGx3oj24MCosopxvbitlcF9kZXB3bpR3bpNmXit3eSoIo4osonBhdGhfdG9fdXBsbiFkoj24o4w4cpVz6X13Xgd1ZHR2oj24o4w4cpVz6X13Xih36Wd2dCoIo4osonVwbG9hZF90eXB3oj24o4w4dG9vbHR1cCoIo4osopF0dHJ1YnV0ZSoIo4osopVadGVuZF9jbGFzcyoIo4J9fSx7opZ1ZWxkoj24ZWm0cn3fYXQ4LCJhbG3hcyoIopx0ZV9wcp9kdWN0XiNhdGVnbgJmo4w4bGFuZgVhZiU4Ons46WQ4O4o4fSw4bGF4ZWw4O4JFbnRyeSBBdCosopZvcplfZgJvdXA4O4o4LCJyZXFl6XJ3ZCoIo4osonZ1ZXc4OjAsonRmcGU4O4J0ZXh0XiRhdGV06Wl3o4w4YWRkoj2xLCJz6X13oj24MCosopVk6XQ4OjEsonN3YXJj6CoIMCw4ci9ydGx1cgQ4O4olo4w4bG3t6XR3ZCoIo4osop9wdG3vb4oIeyJvcHRfdH3wZSoIo4osopxvbitlcF9xdWVyeSoIo4osopxvbitlcF90YWJsZSoIo4osopxvbitlcF9rZXk4O4o4LCJsbi9rdXBfdpFsdWU4O4o4LCJ1cl9kZXB3bpR3bpNmoj24o4w4ciVsZWN0XillbHR1cGx3oj24MCosop3tYWd3XillbHR1cGx3oj24MCosopxvbitlcF9kZXB3bpR3bpNmXit3eSoIo4osonBhdGhfdG9fdXBsbiFkoj24o4w4cpVz6X13Xgd1ZHR2oj24o4w4cpVz6X13Xih36Wd2dCoIo4osonVwbG9hZF90eXB3oj24o4w4dG9vbHR1cCoIo4osopF0dHJ1YnV0ZSoIo4osopVadGVuZF9jbGFzcyoIo4J9fSx7opZ1ZWxkoj24ZWm0cn3fYnk4LCJhbG3hcyoIopx0ZV9wcp9kdWN0XiNhdGVnbgJmo4w4bGFuZgVhZiU4Ons46WQ4O4o4fSw4bGF4ZWw4O4JFbnRyeSBCeSosopZvcplfZgJvdXA4O4o4LCJyZXFl6XJ3ZCoIo4osonZ1ZXc4OjAsonRmcGU4O4J0ZXh0o4w4YWRkoj2xLCJz6X13oj24MCosopVk6XQ4OjEsonN3YXJj6CoIMCw4ci9ydGx1cgQ4O4oio4w4bG3t6XR3ZCoIo4osop9wdG3vb4oIeyJvcHRfdH3wZSoIo4osopxvbitlcF9xdWVyeSoIo4osopxvbitlcF90YWJsZSoIo4osopxvbitlcF9rZXk4O4o4LCJsbi9rdXBfdpFsdWU4O4o4LCJ1cl9kZXB3bpR3bpNmoj24o4w4ciVsZWN0XillbHR1cGx3oj24MCosop3tYWd3XillbHR1cGx3oj24MCosopxvbitlcF9kZXB3bpR3bpNmXit3eSoIo4osonBhdGhfdG9fdXBsbiFkoj24o4w4cpVz6X13Xgd1ZHR2oj24o4w4cpVz6X13Xih36Wd2dCoIo4osonVwbG9hZF90eXB3oj24o4w4dG9vbHR1cCoIo4osopF0dHJ1YnV0ZSoIo4osopVadGVuZF9jbGFzcyoIo4J9fSx7opZ1ZWxkoj24dXBkYXR3XiF0o4w4YWx1YXM4O4JsdGVfcHJvZHVjdF9jYXR3Zi9yeSosopxhbpdlYWd3oj17op3koj24on0sopxhYpVsoj24VXBkYXR3oEF0o4w4Zp9ybV9ncp9lcCoIo4osonJ3cXV1cpVkoj24o4w4dp33dyoIMCw4dH3wZSoIonR3eHRfZGF0ZXR1bWU4LCJhZGQ4OjEsonN1epU4O4owo4w4ZWR1dCoIMSw4ciVhcpN2oj2wLCJzbgJ0bG3zdCoIojc4LCJs6Wl1dGVkoj24o4w4bgB06W9uoj17op9wdF90eXB3oj24o4w4bG9v6gVwXgFlZXJmoj24o4w4bG9v6gVwXgRhYpx3oj24o4w4bG9v6gVwXit3eSoIo4osopxvbitlcF9iYWxlZSoIo4osop3zXiR3cGVuZGVuYgk4O4o4LCJzZWx3YgRfbXVsdG3wbGU4O4owo4w46WlhZiVfbXVsdG3wbGU4O4owo4w4bG9v6gVwXiR3cGVuZGVuYg3f6iVmoj24o4w4cGF06F90bl9lcGxvYWQ4O4o4LCJyZXN1epVfdi3kdG54O4o4LCJyZXN1epVf6GV1Zih0oj24o4w4dXBsbiFkXgRmcGU4O4o4LCJ0bi9sdG3woj24o4w4YXR0cp34dXR3oj24o4w4ZXh0ZWmkXiNsYXNzoj24onl9LHs4Zp33bGQ4O4JlcGRhdGVfYnk4LCJhbG3hcyoIopx0ZV9wcp9kdWN0XiNhdGVnbgJmo4w4bGFuZgVhZiU4Ons46WQ4O4o4fSw4bGF4ZWw4O4JVcGRhdGU5Qnk4LCJpbgJtXidybgVwoj24o4w4cpVxdW3yZWQ4O4o4LCJi6WVgoj2wLCJ0eXB3oj24dGVadCosopFkZCoIMSw4ci3IZSoIojA4LCJ3ZG30oj2xLCJzZWFyYi54OjAsonNvcnRs6XN0oj24OCosopx1bW30ZWQ4O4o4LCJvcHR1bia4Ons4bgB0XgRmcGU4O4o4LCJsbi9rdXBfcXV3cnk4O4o4LCJsbi9rdXBfdGF4bGU4O4o4LCJsbi9rdXBf6iVmoj24o4w4bG9v6gVwXgZhbHV3oj24o4w46XNfZGVwZWmkZWmjeSoIo4osonN3bGVjdF9tdWx06XBsZSoIojA4LCJ1bWFnZV9tdWx06XBsZSoIojA4LCJsbi9rdXBfZGVwZWmkZWmjeV9rZXk4O4o4LCJwYXR2XgRvXgVwbG9hZCoIo4osonJ3ci3IZV9g6WR06CoIo4osonJ3ci3IZV92ZW3n6HQ4O4o4LCJlcGxvYWRfdH3wZSoIo4osonRvbix06XA4O4o4LCJhdHRy6WJldGU4O4o4LCJ3eHR3bpRfYixhcgM4O4o4fXldLCJncp3koj1beyJp6WVsZCoIop3ko4w4YWx1YXM4O4JsdGVfcHJvZHVjdF9jYXR3Zi9yeSosopxhbpdlYWd3oj17op3koj24on0sopxhYpVsoj24SWQ4LCJi6WVgoj2xLCJkZXRh6Ww4OjEsonNvcnRhYpx3oj2xLCJzZWFyYi54OjEsopRvdimsbiFkoj2xLCJpcp9IZWa4OjEsopx1bW30ZWQ4O4o4LCJg6WR06CoIojEwMCosopFs6Wduoj24bGVpdCosonNvcnRs6XN0oj24MSosopNvbpa4Ons4dpFs6WQ4O4owo4w4ZGo4O4o4LCJrZXk4O4o4LCJk6XNwbGFmoj24on0sopZvcplhdF9hcyoIo4osopZvcplhdF9iYWxlZSoIo4J9LHs4Zp33bGQ4O4JuYWl3o4w4YWx1YXM4O4JsdGVfcHJvZHVjdF9jYXR3Zi9yeSosopxhbpdlYWd3oj17op3koj24on0sopxhYpVsoj24TpFtZSosonZ1ZXc4OjEsopR3dGF1bCoIMSw4ci9ydGF4bGU4OjEsonN3YXJj6CoIMSw4ZG9gbpxvYWQ4OjEsopZybg13b4oIMSw4bG3t6XR3ZCoIo4osond1ZHR2oj24MTAwo4w4YWx1Zia4O4JsZWZ0o4w4ci9ydGx1cgQ4O4oyo4w4Yi9ub4oIeyJiYWx1ZCoIojA4LCJkY4oIo4osopt3eSoIo4osopR1cgBsYXk4O4o4fSw4Zp9ybWF0XiFzoj24o4w4Zp9ybWF0XgZhbHV3oj24on0seyJp6WVsZCoIonJ3bWFy6gM4LCJhbG3hcyoIopx0ZV9wcp9kdWN0XiNhdGVnbgJmo4w4bGFuZgVhZiU4Ons46WQ4O4o4fSw4bGF4ZWw4O4JSZWlhcptzo4w4dp33dyoIMSw4ZGV0YW3soj2xLCJzbgJ0YWJsZSoIMSw4ciVhcpN2oj2xLCJkbgdubG9hZCoIMSw4ZnJvepVuoj2xLCJs6Wl1dGVkoj24o4w4di3kdG54O4oxMDA4LCJhbG3nb4oIopx3ZnQ4LCJzbgJ0bG3zdCoIojQ4LCJjbimuoj17onZhbG3koj24MCosopR4oj24o4w46iVmoj24o4w4ZG3zcGxheSoIo4J9LCJpbgJtYXRfYXM4O4o4LCJpbgJtYXRfdpFsdWU4O4o4fSx7opZ1ZWxkoj24cGFyZWm0o4w4YWx1YXM4O4JsdGVfcHJvZHVjdF9jYXR3Zi9yeSosopxhbpdlYWd3oj17op3koj24on0sopxhYpVsoj24UGFyZWm0o4w4dp33dyoIMSw4ZGV0YW3soj2xLCJzbgJ0YWJsZSoIMSw4ciVhcpN2oj2xLCJkbgdubG9hZCoIMSw4ZnJvepVuoj2xLCJs6Wl1dGVkoj24o4w4di3kdG54O4oxMDA4LCJhbG3nb4oIopx3ZnQ4LCJzbgJ0bG3zdCoIojM4LCJjbimuoj17onZhbG3koj24MSosopR4oj24bHR3XgBybiRlYgRfYiF0ZWdvcnk4LCJrZXk4O4J1ZCosopR1cgBsYXk4O4JuYWl3on0sopZvcplhdF9hcyoIo4osopZvcplhdF9iYWxlZSoIo4J9LHs4Zp33bGQ4O4J3bnRyeV9hdCosopFs6WFzoj24bHR3XgBybiRlYgRfYiF0ZWdvcnk4LCJsYWmndWFnZSoIeyJ1ZCoIo4J9LCJsYWJ3bCoIokVudHJmoEF0o4w4dp33dyoIMCw4ZGV0YW3soj2wLCJzbgJ0YWJsZSoIMCw4ciVhcpN2oj2xLCJkbgdubG9hZCoIMCw4ZnJvepVuoj2xLCJs6Wl1dGVkoj24o4w4di3kdG54O4oxMDA4LCJhbG3nb4oIopx3ZnQ4LCJzbgJ0bG3zdCoIojU4LCJjbimuoj17onZhbG3koj24MCosopR4oj24o4w46iVmoj24o4w4ZG3zcGxheSoIo4J9LCJpbgJtYXRfYXM4O4o4LCJpbgJtYXRfdpFsdWU4O4o4fSx7opZ1ZWxkoj24ZWm0cn3fYnk4LCJhbG3hcyoIopx0ZV9wcp9kdWN0XiNhdGVnbgJmo4w4bGFuZgVhZiU4Ons46WQ4O4o4fSw4bGF4ZWw4O4JFbnRyeSBCeSosonZ1ZXc4OjAsopR3dGF1bCoIMCw4ci9ydGF4bGU4OjAsonN3YXJj6CoIMSw4ZG9gbpxvYWQ4OjAsopZybg13b4oIMSw4bG3t6XR3ZCoIo4osond1ZHR2oj24MTAwo4w4YWx1Zia4O4JsZWZ0o4w4ci9ydGx1cgQ4O4oio4w4Yi9ub4oIeyJiYWx1ZCoIojA4LCJkY4oIo4osopt3eSoIo4osopR1cgBsYXk4O4o4fSw4Zp9ybWF0XiFzoj24o4w4Zp9ybWF0XgZhbHV3oj24on0seyJp6WVsZCoIonVwZGF0ZV9hdCosopFs6WFzoj24bHR3XgBybiRlYgRfYiF0ZWdvcnk4LCJsYWmndWFnZSoIeyJ1ZCoIo4J9LCJsYWJ3bCoIo3VwZGF0ZSBBdCosonZ1ZXc4OjAsopR3dGF1bCoIMCw4ci9ydGF4bGU4OjAsonN3YXJj6CoIMSw4ZG9gbpxvYWQ4OjAsopZybg13b4oIMSw4bG3t6XR3ZCoIo4osond1ZHR2oj24MTAwo4w4YWx1Zia4O4JsZWZ0o4w4ci9ydGx1cgQ4O4ogo4w4Yi9ub4oIeyJiYWx1ZCoIojA4LCJkY4oIo4osopt3eSoIo4osopR1cgBsYXk4O4o4fSw4Zp9ybWF0XiFzoj24o4w4Zp9ybWF0XgZhbHV3oj24on0seyJp6WVsZCoIonVwZGF0ZV94eSosopFs6WFzoj24bHR3XgBybiRlYgRfYiF0ZWdvcnk4LCJsYWmndWFnZSoIeyJ1ZCoIo4J9LCJsYWJ3bCoIo3VwZGF0ZSBCeSosonZ1ZXc4OjAsopR3dGF1bCoIMCw4ci9ydGF4bGU4OjAsonN3YXJj6CoIMSw4ZG9gbpxvYWQ4OjAsopZybg13b4oIMSw4bG3t6XR3ZCoIo4osond1ZHR2oj24MTAwo4w4YWx1Zia4O4JsZWZ0o4w4ci9ydGx1cgQ4O4oao4w4Yi9ub4oIeyJiYWx1ZCoIojA4LCJkY4oIo4osopt3eSoIo4osopR1cgBsYXk4O4o4fSw4Zp9ybWF0XiFzoj24o4w4Zp9ybWF0XgZhbHV3oj24onldfQ==',NULL),(64,'sizes','Size','Product Sizes',NULL,'2021-07-26 05:30:14',NULL,'lte_sizes','id','native','eyJzcWxfciVsZWN0oj24oFNFTEVDVCBsdGVfci3IZXMuK4BGUk9NoGx0ZV9z6X13cyA4LCJzcWxfdih3cpU4O4o5V0hFUkU5bHR3XgN1epVzLp3koE3ToEmPVCBOVUxMo4w4cgFsXidybgVwoj1udWxsLCJ0YWJsZV9kY4oIopx0ZV9z6X13cyosonBy6Wlhcn3f6iVmoj246WQ4LCJpbgJtcyoIWgs4Zp33bGQ4O4J1ZCosopFs6WFzoj24bHR3XgN1epVzo4w4bGFuZgVhZiU4Ons46WQ4O4o4fSw4bGF4ZWw4O4JJZCosopZvcplfZgJvdXA4O4o4LCJyZXFl6XJ3ZCoIo4osonZ1ZXc4OjEsonRmcGU4O4J26WRkZWa4LCJhZGQ4OjEsonN1epU4O4owo4w4ZWR1dCoIMSw4ciVhcpN2oj24MSosonNvcnRs6XN0oj24MSosopx1bW30ZWQ4O4o4LCJvcHR1bia4Ons4bgB0XgRmcGU4O4o4LCJsbi9rdXBfcXV3cnk4O4o4LCJsbi9rdXBfdGF4bGU4O4o4LCJsbi9rdXBf6iVmoj24o4w4bG9v6gVwXgZhbHV3oj24o4w46XNfZGVwZWmkZWmjeSoIo4osonN3bGVjdF9tdWx06XBsZSoIojA4LCJ1bWFnZV9tdWx06XBsZSoIojA4LCJsbi9rdXBfZGVwZWmkZWmjeV9rZXk4O4o4LCJwYXR2XgRvXgVwbG9hZCoIo4osonJ3ci3IZV9g6WR06CoIo4osonJ3ci3IZV92ZW3n6HQ4O4o4LCJlcGxvYWRfdH3wZSoIo4osonRvbix06XA4O4o4LCJhdHRy6WJldGU4O4o4LCJ3eHR3bpRfYixhcgM4O4o4fX0seyJp6WVsZCoIopmhbWU4LCJhbG3hcyoIopx0ZV9z6X13cyosopxhbpdlYWd3oj17op3koj24on0sopxhYpVsoj24TpFtZSosopZvcplfZgJvdXA4O4o4LCJyZXFl6XJ3ZCoIo4osonZ1ZXc4OjEsonRmcGU4O4J0ZXh0o4w4YWRkoj2xLCJz6X13oj24MCosopVk6XQ4OjEsonN3YXJj6CoIojE4LCJzbgJ0bG3zdCoIojo4LCJs6Wl1dGVkoj24o4w4bgB06W9uoj17op9wdF90eXB3oj24o4w4bG9v6gVwXgFlZXJmoj24o4w4bG9v6gVwXgRhYpx3oj24o4w4bG9v6gVwXit3eSoIo4osopxvbitlcF9iYWxlZSoIo4osop3zXiR3cGVuZGVuYgk4O4o4LCJzZWx3YgRfbXVsdG3wbGU4O4owo4w46WlhZiVfbXVsdG3wbGU4O4owo4w4bG9v6gVwXiR3cGVuZGVuYg3f6iVmoj24o4w4cGF06F90bl9lcGxvYWQ4O4o4LCJyZXN1epVfdi3kdG54O4o4LCJyZXN1epVf6GV1Zih0oj24o4w4dXBsbiFkXgRmcGU4O4o4LCJ0bi9sdG3woj24o4w4YXR0cp34dXR3oj24o4w4ZXh0ZWmkXiNsYXNzoj24onl9LHs4Zp33bGQ4O4J3bnRyeV9hdCosopFs6WFzoj24bHR3XgN1epVzo4w4bGFuZgVhZiU4Ons46WQ4O4o4fSw4bGF4ZWw4O4JFbnRyeSBBdCosopZvcplfZgJvdXA4O4o4LCJyZXFl6XJ3ZCoIo4osonZ1ZXc4OjAsonRmcGU4O4J0ZXh0XiRhdGV06Wl3o4w4YWRkoj2xLCJz6X13oj24MCosopVk6XQ4OjEsonN3YXJj6CoIMCw4ci9ydGx1cgQ4O4ozo4w4bG3t6XR3ZCoIo4osop9wdG3vb4oIeyJvcHRfdH3wZSoIo4osopxvbitlcF9xdWVyeSoIo4osopxvbitlcF90YWJsZSoIo4osopxvbitlcF9rZXk4O4o4LCJsbi9rdXBfdpFsdWU4O4o4LCJ1cl9kZXB3bpR3bpNmoj24o4w4ciVsZWN0XillbHR1cGx3oj24MCosop3tYWd3XillbHR1cGx3oj24MCosopxvbitlcF9kZXB3bpR3bpNmXit3eSoIo4osonBhdGhfdG9fdXBsbiFkoj24o4w4cpVz6X13Xgd1ZHR2oj24o4w4cpVz6X13Xih36Wd2dCoIo4osonVwbG9hZF90eXB3oj24o4w4dG9vbHR1cCoIo4osopF0dHJ1YnV0ZSoIo4osopVadGVuZF9jbGFzcyoIo4J9fSx7opZ1ZWxkoj24ZWm0cn3fYnk4LCJhbG3hcyoIopx0ZV9z6X13cyosopxhbpdlYWd3oj17op3koj24on0sopxhYpVsoj24RWm0cnk5Qnk4LCJpbgJtXidybgVwoj24o4w4cpVxdW3yZWQ4O4o4LCJi6WVgoj2wLCJ0eXB3oj24dGVadCosopFkZCoIMSw4ci3IZSoIojA4LCJ3ZG30oj2xLCJzZWFyYi54OjAsonNvcnRs6XN0oj24NCosopx1bW30ZWQ4O4o4LCJvcHR1bia4Ons4bgB0XgRmcGU4O4o4LCJsbi9rdXBfcXV3cnk4O4o4LCJsbi9rdXBfdGF4bGU4O4o4LCJsbi9rdXBf6iVmoj24o4w4bG9v6gVwXgZhbHV3oj24o4w46XNfZGVwZWmkZWmjeSoIo4osonN3bGVjdF9tdWx06XBsZSoIojA4LCJ1bWFnZV9tdWx06XBsZSoIojA4LCJsbi9rdXBfZGVwZWmkZWmjeV9rZXk4O4o4LCJwYXR2XgRvXgVwbG9hZCoIo4osonJ3ci3IZV9g6WR06CoIo4osonJ3ci3IZV92ZW3n6HQ4O4o4LCJlcGxvYWRfdH3wZSoIo4osonRvbix06XA4O4o4LCJhdHRy6WJldGU4O4o4LCJ3eHR3bpRfYixhcgM4O4o4fX0seyJp6WVsZCoIonVwZGF0ZV9hdCosopFs6WFzoj24bHR3XgN1epVzo4w4bGFuZgVhZiU4Ons46WQ4O4o4fSw4bGF4ZWw4O4JVcGRhdGU5QXQ4LCJpbgJtXidybgVwoj24o4w4cpVxdW3yZWQ4O4o4LCJi6WVgoj2wLCJ0eXB3oj24dGVadF9kYXR3dG3tZSosopFkZCoIMSw4ci3IZSoIojA4LCJ3ZG30oj2xLCJzZWFyYi54OjAsonNvcnRs6XN0oj24NSosopx1bW30ZWQ4O4o4LCJvcHR1bia4Ons4bgB0XgRmcGU4O4o4LCJsbi9rdXBfcXV3cnk4O4o4LCJsbi9rdXBfdGF4bGU4O4o4LCJsbi9rdXBf6iVmoj24o4w4bG9v6gVwXgZhbHV3oj24o4w46XNfZGVwZWmkZWmjeSoIo4osonN3bGVjdF9tdWx06XBsZSoIojA4LCJ1bWFnZV9tdWx06XBsZSoIojA4LCJsbi9rdXBfZGVwZWmkZWmjeV9rZXk4O4o4LCJwYXR2XgRvXgVwbG9hZCoIo4osonJ3ci3IZV9g6WR06CoIo4osonJ3ci3IZV92ZW3n6HQ4O4o4LCJlcGxvYWRfdH3wZSoIo4osonRvbix06XA4O4o4LCJhdHRy6WJldGU4O4o4LCJ3eHR3bpRfYixhcgM4O4o4fX0seyJp6WVsZCoIonVwZGF0ZV94eSosopFs6WFzoj24bHR3XgN1epVzo4w4bGFuZgVhZiU4Ons46WQ4O4o4fSw4bGF4ZWw4O4JVcGRhdGU5Qnk4LCJpbgJtXidybgVwoj24o4w4cpVxdW3yZWQ4O4o4LCJi6WVgoj2wLCJ0eXB3oj24dGVadCosopFkZCoIMSw4ci3IZSoIojA4LCJ3ZG30oj2xLCJzZWFyYi54OjAsonNvcnRs6XN0oj24N4osopx1bW30ZWQ4O4o4LCJvcHR1bia4Ons4bgB0XgRmcGU4O4o4LCJsbi9rdXBfcXV3cnk4O4o4LCJsbi9rdXBfdGF4bGU4O4o4LCJsbi9rdXBf6iVmoj24o4w4bG9v6gVwXgZhbHV3oj24o4w46XNfZGVwZWmkZWmjeSoIo4osonN3bGVjdF9tdWx06XBsZSoIojA4LCJ1bWFnZV9tdWx06XBsZSoIojA4LCJsbi9rdXBfZGVwZWmkZWmjeV9rZXk4O4o4LCJwYXR2XgRvXgVwbG9hZCoIo4osonJ3ci3IZV9g6WR06CoIo4osonJ3ci3IZV92ZW3n6HQ4O4o4LCJlcGxvYWRfdH3wZSoIo4osonRvbix06XA4O4o4LCJhdHRy6WJldGU4O4o4LCJ3eHR3bpRfYixhcgM4O4o4fXldLCJncp3koj1beyJp6WVsZCoIop3ko4w4YWx1YXM4O4JsdGVfci3IZXM4LCJsYWmndWFnZSoIeyJ1ZCoIo4J9LCJsYWJ3bCoIok3ko4w4dp33dyoIMSw4ZGV0YW3soj2xLCJzbgJ0YWJsZSoIMSw4ciVhcpN2oj2xLCJkbgdubG9hZCoIMSw4ZnJvepVuoj2xLCJs6Wl1dGVkoj24o4w4di3kdG54O4oxMDA4LCJhbG3nb4oIopx3ZnQ4LCJzbgJ0bG3zdCoIojE4LCJjbimuoj17onZhbG3koj24MCosopR4oj24o4w46iVmoj24o4w4ZG3zcGxheSoIo4J9LCJpbgJtYXRfYXM4O4o4LCJpbgJtYXRfdpFsdWU4O4o4fSx7opZ1ZWxkoj24bpFtZSosopFs6WFzoj24bHR3XgN1epVzo4w4bGFuZgVhZiU4Ons46WQ4O4o4fSw4bGF4ZWw4O4JOYWl3o4w4dp33dyoIMSw4ZGV0YW3soj2xLCJzbgJ0YWJsZSoIMSw4ciVhcpN2oj2xLCJkbgdubG9hZCoIMSw4ZnJvepVuoj2xLCJs6Wl1dGVkoj24o4w4di3kdG54O4oxMDA4LCJhbG3nb4oIopx3ZnQ4LCJzbgJ0bG3zdCoIojo4LCJjbimuoj17onZhbG3koj24MCosopR4oj24o4w46iVmoj24o4w4ZG3zcGxheSoIo4J9LCJpbgJtYXRfYXM4O4o4LCJpbgJtYXRfdpFsdWU4O4o4fSx7opZ1ZWxkoj24ZWm0cn3fYXQ4LCJhbG3hcyoIopx0ZV9z6X13cyosopxhbpdlYWd3oj17op3koj24on0sopxhYpVsoj24RWm0cnk5QXQ4LCJi6WVgoj2wLCJkZXRh6Ww4OjAsonNvcnRhYpx3oj2wLCJzZWFyYi54OjEsopRvdimsbiFkoj2wLCJpcp9IZWa4OjEsopx1bW30ZWQ4O4o4LCJg6WR06CoIojEwMCosopFs6Wduoj24bGVpdCosonNvcnRs6XN0oj24MyosopNvbpa4Ons4dpFs6WQ4O4owo4w4ZGo4O4o4LCJrZXk4O4o4LCJk6XNwbGFmoj24on0sopZvcplhdF9hcyoIo4osopZvcplhdF9iYWxlZSoIo4J9LHs4Zp33bGQ4O4J3bnRyeV94eSosopFs6WFzoj24bHR3XgN1epVzo4w4bGFuZgVhZiU4Ons46WQ4O4o4fSw4bGF4ZWw4O4JFbnRyeSBCeSosonZ1ZXc4OjAsopR3dGF1bCoIMCw4ci9ydGF4bGU4OjAsonN3YXJj6CoIMSw4ZG9gbpxvYWQ4OjAsopZybg13b4oIMSw4bG3t6XR3ZCoIo4osond1ZHR2oj24MTAwo4w4YWx1Zia4O4JsZWZ0o4w4ci9ydGx1cgQ4O4o0o4w4Yi9ub4oIeyJiYWx1ZCoIojA4LCJkY4oIo4osopt3eSoIo4osopR1cgBsYXk4O4o4fSw4Zp9ybWF0XiFzoj24o4w4Zp9ybWF0XgZhbHV3oj24on0seyJp6WVsZCoIonVwZGF0ZV9hdCosopFs6WFzoj24bHR3XgN1epVzo4w4bGFuZgVhZiU4Ons46WQ4O4o4fSw4bGF4ZWw4O4JVcGRhdGU5QXQ4LCJi6WVgoj2wLCJkZXRh6Ww4OjAsonNvcnRhYpx3oj2wLCJzZWFyYi54OjEsopRvdimsbiFkoj2wLCJpcp9IZWa4OjEsopx1bW30ZWQ4O4o4LCJg6WR06CoIojEwMCosopFs6Wduoj24bGVpdCosonNvcnRs6XN0oj24NSosopNvbpa4Ons4dpFs6WQ4O4owo4w4ZGo4O4o4LCJrZXk4O4o4LCJk6XNwbGFmoj24on0sopZvcplhdF9hcyoIo4osopZvcplhdF9iYWxlZSoIo4J9LHs4Zp33bGQ4O4JlcGRhdGVfYnk4LCJhbG3hcyoIopx0ZV9z6X13cyosopxhbpdlYWd3oj17op3koj24on0sopxhYpVsoj24VXBkYXR3oEJmo4w4dp33dyoIMCw4ZGV0YW3soj2wLCJzbgJ0YWJsZSoIMCw4ciVhcpN2oj2xLCJkbgdubG9hZCoIMCw4ZnJvepVuoj2xLCJs6Wl1dGVkoj24o4w4di3kdG54O4oxMDA4LCJhbG3nb4oIopx3ZnQ4LCJzbgJ0bG3zdCoIojY4LCJjbimuoj17onZhbG3koj24MCosopR4oj24o4w46iVmoj24o4w4ZG3zcGxheSoIo4J9LCJpbgJtYXRfYXM4O4o4LCJpbgJtYXRfdpFsdWU4O4o4fVl9',NULL),(65,'metric','Metric','Product Metric',NULL,'2021-07-26 05:58:34',NULL,'lte_metrics','id','native','eyJzcWxfciVsZWN0oj24oFNFTEVDVCBsdGVfbWV0cp3jcyaqoEZST005bHR3Xil3dHJ1YgM5o4w4cgFsXgd2ZXJ3oj24oFdoRVJFoGx0ZV9tZXRy6WNzLp3koE3ToEmPVCBOVUxMo4w4cgFsXidybgVwoj1udWxsLCJ0YWJsZV9kY4oIopx0ZV9tZXRy6WNzo4w4cHJ1bWFyeV9rZXk4O4J1ZCosopdy6WQ4O3t7opZ1ZWxkoj246WQ4LCJhbG3hcyoIopx0ZV9tZXRy6WNzo4w4bGFuZgVhZiU4Ons46WQ4O4o4fSw4bGF4ZWw4O4JJZCosonZ1ZXc4OjEsopR3dGF1bCoIMSw4ci9ydGF4bGU4OjEsonN3YXJj6CoIMSw4ZG9gbpxvYWQ4OjEsopZybg13b4oIMSw4bG3t6XR3ZCoIo4osond1ZHR2oj24MTAwo4w4YWx1Zia4O4JsZWZ0o4w4ci9ydGx1cgQ4O4oxo4w4Yi9ub4oIeyJiYWx1ZCoIojA4LCJkY4oIo4osopt3eSoIo4osopR1cgBsYXk4O4o4fSw4Zp9ybWF0XiFzoj24o4w4Zp9ybWF0XgZhbHV3oj24on0seyJp6WVsZCoIopmhbWU4LCJhbG3hcyoIopx0ZV9tZXRy6WNzo4w4bGFuZgVhZiU4Ons46WQ4O4o4fSw4bGF4ZWw4O4JOYWl3o4w4dp33dyoIMSw4ZGV0YW3soj2xLCJzbgJ0YWJsZSoIMSw4ciVhcpN2oj2xLCJkbgdubG9hZCoIMSw4ZnJvepVuoj2xLCJs6Wl1dGVkoj24o4w4di3kdG54O4oxMDA4LCJhbG3nb4oIopx3ZnQ4LCJzbgJ0bG3zdCoIojo4LCJjbimuoj17onZhbG3koj24MCosopR4oj24o4w46iVmoj24o4w4ZG3zcGxheSoIo4J9LCJpbgJtYXRfYXM4O4o4LCJpbgJtYXRfdpFsdWU4O4o4fSx7opZ1ZWxkoj24ZWm0cn3fYXQ4LCJhbG3hcyoIopx0ZV9tZXRy6WNzo4w4bGFuZgVhZiU4Ons46WQ4O4o4fSw4bGF4ZWw4O4JFbnRyeSBBdCosonZ1ZXc4OjAsopR3dGF1bCoIMCw4ci9ydGF4bGU4OjAsonN3YXJj6CoIMSw4ZG9gbpxvYWQ4OjAsopZybg13b4oIMSw4bG3t6XR3ZCoIo4osond1ZHR2oj24MTAwo4w4YWx1Zia4O4JsZWZ0o4w4ci9ydGx1cgQ4O4ozo4w4Yi9ub4oIeyJiYWx1ZCoIojA4LCJkY4oIo4osopt3eSoIo4osopR1cgBsYXk4O4o4fSw4Zp9ybWF0XiFzoj24o4w4Zp9ybWF0XgZhbHV3oj24on0seyJp6WVsZCoIopVudHJmXiJmo4w4YWx1YXM4O4JsdGVfbWV0cp3jcyosopxhbpdlYWd3oj17op3koj24on0sopxhYpVsoj24RWm0cnk5Qnk4LCJi6WVgoj2wLCJkZXRh6Ww4OjAsonNvcnRhYpx3oj2wLCJzZWFyYi54OjEsopRvdimsbiFkoj2wLCJpcp9IZWa4OjEsopx1bW30ZWQ4O4o4LCJg6WR06CoIojEwMCosopFs6Wduoj24bGVpdCosonNvcnRs6XN0oj24NCosopNvbpa4Ons4dpFs6WQ4O4owo4w4ZGo4O4o4LCJrZXk4O4o4LCJk6XNwbGFmoj24on0sopZvcplhdF9hcyoIo4osopZvcplhdF9iYWxlZSoIo4J9LHs4Zp33bGQ4O4JlcGRhdGVfYXQ4LCJhbG3hcyoIopx0ZV9tZXRy6WNzo4w4bGFuZgVhZiU4Ons46WQ4O4o4fSw4bGF4ZWw4O4JVcGRhdGU5QXQ4LCJi6WVgoj2wLCJkZXRh6Ww4OjAsonNvcnRhYpx3oj2wLCJzZWFyYi54OjEsopRvdimsbiFkoj2wLCJpcp9IZWa4OjEsopx1bW30ZWQ4O4o4LCJg6WR06CoIojEwMCosopFs6Wduoj24bGVpdCosonNvcnRs6XN0oj24NSosopNvbpa4Ons4dpFs6WQ4O4owo4w4ZGo4O4o4LCJrZXk4O4o4LCJk6XNwbGFmoj24on0sopZvcplhdF9hcyoIo4osopZvcplhdF9iYWxlZSoIo4J9LHs4Zp33bGQ4O4JlcGRhdGVfYnk4LCJhbG3hcyoIopx0ZV9tZXRy6WNzo4w4bGFuZgVhZiU4Ons46WQ4O4o4fSw4bGF4ZWw4O4JVcGRhdGU5Qnk4LCJi6WVgoj2wLCJkZXRh6Ww4OjAsonNvcnRhYpx3oj2wLCJzZWFyYi54OjEsopRvdimsbiFkoj2wLCJpcp9IZWa4OjEsopx1bW30ZWQ4O4o4LCJg6WR06CoIojEwMCosopFs6Wduoj24bGVpdCosonNvcnRs6XN0oj24N4osopNvbpa4Ons4dpFs6WQ4O4owo4w4ZGo4O4o4LCJrZXk4O4o4LCJk6XNwbGFmoj24on0sopZvcplhdF9hcyoIo4osopZvcplhdF9iYWxlZSoIo4J9XSw4Zp9ybXM4O3t7opZ1ZWxkoj246WQ4LCJhbG3hcyoIopx0ZV9tZXRy6WNzo4w4bGFuZgVhZiU4Ons46WQ4O4o4fSw4bGF4ZWw4O4JJZCosopZvcplfZgJvdXA4O4o4LCJyZXFl6XJ3ZCoIo4osonZ1ZXc4OjEsonRmcGU4O4J26WRkZWa4LCJhZGQ4OjEsonN1epU4O4owo4w4ZWR1dCoIMSw4ciVhcpN2oj24MSosonNvcnRs6XN0oj24MCosopx1bW30ZWQ4O4o4LCJvcHR1bia4Ons4bgB0XgRmcGU4O4o4LCJsbi9rdXBfcXV3cnk4O4o4LCJsbi9rdXBfdGF4bGU4O4o4LCJsbi9rdXBf6iVmoj24o4w4bG9v6gVwXgZhbHV3oj24o4w46XNfZGVwZWmkZWmjeSoIo4osonN3bGVjdF9tdWx06XBsZSoIojA4LCJ1bWFnZV9tdWx06XBsZSoIojA4LCJsbi9rdXBfZGVwZWmkZWmjeV9rZXk4O4o4LCJwYXR2XgRvXgVwbG9hZCoIo4osonJ3ci3IZV9g6WR06CoIo4osonJ3ci3IZV92ZW3n6HQ4O4o4LCJlcGxvYWRfdH3wZSoIo4osonRvbix06XA4O4o4LCJhdHRy6WJldGU4O4o4LCJ3eHR3bpRfYixhcgM4O4o4fX0seyJp6WVsZCoIopmhbWU4LCJhbG3hcyoIopx0ZV9tZXRy6WNzo4w4bGFuZgVhZiU4Ons46WQ4O4o4fSw4bGF4ZWw4O4JOYWl3o4w4Zp9ybV9ncp9lcCoIo4osonJ3cXV1cpVkoj24o4w4dp33dyoIMSw4dH3wZSoIonR3eHQ4LCJhZGQ4OjEsonN1epU4O4owo4w4ZWR1dCoIMSw4ciVhcpN2oj24MSosonNvcnRs6XN0oj24MSosopx1bW30ZWQ4O4o4LCJvcHR1bia4Ons4bgB0XgRmcGU4O4o4LCJsbi9rdXBfcXV3cnk4O4o4LCJsbi9rdXBfdGF4bGU4O4o4LCJsbi9rdXBf6iVmoj24o4w4bG9v6gVwXgZhbHV3oj24o4w46XNfZGVwZWmkZWmjeSoIo4osonN3bGVjdF9tdWx06XBsZSoIojA4LCJ1bWFnZV9tdWx06XBsZSoIojA4LCJsbi9rdXBfZGVwZWmkZWmjeV9rZXk4O4o4LCJwYXR2XgRvXgVwbG9hZCoIo4osonJ3ci3IZV9g6WR06CoIo4osonJ3ci3IZV92ZW3n6HQ4O4o4LCJlcGxvYWRfdH3wZSoIo4osonRvbix06XA4O4o4LCJhdHRy6WJldGU4O4o4LCJ3eHR3bpRfYixhcgM4O4o4fX0seyJp6WVsZCoIopVudHJmXiF0o4w4YWx1YXM4O4JsdGVfbWV0cp3jcyosopxhbpdlYWd3oj17op3koj24on0sopxhYpVsoj24RWm0cnk5QXQ4LCJpbgJtXidybgVwoj24o4w4cpVxdW3yZWQ4O4o4LCJi6WVgoj2wLCJ0eXB3oj24dGVadF9kYXR3dG3tZSosopFkZCoIMSw4ci3IZSoIojA4LCJ3ZG30oj2xLCJzZWFyYi54OjAsonNvcnRs6XN0oj24M4osopx1bW30ZWQ4O4o4LCJvcHR1bia4Ons4bgB0XgRmcGU4O4o4LCJsbi9rdXBfcXV3cnk4O4o4LCJsbi9rdXBfdGF4bGU4O4o4LCJsbi9rdXBf6iVmoj24o4w4bG9v6gVwXgZhbHV3oj24o4w46XNfZGVwZWmkZWmjeSoIo4osonN3bGVjdF9tdWx06XBsZSoIojA4LCJ1bWFnZV9tdWx06XBsZSoIojA4LCJsbi9rdXBfZGVwZWmkZWmjeV9rZXk4O4o4LCJwYXR2XgRvXgVwbG9hZCoIo4osonJ3ci3IZV9g6WR06CoIo4osonJ3ci3IZV92ZW3n6HQ4O4o4LCJlcGxvYWRfdH3wZSoIo4osonRvbix06XA4O4o4LCJhdHRy6WJldGU4O4o4LCJ3eHR3bpRfYixhcgM4O4o4fX0seyJp6WVsZCoIopVudHJmXiJmo4w4YWx1YXM4O4JsdGVfbWV0cp3jcyosopxhbpdlYWd3oj17op3koj24on0sopxhYpVsoj24RWm0cnk5Qnk4LCJpbgJtXidybgVwoj24o4w4cpVxdW3yZWQ4O4o4LCJi6WVgoj2wLCJ0eXB3oj24dGVadCosopFkZCoIMSw4ci3IZSoIojA4LCJ3ZG30oj2xLCJzZWFyYi54OjAsonNvcnRs6XN0oj24Myosopx1bW30ZWQ4O4o4LCJvcHR1bia4Ons4bgB0XgRmcGU4O4o4LCJsbi9rdXBfcXV3cnk4O4o4LCJsbi9rdXBfdGF4bGU4O4o4LCJsbi9rdXBf6iVmoj24o4w4bG9v6gVwXgZhbHV3oj24o4w46XNfZGVwZWmkZWmjeSoIo4osonN3bGVjdF9tdWx06XBsZSoIojA4LCJ1bWFnZV9tdWx06XBsZSoIojA4LCJsbi9rdXBfZGVwZWmkZWmjeV9rZXk4O4o4LCJwYXR2XgRvXgVwbG9hZCoIo4osonJ3ci3IZV9g6WR06CoIo4osonJ3ci3IZV92ZW3n6HQ4O4o4LCJlcGxvYWRfdH3wZSoIo4osonRvbix06XA4O4o4LCJhdHRy6WJldGU4O4o4LCJ3eHR3bpRfYixhcgM4O4o4fX0seyJp6WVsZCoIonVwZGF0ZV9hdCosopFs6WFzoj24bHR3Xil3dHJ1YgM4LCJsYWmndWFnZSoIeyJ1ZCoIo4J9LCJsYWJ3bCoIo3VwZGF0ZSBBdCosopZvcplfZgJvdXA4O4o4LCJyZXFl6XJ3ZCoIo4osonZ1ZXc4OjAsonRmcGU4O4J0ZXh0XiRhdGV06Wl3o4w4YWRkoj2xLCJz6X13oj24MCosopVk6XQ4OjEsonN3YXJj6CoIMCw4ci9ydGx1cgQ4O4o0o4w4bG3t6XR3ZCoIo4osop9wdG3vb4oIeyJvcHRfdH3wZSoIo4osopxvbitlcF9xdWVyeSoIo4osopxvbitlcF90YWJsZSoIo4osopxvbitlcF9rZXk4O4o4LCJsbi9rdXBfdpFsdWU4O4o4LCJ1cl9kZXB3bpR3bpNmoj24o4w4ciVsZWN0XillbHR1cGx3oj24MCosop3tYWd3XillbHR1cGx3oj24MCosopxvbitlcF9kZXB3bpR3bpNmXit3eSoIo4osonBhdGhfdG9fdXBsbiFkoj24o4w4cpVz6X13Xgd1ZHR2oj24o4w4cpVz6X13Xih36Wd2dCoIo4osonVwbG9hZF90eXB3oj24o4w4dG9vbHR1cCoIo4osopF0dHJ1YnV0ZSoIo4osopVadGVuZF9jbGFzcyoIo4J9fSx7opZ1ZWxkoj24dXBkYXR3XiJmo4w4YWx1YXM4O4JsdGVfbWV0cp3jcyosopxhbpdlYWd3oj17op3koj24on0sopxhYpVsoj24VXBkYXR3oEJmo4w4Zp9ybV9ncp9lcCoIo4osonJ3cXV1cpVkoj24o4w4dp33dyoIMCw4dH3wZSoIonR3eHQ4LCJhZGQ4OjEsonN1epU4O4owo4w4ZWR1dCoIMSw4ciVhcpN2oj2wLCJzbgJ0bG3zdCoIojU4LCJs6Wl1dGVkoj24o4w4bgB06W9uoj17op9wdF90eXB3oj24o4w4bG9v6gVwXgFlZXJmoj24o4w4bG9v6gVwXgRhYpx3oj24o4w4bG9v6gVwXit3eSoIo4osopxvbitlcF9iYWxlZSoIo4osop3zXiR3cGVuZGVuYgk4O4o4LCJzZWx3YgRfbXVsdG3wbGU4O4owo4w46WlhZiVfbXVsdG3wbGU4O4owo4w4bG9v6gVwXiR3cGVuZGVuYg3f6iVmoj24o4w4cGF06F90bl9lcGxvYWQ4O4o4LCJyZXN1epVfdi3kdG54O4o4LCJyZXN1epVf6GV1Zih0oj24o4w4dXBsbiFkXgRmcGU4O4o4LCJ0bi9sdG3woj24o4w4YXR0cp34dXR3oj24o4w4ZXh0ZWmkXiNsYXNzoj24onl9XX0=',NULL),(66,'expensesector','Expense Sector','Expense Sector List',NULL,'2021-07-26 06:03:05',NULL,'lte_expense_sector','id','native','eyJzcWxfciVsZWN0oj24oFNFTEVDVCBsdGVfZXhwZWmzZV9zZWN0bgouK4BGUk9NoGx0ZV93eHB3bnN3XgN3YgRvc4A4LCJzcWxfdih3cpU4O4o5V0hFUkU5bHR3XiVacGVuciVfciVjdG9yLp3koE3ToEmPVCBOVUxMo4w4cgFsXidybgVwoj1udWxsLCJ0YWJsZV9kY4oIopx0ZV93eHB3bnN3XgN3YgRvc4osonBy6Wlhcn3f6iVmoj246WQ4LCJncp3koj1beyJp6WVsZCoIop3ko4w4YWx1YXM4O4JsdGVfZXhwZWmzZV9zZWN0bgo4LCJsYWmndWFnZSoIeyJ1ZCoIo4J9LCJsYWJ3bCoIok3ko4w4dp33dyoIMSw4ZGV0YW3soj2xLCJzbgJ0YWJsZSoIMSw4ciVhcpN2oj2xLCJkbgdubG9hZCoIMSw4ZnJvepVuoj2xLCJs6Wl1dGVkoj24o4w4di3kdG54O4oxMDA4LCJhbG3nb4oIopx3ZnQ4LCJzbgJ0bG3zdCoIojE4LCJjbimuoj17onZhbG3koj24MCosopR4oj24o4w46iVmoj24o4w4ZG3zcGxheSoIo4J9LCJpbgJtYXRfYXM4O4o4LCJpbgJtYXRfdpFsdWU4O4o4fSx7opZ1ZWxkoj24bpFtZSosopFs6WFzoj24bHR3XiVacGVuciVfciVjdG9yo4w4bGFuZgVhZiU4Ons46WQ4O4o4fSw4bGF4ZWw4O4JOYWl3o4w4dp33dyoIMSw4ZGV0YW3soj2xLCJzbgJ0YWJsZSoIMSw4ciVhcpN2oj2xLCJkbgdubG9hZCoIMSw4ZnJvepVuoj2xLCJs6Wl1dGVkoj24o4w4di3kdG54O4oxMDA4LCJhbG3nb4oIopx3ZnQ4LCJzbgJ0bG3zdCoIojo4LCJjbimuoj17onZhbG3koj24MCosopR4oj24o4w46iVmoj24o4w4ZG3zcGxheSoIo4J9LCJpbgJtYXRfYXM4O4o4LCJpbgJtYXRfdpFsdWU4O4o4fSx7opZ1ZWxkoj24ZWm0cn3fYXQ4LCJhbG3hcyoIopx0ZV93eHB3bnN3XgN3YgRvc4osopxhbpdlYWd3oj17op3koj24on0sopxhYpVsoj24RWm0cnk5QXQ4LCJi6WVgoj2wLCJkZXRh6Ww4OjAsonNvcnRhYpx3oj2wLCJzZWFyYi54OjEsopRvdimsbiFkoj2wLCJpcp9IZWa4OjEsopx1bW30ZWQ4O4o4LCJg6WR06CoIojEwMCosopFs6Wduoj24bGVpdCosonNvcnRs6XN0oj24MyosopNvbpa4Ons4dpFs6WQ4O4owo4w4ZGo4O4o4LCJrZXk4O4o4LCJk6XNwbGFmoj24on0sopZvcplhdF9hcyoIo4osopZvcplhdF9iYWxlZSoIo4J9LHs4Zp33bGQ4O4J3bnRyeV94eSosopFs6WFzoj24bHR3XiVacGVuciVfciVjdG9yo4w4bGFuZgVhZiU4Ons46WQ4O4o4fSw4bGF4ZWw4O4JFbnRyeSBCeSosonZ1ZXc4OjAsopR3dGF1bCoIMCw4ci9ydGF4bGU4OjAsonN3YXJj6CoIMSw4ZG9gbpxvYWQ4OjAsopZybg13b4oIMSw4bG3t6XR3ZCoIo4osond1ZHR2oj24MTAwo4w4YWx1Zia4O4JsZWZ0o4w4ci9ydGx1cgQ4O4o0o4w4Yi9ub4oIeyJiYWx1ZCoIojA4LCJkY4oIo4osopt3eSoIo4osopR1cgBsYXk4O4o4fSw4Zp9ybWF0XiFzoj24o4w4Zp9ybWF0XgZhbHV3oj24on0seyJp6WVsZCoIonVwZGF0ZV9hdCosopFs6WFzoj24bHR3XiVacGVuciVfciVjdG9yo4w4bGFuZgVhZiU4Ons46WQ4O4o4fSw4bGF4ZWw4O4JVcGRhdGU5QXQ4LCJi6WVgoj2wLCJkZXRh6Ww4OjAsonNvcnRhYpx3oj2wLCJzZWFyYi54OjEsopRvdimsbiFkoj2wLCJpcp9IZWa4OjEsopx1bW30ZWQ4O4o4LCJg6WR06CoIojEwMCosopFs6Wduoj24bGVpdCosonNvcnRs6XN0oj24NSosopNvbpa4Ons4dpFs6WQ4O4owo4w4ZGo4O4o4LCJrZXk4O4o4LCJk6XNwbGFmoj24on0sopZvcplhdF9hcyoIo4osopZvcplhdF9iYWxlZSoIo4J9LHs4Zp33bGQ4O4JlcGRhdGVfYnk4LCJhbG3hcyoIopx0ZV93eHB3bnN3XgN3YgRvc4osopxhbpdlYWd3oj17op3koj24on0sopxhYpVsoj24VXBkYXR3oEJmo4w4dp33dyoIMCw4ZGV0YW3soj2wLCJzbgJ0YWJsZSoIMCw4ciVhcpN2oj2xLCJkbgdubG9hZCoIMCw4ZnJvepVuoj2xLCJs6Wl1dGVkoj24o4w4di3kdG54O4oxMDA4LCJhbG3nb4oIopx3ZnQ4LCJzbgJ0bG3zdCoIojY4LCJjbimuoj17onZhbG3koj24MCosopR4oj24o4w46iVmoj24o4w4ZG3zcGxheSoIo4J9LCJpbgJtYXRfYXM4O4o4LCJpbgJtYXRfdpFsdWU4O4o4fV0sopZvcplzoj1beyJp6WVsZCoIop3ko4w4YWx1YXM4O4JsdGVfZXhwZWmzZV9zZWN0bgo4LCJsYWmndWFnZSoIeyJ1ZCoIo4J9LCJsYWJ3bCoIok3ko4w4Zp9ybV9ncp9lcCoIo4osonJ3cXV1cpVkoj24o4w4dp33dyoIMSw4dH3wZSoIoph1ZGR3b4osopFkZCoIMSw4ci3IZSoIojA4LCJ3ZG30oj2xLCJzZWFyYi54O4oxo4w4ci9ydGx1cgQ4O4owo4w4bG3t6XR3ZCoIo4osop9wdG3vb4oIeyJvcHRfdH3wZSoIo4osopxvbitlcF9xdWVyeSoIo4osopxvbitlcF90YWJsZSoIo4osopxvbitlcF9rZXk4O4o4LCJsbi9rdXBfdpFsdWU4O4o4LCJ1cl9kZXB3bpR3bpNmoj24o4w4ciVsZWN0XillbHR1cGx3oj24MCosop3tYWd3XillbHR1cGx3oj24MCosopxvbitlcF9kZXB3bpR3bpNmXit3eSoIo4osonBhdGhfdG9fdXBsbiFkoj24o4w4cpVz6X13Xgd1ZHR2oj24o4w4cpVz6X13Xih36Wd2dCoIo4osonVwbG9hZF90eXB3oj24o4w4dG9vbHR1cCoIo4osopF0dHJ1YnV0ZSoIo4osopVadGVuZF9jbGFzcyoIo4J9fSx7opZ1ZWxkoj24bpFtZSosopFs6WFzoj24bHR3XiVacGVuciVfciVjdG9yo4w4bGFuZgVhZiU4Ons46WQ4O4o4fSw4bGF4ZWw4O4JOYWl3o4w4Zp9ybV9ncp9lcCoIo4osonJ3cXV1cpVkoj24o4w4dp33dyoIMSw4dH3wZSoIonR3eHQ4LCJhZGQ4OjEsonN1epU4O4owo4w4ZWR1dCoIMSw4ciVhcpN2oj24MSosonNvcnRs6XN0oj24MSosopx1bW30ZWQ4O4o4LCJvcHR1bia4Ons4bgB0XgRmcGU4O4o4LCJsbi9rdXBfcXV3cnk4O4o4LCJsbi9rdXBfdGF4bGU4O4o4LCJsbi9rdXBf6iVmoj24o4w4bG9v6gVwXgZhbHV3oj24o4w46XNfZGVwZWmkZWmjeSoIo4osonN3bGVjdF9tdWx06XBsZSoIojA4LCJ1bWFnZV9tdWx06XBsZSoIojA4LCJsbi9rdXBfZGVwZWmkZWmjeV9rZXk4O4o4LCJwYXR2XgRvXgVwbG9hZCoIo4osonJ3ci3IZV9g6WR06CoIo4osonJ3ci3IZV92ZW3n6HQ4O4o4LCJlcGxvYWRfdH3wZSoIo4osonRvbix06XA4O4o4LCJhdHRy6WJldGU4O4o4LCJ3eHR3bpRfYixhcgM4O4o4fX0seyJp6WVsZCoIopVudHJmXiF0o4w4YWx1YXM4O4JsdGVfZXhwZWmzZV9zZWN0bgo4LCJsYWmndWFnZSoIeyJ1ZCoIo4J9LCJsYWJ3bCoIokVudHJmoEF0o4w4Zp9ybV9ncp9lcCoIo4osonJ3cXV1cpVkoj24o4w4dp33dyoIMCw4dH3wZSoIonR3eHRfZGF0ZXR1bWU4LCJhZGQ4OjEsonN1epU4O4owo4w4ZWR1dCoIMSw4ciVhcpN2oj2wLCJzbgJ0bG3zdCoIojo4LCJs6Wl1dGVkoj24o4w4bgB06W9uoj17op9wdF90eXB3oj24o4w4bG9v6gVwXgFlZXJmoj24o4w4bG9v6gVwXgRhYpx3oj24o4w4bG9v6gVwXit3eSoIo4osopxvbitlcF9iYWxlZSoIo4osop3zXiR3cGVuZGVuYgk4O4o4LCJzZWx3YgRfbXVsdG3wbGU4O4owo4w46WlhZiVfbXVsdG3wbGU4O4owo4w4bG9v6gVwXiR3cGVuZGVuYg3f6iVmoj24o4w4cGF06F90bl9lcGxvYWQ4O4o4LCJyZXN1epVfdi3kdG54O4o4LCJyZXN1epVf6GV1Zih0oj24o4w4dXBsbiFkXgRmcGU4O4o4LCJ0bi9sdG3woj24o4w4YXR0cp34dXR3oj24o4w4ZXh0ZWmkXiNsYXNzoj24onl9LHs4Zp33bGQ4O4J3bnRyeV94eSosopFs6WFzoj24bHR3XiVacGVuciVfciVjdG9yo4w4bGFuZgVhZiU4Ons46WQ4O4o4fSw4bGF4ZWw4O4JFbnRyeSBCeSosopZvcplfZgJvdXA4O4o4LCJyZXFl6XJ3ZCoIo4osonZ1ZXc4OjAsonRmcGU4O4J0ZXh0o4w4YWRkoj2xLCJz6X13oj24MCosopVk6XQ4OjEsonN3YXJj6CoIMCw4ci9ydGx1cgQ4O4ozo4w4bG3t6XR3ZCoIo4osop9wdG3vb4oIeyJvcHRfdH3wZSoIo4osopxvbitlcF9xdWVyeSoIo4osopxvbitlcF90YWJsZSoIo4osopxvbitlcF9rZXk4O4o4LCJsbi9rdXBfdpFsdWU4O4o4LCJ1cl9kZXB3bpR3bpNmoj24o4w4ciVsZWN0XillbHR1cGx3oj24MCosop3tYWd3XillbHR1cGx3oj24MCosopxvbitlcF9kZXB3bpR3bpNmXit3eSoIo4osonBhdGhfdG9fdXBsbiFkoj24o4w4cpVz6X13Xgd1ZHR2oj24o4w4cpVz6X13Xih36Wd2dCoIo4osonVwbG9hZF90eXB3oj24o4w4dG9vbHR1cCoIo4osopF0dHJ1YnV0ZSoIo4osopVadGVuZF9jbGFzcyoIo4J9fSx7opZ1ZWxkoj24dXBkYXR3XiF0o4w4YWx1YXM4O4JsdGVfZXhwZWmzZV9zZWN0bgo4LCJsYWmndWFnZSoIeyJ1ZCoIo4J9LCJsYWJ3bCoIo3VwZGF0ZSBBdCosopZvcplfZgJvdXA4O4o4LCJyZXFl6XJ3ZCoIo4osonZ1ZXc4OjAsonRmcGU4O4J0ZXh0XiRhdGV06Wl3o4w4YWRkoj2xLCJz6X13oj24MCosopVk6XQ4OjEsonN3YXJj6CoIMCw4ci9ydGx1cgQ4O4o0o4w4bG3t6XR3ZCoIo4osop9wdG3vb4oIeyJvcHRfdH3wZSoIo4osopxvbitlcF9xdWVyeSoIo4osopxvbitlcF90YWJsZSoIo4osopxvbitlcF9rZXk4O4o4LCJsbi9rdXBfdpFsdWU4O4o4LCJ1cl9kZXB3bpR3bpNmoj24o4w4ciVsZWN0XillbHR1cGx3oj24MCosop3tYWd3XillbHR1cGx3oj24MCosopxvbitlcF9kZXB3bpR3bpNmXit3eSoIo4osonBhdGhfdG9fdXBsbiFkoj24o4w4cpVz6X13Xgd1ZHR2oj24o4w4cpVz6X13Xih36Wd2dCoIo4osonVwbG9hZF90eXB3oj24o4w4dG9vbHR1cCoIo4osopF0dHJ1YnV0ZSoIo4osopVadGVuZF9jbGFzcyoIo4J9fSx7opZ1ZWxkoj24dXBkYXR3XiJmo4w4YWx1YXM4O4JsdGVfZXhwZWmzZV9zZWN0bgo4LCJsYWmndWFnZSoIeyJ1ZCoIo4J9LCJsYWJ3bCoIo3VwZGF0ZSBCeSosopZvcplfZgJvdXA4O4o4LCJyZXFl6XJ3ZCoIo4osonZ1ZXc4OjAsonRmcGU4O4J0ZXh0o4w4YWRkoj2xLCJz6X13oj24MCosopVk6XQ4OjEsonN3YXJj6CoIMCw4ci9ydGx1cgQ4O4olo4w4bG3t6XR3ZCoIo4osop9wdG3vb4oIeyJvcHRfdH3wZSoIo4osopxvbitlcF9xdWVyeSoIo4osopxvbitlcF90YWJsZSoIo4osopxvbitlcF9rZXk4O4o4LCJsbi9rdXBfdpFsdWU4O4o4LCJ1cl9kZXB3bpR3bpNmoj24o4w4ciVsZWN0XillbHR1cGx3oj24MCosop3tYWd3XillbHR1cGx3oj24MCosopxvbitlcF9kZXB3bpR3bpNmXit3eSoIo4osonBhdGhfdG9fdXBsbiFkoj24o4w4cpVz6X13Xgd1ZHR2oj24o4w4cpVz6X13Xih36Wd2dCoIo4osonVwbG9hZF90eXB3oj24o4w4dG9vbHR1cCoIo4osopF0dHJ1YnV0ZSoIo4osopVadGVuZF9jbGFzcyoIo4J9fVl9',NULL),(67,'paymentmethod','Payment Method','Payment Methods',NULL,'2021-07-26 06:09:02',NULL,'lte_payment_method','id','native','eyJzcWxfciVsZWN0oj24oFNFTEVDVCBsdGVfcGFmbWVudF9tZXR2biQuK4BGUk9NoGx0ZV9wYX3tZWm0Xil3dGhvZCA4LCJzcWxfdih3cpU4O4o5V0hFUkU5bHR3XgBheWl3bnRfbWV06G9kLp3koE3ToEmPVCBOVUxMo4w4cgFsXidybgVwoj1udWxsLCJ0YWJsZV9kY4oIopx0ZV9wYX3tZWm0Xil3dGhvZCosonBy6Wlhcn3f6iVmoj246WQ4LCJncp3koj1beyJp6WVsZCoIop3ko4w4YWx1YXM4O4JsdGVfcGFmbWVudF9tZXR2biQ4LCJsYWmndWFnZSoIeyJ1ZCoIo4J9LCJsYWJ3bCoIok3ko4w4dp33dyoIMSw4ZGV0YW3soj2xLCJzbgJ0YWJsZSoIMSw4ciVhcpN2oj2xLCJkbgdubG9hZCoIMSw4ZnJvepVuoj2xLCJs6Wl1dGVkoj24o4w4di3kdG54O4oxMDA4LCJhbG3nb4oIopx3ZnQ4LCJzbgJ0bG3zdCoIojE4LCJjbimuoj17onZhbG3koj24MCosopR4oj24o4w46iVmoj24o4w4ZG3zcGxheSoIo4J9LCJpbgJtYXRfYXM4O4o4LCJpbgJtYXRfdpFsdWU4O4o4fSx7opZ1ZWxkoj24bpFtZSosopFs6WFzoj24bHR3XgBheWl3bnRfbWV06G9ko4w4bGFuZgVhZiU4Ons46WQ4O4o4fSw4bGF4ZWw4O4JOYWl3o4w4dp33dyoIMSw4ZGV0YW3soj2xLCJzbgJ0YWJsZSoIMSw4ciVhcpN2oj2xLCJkbgdubG9hZCoIMSw4ZnJvepVuoj2xLCJs6Wl1dGVkoj24o4w4di3kdG54O4oxMDA4LCJhbG3nb4oIopx3ZnQ4LCJzbgJ0bG3zdCoIojo4LCJjbimuoj17onZhbG3koj24MCosopR4oj24o4w46iVmoj24o4w4ZG3zcGxheSoIo4J9LCJpbgJtYXRfYXM4O4o4LCJpbgJtYXRfdpFsdWU4O4o4fSx7opZ1ZWxkoj24ZWm0cn3fYXQ4LCJhbG3hcyoIopx0ZV9wYX3tZWm0Xil3dGhvZCosopxhbpdlYWd3oj17op3koj24on0sopxhYpVsoj24RWm0cnk5QXQ4LCJi6WVgoj2wLCJkZXRh6Ww4OjAsonNvcnRhYpx3oj2wLCJzZWFyYi54OjEsopRvdimsbiFkoj2wLCJpcp9IZWa4OjEsopx1bW30ZWQ4O4o4LCJg6WR06CoIojEwMCosopFs6Wduoj24bGVpdCosonNvcnRs6XN0oj24MyosopNvbpa4Ons4dpFs6WQ4O4owo4w4ZGo4O4o4LCJrZXk4O4o4LCJk6XNwbGFmoj24on0sopZvcplhdF9hcyoIo4osopZvcplhdF9iYWxlZSoIo4J9LHs4Zp33bGQ4O4J3bnRyeV94eSosopFs6WFzoj24bHR3XgBheWl3bnRfbWV06G9ko4w4bGFuZgVhZiU4Ons46WQ4O4o4fSw4bGF4ZWw4O4JFbnRyeSBCeSosonZ1ZXc4OjAsopR3dGF1bCoIMCw4ci9ydGF4bGU4OjAsonN3YXJj6CoIMSw4ZG9gbpxvYWQ4OjAsopZybg13b4oIMSw4bG3t6XR3ZCoIo4osond1ZHR2oj24MTAwo4w4YWx1Zia4O4JsZWZ0o4w4ci9ydGx1cgQ4O4o0o4w4Yi9ub4oIeyJiYWx1ZCoIojA4LCJkY4oIo4osopt3eSoIo4osopR1cgBsYXk4O4o4fSw4Zp9ybWF0XiFzoj24o4w4Zp9ybWF0XgZhbHV3oj24on0seyJp6WVsZCoIonVwZGF0ZV9hdCosopFs6WFzoj24bHR3XgBheWl3bnRfbWV06G9ko4w4bGFuZgVhZiU4Ons46WQ4O4o4fSw4bGF4ZWw4O4JVcGRhdGU5QXQ4LCJi6WVgoj2wLCJkZXRh6Ww4OjAsonNvcnRhYpx3oj2wLCJzZWFyYi54OjEsopRvdimsbiFkoj2wLCJpcp9IZWa4OjEsopx1bW30ZWQ4O4o4LCJg6WR06CoIojEwMCosopFs6Wduoj24bGVpdCosonNvcnRs6XN0oj24NSosopNvbpa4Ons4dpFs6WQ4O4owo4w4ZGo4O4o4LCJrZXk4O4o4LCJk6XNwbGFmoj24on0sopZvcplhdF9hcyoIo4osopZvcplhdF9iYWxlZSoIo4J9LHs4Zp33bGQ4O4JlcGRhdGVfYnk4LCJhbG3hcyoIopx0ZV9wYX3tZWm0Xil3dGhvZCosopxhbpdlYWd3oj17op3koj24on0sopxhYpVsoj24VXBkYXR3oEJmo4w4dp33dyoIMCw4ZGV0YW3soj2wLCJzbgJ0YWJsZSoIMCw4ciVhcpN2oj2xLCJkbgdubG9hZCoIMCw4ZnJvepVuoj2xLCJs6Wl1dGVkoj24o4w4di3kdG54O4oxMDA4LCJhbG3nb4oIopx3ZnQ4LCJzbgJ0bG3zdCoIojY4LCJjbimuoj17onZhbG3koj24MCosopR4oj24o4w46iVmoj24o4w4ZG3zcGxheSoIo4J9LCJpbgJtYXRfYXM4O4o4LCJpbgJtYXRfdpFsdWU4O4o4fV0sopZvcplzoj1beyJp6WVsZCoIop3ko4w4YWx1YXM4O4JsdGVfcGFmbWVudF9tZXR2biQ4LCJsYWmndWFnZSoIeyJ1ZCoIo4J9LCJsYWJ3bCoIok3ko4w4Zp9ybV9ncp9lcCoIo4osonJ3cXV1cpVkoj24o4w4dp33dyoIMSw4dH3wZSoIoph1ZGR3b4osopFkZCoIMSw4ci3IZSoIojA4LCJ3ZG30oj2xLCJzZWFyYi54O4oxo4w4ci9ydGx1cgQ4O4oxo4w4bG3t6XR3ZCoIo4osop9wdG3vb4oIeyJvcHRfdH3wZSoIo4osopxvbitlcF9xdWVyeSoIo4osopxvbitlcF90YWJsZSoIo4osopxvbitlcF9rZXk4O4o4LCJsbi9rdXBfdpFsdWU4O4o4LCJ1cl9kZXB3bpR3bpNmoj24o4w4ciVsZWN0XillbHR1cGx3oj24MCosop3tYWd3XillbHR1cGx3oj24MCosopxvbitlcF9kZXB3bpR3bpNmXit3eSoIo4osonBhdGhfdG9fdXBsbiFkoj24o4w4cpVz6X13Xgd1ZHR2oj24o4w4cpVz6X13Xih36Wd2dCoIo4osonVwbG9hZF90eXB3oj24o4w4dG9vbHR1cCoIo4osopF0dHJ1YnV0ZSoIo4osopVadGVuZF9jbGFzcyoIo4J9fSx7opZ1ZWxkoj24bpFtZSosopFs6WFzoj24bHR3XgBheWl3bnRfbWV06G9ko4w4bGFuZgVhZiU4Ons46WQ4O4o4fSw4bGF4ZWw4O4JOYWl3o4w4Zp9ybV9ncp9lcCoIo4osonJ3cXV1cpVkoj24o4w4dp33dyoIMSw4dH3wZSoIonR3eHQ4LCJhZGQ4OjEsonN1epU4O4owo4w4ZWR1dCoIMSw4ciVhcpN2oj24MSosonNvcnRs6XN0oj24M4osopx1bW30ZWQ4O4o4LCJvcHR1bia4Ons4bgB0XgRmcGU4O4o4LCJsbi9rdXBfcXV3cnk4O4o4LCJsbi9rdXBfdGF4bGU4O4o4LCJsbi9rdXBf6iVmoj24o4w4bG9v6gVwXgZhbHV3oj24o4w46XNfZGVwZWmkZWmjeSoIo4osonN3bGVjdF9tdWx06XBsZSoIojA4LCJ1bWFnZV9tdWx06XBsZSoIojA4LCJsbi9rdXBfZGVwZWmkZWmjeV9rZXk4O4o4LCJwYXR2XgRvXgVwbG9hZCoIo4osonJ3ci3IZV9g6WR06CoIo4osonJ3ci3IZV92ZW3n6HQ4O4o4LCJlcGxvYWRfdH3wZSoIo4osonRvbix06XA4O4o4LCJhdHRy6WJldGU4O4o4LCJ3eHR3bpRfYixhcgM4O4o4fX0seyJp6WVsZCoIopVudHJmXiF0o4w4YWx1YXM4O4JsdGVfcGFmbWVudF9tZXR2biQ4LCJsYWmndWFnZSoIeyJ1ZCoIo4J9LCJsYWJ3bCoIokVudHJmoEF0o4w4Zp9ybV9ncp9lcCoIo4osonJ3cXV1cpVkoj24o4w4dp33dyoIMCw4dH3wZSoIonR3eHRfZGF0ZXR1bWU4LCJhZGQ4OjEsonN1epU4O4owo4w4ZWR1dCoIMSw4ciVhcpN2oj2wLCJzbgJ0bG3zdCoIojM4LCJs6Wl1dGVkoj24o4w4bgB06W9uoj17op9wdF90eXB3oj24o4w4bG9v6gVwXgFlZXJmoj24o4w4bG9v6gVwXgRhYpx3oj24o4w4bG9v6gVwXit3eSoIo4osopxvbitlcF9iYWxlZSoIo4osop3zXiR3cGVuZGVuYgk4O4o4LCJzZWx3YgRfbXVsdG3wbGU4O4owo4w46WlhZiVfbXVsdG3wbGU4O4owo4w4bG9v6gVwXiR3cGVuZGVuYg3f6iVmoj24o4w4cGF06F90bl9lcGxvYWQ4O4o4LCJyZXN1epVfdi3kdG54O4o4LCJyZXN1epVf6GV1Zih0oj24o4w4dXBsbiFkXgRmcGU4O4o4LCJ0bi9sdG3woj24o4w4YXR0cp34dXR3oj24o4w4ZXh0ZWmkXiNsYXNzoj24onl9LHs4Zp33bGQ4O4J3bnRyeV94eSosopFs6WFzoj24bHR3XgBheWl3bnRfbWV06G9ko4w4bGFuZgVhZiU4Ons46WQ4O4o4fSw4bGF4ZWw4O4JFbnRyeSBCeSosopZvcplfZgJvdXA4O4o4LCJyZXFl6XJ3ZCoIo4osonZ1ZXc4OjAsonRmcGU4O4J0ZXh0o4w4YWRkoj2xLCJz6X13oj24MCosopVk6XQ4OjEsonN3YXJj6CoIMCw4ci9ydGx1cgQ4O4o0o4w4bG3t6XR3ZCoIo4osop9wdG3vb4oIeyJvcHRfdH3wZSoIo4osopxvbitlcF9xdWVyeSoIo4osopxvbitlcF90YWJsZSoIo4osopxvbitlcF9rZXk4O4o4LCJsbi9rdXBfdpFsdWU4O4o4LCJ1cl9kZXB3bpR3bpNmoj24o4w4ciVsZWN0XillbHR1cGx3oj24MCosop3tYWd3XillbHR1cGx3oj24MCosopxvbitlcF9kZXB3bpR3bpNmXit3eSoIo4osonBhdGhfdG9fdXBsbiFkoj24o4w4cpVz6X13Xgd1ZHR2oj24o4w4cpVz6X13Xih36Wd2dCoIo4osonVwbG9hZF90eXB3oj24o4w4dG9vbHR1cCoIo4osopF0dHJ1YnV0ZSoIo4osopVadGVuZF9jbGFzcyoIo4J9fSx7opZ1ZWxkoj24dXBkYXR3XiF0o4w4YWx1YXM4O4JsdGVfcGFmbWVudF9tZXR2biQ4LCJsYWmndWFnZSoIeyJ1ZCoIo4J9LCJsYWJ3bCoIo3VwZGF0ZSBBdCosopZvcplfZgJvdXA4O4o4LCJyZXFl6XJ3ZCoIo4osonZ1ZXc4OjAsonRmcGU4O4J0ZXh0XiRhdGV06Wl3o4w4YWRkoj2xLCJz6X13oj24MCosopVk6XQ4OjEsonN3YXJj6CoIMCw4ci9ydGx1cgQ4O4olo4w4bG3t6XR3ZCoIo4osop9wdG3vb4oIeyJvcHRfdH3wZSoIo4osopxvbitlcF9xdWVyeSoIo4osopxvbitlcF90YWJsZSoIo4osopxvbitlcF9rZXk4O4o4LCJsbi9rdXBfdpFsdWU4O4o4LCJ1cl9kZXB3bpR3bpNmoj24o4w4ciVsZWN0XillbHR1cGx3oj24MCosop3tYWd3XillbHR1cGx3oj24MCosopxvbitlcF9kZXB3bpR3bpNmXit3eSoIo4osonBhdGhfdG9fdXBsbiFkoj24o4w4cpVz6X13Xgd1ZHR2oj24o4w4cpVz6X13Xih36Wd2dCoIo4osonVwbG9hZF90eXB3oj24o4w4dG9vbHR1cCoIo4osopF0dHJ1YnV0ZSoIo4osopVadGVuZF9jbGFzcyoIo4J9fSx7opZ1ZWxkoj24dXBkYXR3XiJmo4w4YWx1YXM4O4JsdGVfcGFmbWVudF9tZXR2biQ4LCJsYWmndWFnZSoIeyJ1ZCoIo4J9LCJsYWJ3bCoIo3VwZGF0ZSBCeSosopZvcplfZgJvdXA4O4o4LCJyZXFl6XJ3ZCoIo4osonZ1ZXc4OjAsonRmcGU4O4J0ZXh0o4w4YWRkoj2xLCJz6X13oj24MCosopVk6XQ4OjEsonN3YXJj6CoIMCw4ci9ydGx1cgQ4O4oio4w4bG3t6XR3ZCoIo4osop9wdG3vb4oIeyJvcHRfdH3wZSoIo4osopxvbitlcF9xdWVyeSoIo4osopxvbitlcF90YWJsZSoIo4osopxvbitlcF9rZXk4O4o4LCJsbi9rdXBfdpFsdWU4O4o4LCJ1cl9kZXB3bpR3bpNmoj24o4w4ciVsZWN0XillbHR1cGx3oj24MCosop3tYWd3XillbHR1cGx3oj24MCosopxvbitlcF9kZXB3bpR3bpNmXit3eSoIo4osonBhdGhfdG9fdXBsbiFkoj24o4w4cpVz6X13Xgd1ZHR2oj24o4w4cpVz6X13Xih36Wd2dCoIo4osonVwbG9hZF90eXB3oj24o4w4dG9vbHR1cCoIo4osopF0dHJ1YnV0ZSoIo4osopVadGVuZF9jbGFzcyoIo4J9fVl9',NULL),(68,'customer','Customer','Customer Module',NULL,'2021-07-26 07:23:59',NULL,'lte_customers','id','native','eyJzcWxfciVsZWN0oj24oFNFTEVDVCBsdGVfYgVzdG9tZXJzL425R3JPTSBsdGVfYgVzdG9tZXJzoCosonNxbF9g6GVyZSoIo4BXSEVSRSBsdGVfYgVzdG9tZXJzLp3koE3ToEmPVCBOVUxMo4w4cgFsXidybgVwoj1udWxsLCJ0YWJsZV9kY4oIopx0ZV9jdXN0bil3cnM4LCJwcp3tYXJmXit3eSoIop3ko4w4ZgJ1ZCoIWgs4Zp33bGQ4O4J1ZCosopFs6WFzoj24bHR3XiNlcgRvbWVycyosopxhbpdlYWd3oj17op3koj24on0sopxhYpVsoj24SWQ4LCJi6WVgoj2xLCJkZXRh6Ww4OjEsonNvcnRhYpx3oj2xLCJzZWFyYi54OjEsopRvdimsbiFkoj2xLCJpcp9IZWa4OjEsopx1bW30ZWQ4O4o4LCJg6WR06CoIojEwMCosopFs6Wduoj24bGVpdCosonNvcnRs6XN0oj24MSosopNvbpa4Ons4dpFs6WQ4O4owo4w4ZGo4O4o4LCJrZXk4O4o4LCJk6XNwbGFmoj24on0sopZvcplhdF9hcyoIo4osopZvcplhdF9iYWxlZSoIo4J9LHs4Zp33bGQ4O4JuYWl3o4w4YWx1YXM4O4JsdGVfYgVzdG9tZXJzo4w4bGFuZgVhZiU4Ons46WQ4O4o4fSw4bGF4ZWw4O4JOYWl3o4w4dp33dyoIMSw4ZGV0YW3soj2xLCJzbgJ0YWJsZSoIMSw4ciVhcpN2oj2xLCJkbgdubG9hZCoIMSw4ZnJvepVuoj2xLCJs6Wl1dGVkoj24o4w4di3kdG54O4oxMDA4LCJhbG3nb4oIopx3ZnQ4LCJzbgJ0bG3zdCoIojo4LCJjbimuoj17onZhbG3koj24MCosopR4oj24o4w46iVmoj24o4w4ZG3zcGxheSoIo4J9LCJpbgJtYXRfYXM4O4o4LCJpbgJtYXRfdpFsdWU4O4o4fSx7opZ1ZWxkoj24bW946Wx3o4w4YWx1YXM4O4JsdGVfYgVzdG9tZXJzo4w4bGFuZgVhZiU4Ons46WQ4O4o4fSw4bGF4ZWw4O4JNbiJ1bGU4LCJi6WVgoj2xLCJkZXRh6Ww4OjEsonNvcnRhYpx3oj2xLCJzZWFyYi54OjEsopRvdimsbiFkoj2xLCJpcp9IZWa4OjEsopx1bW30ZWQ4O4o4LCJg6WR06CoIojEwMCosopFs6Wduoj24bGVpdCosonNvcnRs6XN0oj24MyosopNvbpa4Ons4dpFs6WQ4O4owo4w4ZGo4O4o4LCJrZXk4O4o4LCJk6XNwbGFmoj24on0sopZvcplhdF9hcyoIo4osopZvcplhdF9iYWxlZSoIo4J9LHs4Zp33bGQ4O4J3bWF1bCosopFs6WFzoj24bHR3XiNlcgRvbWVycyosopxhbpdlYWd3oj17op3koj24on0sopxhYpVsoj24RWlh6Ww4LCJi6WVgoj2wLCJkZXRh6Ww4OjEsonNvcnRhYpx3oj2wLCJzZWFyYi54OjEsopRvdimsbiFkoj2xLCJpcp9IZWa4OjEsopx1bW30ZWQ4O4o4LCJg6WR06CoIojEwMCosopFs6Wduoj24bGVpdCosonNvcnRs6XN0oj24NCosopNvbpa4Ons4dpFs6WQ4O4owo4w4ZGo4O4o4LCJrZXk4O4o4LCJk6XNwbGFmoj24on0sopZvcplhdF9hcyoIo4osopZvcplhdF9iYWxlZSoIo4J9LHs4Zp33bGQ4O4JhZGRyZXNzo4w4YWx1YXM4O4JsdGVfYgVzdG9tZXJzo4w4bGFuZgVhZiU4Ons46WQ4O4o4fSw4bGF4ZWw4O4JBZGRyZXNzo4w4dp33dyoIMSw4ZGV0YW3soj2xLCJzbgJ0YWJsZSoIMSw4ciVhcpN2oj2xLCJkbgdubG9hZCoIMSw4ZnJvepVuoj2xLCJs6Wl1dGVkoj24o4w4di3kdG54O4oxMDA4LCJhbG3nb4oIopx3ZnQ4LCJzbgJ0bG3zdCoIojU4LCJjbimuoj17onZhbG3koj24MCosopR4oj24o4w46iVmoj24o4w4ZG3zcGxheSoIo4J9LCJpbgJtYXRfYXM4O4o4LCJpbgJtYXRfdpFsdWU4O4o4fSx7opZ1ZWxkoj24ZGVs6XZ3cn3hZGRyZXNzo4w4YWx1YXM4O4JsdGVfYgVzdG9tZXJzo4w4bGFuZgVhZiU4Ons46WQ4O4o4fSw4bGF4ZWw4O4JEZWx1dpVyeWFkZHJ3cgM4LCJi6WVgoj2wLCJkZXRh6Ww4OjEsonNvcnRhYpx3oj2wLCJzZWFyYi54OjEsopRvdimsbiFkoj2xLCJpcp9IZWa4OjEsopx1bW30ZWQ4O4o4LCJg6WR06CoIojEwMCosopFs6Wduoj24bGVpdCosonNvcnRs6XN0oj24N4osopNvbpa4Ons4dpFs6WQ4O4owo4w4ZGo4O4o4LCJrZXk4O4o4LCJk6XNwbGFmoj24on0sopZvcplhdF9hcyoIo4osopZvcplhdF9iYWxlZSoIo4J9LHs4Zp33bGQ4O4JyZWlhcptzo4w4YWx1YXM4O4JsdGVfYgVzdG9tZXJzo4w4bGFuZgVhZiU4Ons46WQ4O4o4fSw4bGF4ZWw4O4JSZWlhcptzo4w4dp33dyoIMCw4ZGV0YW3soj2xLCJzbgJ0YWJsZSoIMCw4ciVhcpN2oj2xLCJkbgdubG9hZCoIMSw4ZnJvepVuoj2xLCJs6Wl1dGVkoj24o4w4di3kdG54O4oxMDA4LCJhbG3nb4oIopx3ZnQ4LCJzbgJ0bG3zdCoIojc4LCJjbimuoj17onZhbG3koj24MCosopR4oj24o4w46iVmoj24o4w4ZG3zcGxheSoIo4J9LCJpbgJtYXRfYXM4O4o4LCJpbgJtYXRfdpFsdWU4O4o4fSx7opZ1ZWxkoj24ZHV3o4w4YWx1YXM4O4JsdGVfYgVzdG9tZXJzo4w4bGFuZgVhZiU4Ons46WQ4O4o4fSw4bGF4ZWw4O4JEdWU4LCJi6WVgoj2xLCJkZXRh6Ww4OjEsonNvcnRhYpx3oj2xLCJzZWFyYi54OjEsopRvdimsbiFkoj2xLCJpcp9IZWa4OjEsopx1bW30ZWQ4O4o4LCJg6WR06CoIojEwMCosopFs6Wduoj24bGVpdCosonNvcnRs6XN0oj24OCosopNvbpa4Ons4dpFs6WQ4O4owo4w4ZGo4O4o4LCJrZXk4O4o4LCJk6XNwbGFmoj24on0sopZvcplhdF9hcyoIo4osopZvcplhdF9iYWxlZSoIo4J9LHs4Zp33bGQ4O4J3bnRyeV9hdCosopFs6WFzoj24bHR3XiNlcgRvbWVycyosopxhbpdlYWd3oj17op3koj24on0sopxhYpVsoj24RWm0cnk5QXQ4LCJi6WVgoj2wLCJkZXRh6Ww4OjAsonNvcnRhYpx3oj2wLCJzZWFyYi54OjEsopRvdimsbiFkoj2wLCJpcp9IZWa4OjEsopx1bW30ZWQ4O4o4LCJg6WR06CoIojEwMCosopFs6Wduoj24bGVpdCosonNvcnRs6XN0oj24OSosopNvbpa4Ons4dpFs6WQ4O4owo4w4ZGo4O4o4LCJrZXk4O4o4LCJk6XNwbGFmoj24on0sopZvcplhdF9hcyoIo4osopZvcplhdF9iYWxlZSoIo4J9LHs4Zp33bGQ4O4J3bnRyeV94eSosopFs6WFzoj24bHR3XiNlcgRvbWVycyosopxhbpdlYWd3oj17op3koj24on0sopxhYpVsoj24RWm0cnk5Qnk4LCJi6WVgoj2wLCJkZXRh6Ww4OjAsonNvcnRhYpx3oj2wLCJzZWFyYi54OjEsopRvdimsbiFkoj2wLCJpcp9IZWa4OjEsopx1bW30ZWQ4O4o4LCJg6WR06CoIojEwMCosopFs6Wduoj24bGVpdCosonNvcnRs6XN0oj24MTA4LCJjbimuoj17onZhbG3koj24MCosopR4oj24o4w46iVmoj24o4w4ZG3zcGxheSoIo4J9LCJpbgJtYXRfYXM4O4o4LCJpbgJtYXRfdpFsdWU4O4o4fSx7opZ1ZWxkoj24dXBkYXR3XiF0o4w4YWx1YXM4O4JsdGVfYgVzdG9tZXJzo4w4bGFuZgVhZiU4Ons46WQ4O4o4fSw4bGF4ZWw4O4JVcGRhdGU5QXQ4LCJi6WVgoj2wLCJkZXRh6Ww4OjAsonNvcnRhYpx3oj2wLCJzZWFyYi54OjEsopRvdimsbiFkoj2wLCJpcp9IZWa4OjEsopx1bW30ZWQ4O4o4LCJg6WR06CoIojEwMCosopFs6Wduoj24bGVpdCosonNvcnRs6XN0oj24MTE4LCJjbimuoj17onZhbG3koj24MCosopR4oj24o4w46iVmoj24o4w4ZG3zcGxheSoIo4J9LCJpbgJtYXRfYXM4O4o4LCJpbgJtYXRfdpFsdWU4O4o4fSx7opZ1ZWxkoj24dXBkYXR3XiJmo4w4YWx1YXM4O4JsdGVfYgVzdG9tZXJzo4w4bGFuZgVhZiU4Ons46WQ4O4o4fSw4bGF4ZWw4O4JVcGRhdGU5Qnk4LCJi6WVgoj2wLCJkZXRh6Ww4OjAsonNvcnRhYpx3oj2wLCJzZWFyYi54OjEsopRvdimsbiFkoj2wLCJpcp9IZWa4OjEsopx1bW30ZWQ4O4o4LCJg6WR06CoIojEwMCosopFs6Wduoj24bGVpdCosonNvcnRs6XN0oj24MTo4LCJjbimuoj17onZhbG3koj24MCosopR4oj24o4w46iVmoj24o4w4ZG3zcGxheSoIo4J9LCJpbgJtYXRfYXM4O4o4LCJpbgJtYXRfdpFsdWU4O4o4fV0sopZvcplfYi9sdWluoj2yLCJpbgJtXixheW9ldCoIeyJjbixlbWa4OjosonR1dGx3oj24QpFz6WM5SWmpbyxEZXRh6Wx3ZCBJbpZvo4w4Zp9ybWF0oj24dGF4o4w4ZG3zcGxheSoIophvcp3Ibim0YWw4fSw4Zp9ybXM4O3t7opZ1ZWxkoj246WQ4LCJhbG3hcyoIopx0ZV9jdXN0bil3cnM4LCJsYWmndWFnZSoIeyJ1ZCoIo4J9LCJsYWJ3bCoIok3ko4w4Zp9ybV9ncp9lcCoIMCw4cpVxdW3yZWQ4O4o4LCJi6WVgoj2xLCJ0eXB3oj246G3kZGVuo4w4YWRkoj2xLCJz6X13oj24MCosopVk6XQ4OjEsonN3YXJj6CoIojE4LCJzbgJ0bG3zdCoIMCw4bG3t6XR3ZCoIo4osop9wdG3vb4oIeyJvcHRfdH3wZSoIo4osopxvbitlcF9xdWVyeSoIo4osopxvbitlcF90YWJsZSoIo4osopxvbitlcF9rZXk4O4o4LCJsbi9rdXBfdpFsdWU4O4o4LCJ1cl9kZXB3bpR3bpNmoj24o4w4ciVsZWN0XillbHR1cGx3oj24MCosop3tYWd3XillbHR1cGx3oj24MCosopxvbitlcF9kZXB3bpR3bpNmXit3eSoIo4osonBhdGhfdG9fdXBsbiFkoj24o4w4cpVz6X13Xgd1ZHR2oj24o4w4cpVz6X13Xih36Wd2dCoIo4osonVwbG9hZF90eXB3oj24o4w4dG9vbHR1cCoIo4osopF0dHJ1YnV0ZSoIo4osopVadGVuZF9jbGFzcyoIo4J9fSx7opZ1ZWxkoj24bpFtZSosopFs6WFzoj24bHR3XiNlcgRvbWVycyosopxhbpdlYWd3oj17op3koj24on0sopxhYpVsoj24TpFtZSosopZvcplfZgJvdXA4OjAsonJ3cXV1cpVkoj24cpVxdW3yZWQ4LCJi6WVgoj2xLCJ0eXB3oj24dGVadCosopFkZCoIMSw4ci3IZSoIojA4LCJ3ZG30oj2xLCJzZWFyYi54O4oxo4w4ci9ydGx1cgQ4OjEsopx1bW30ZWQ4O4o4LCJvcHR1bia4Ons4bgB0XgRmcGU4O4o4LCJsbi9rdXBfcXV3cnk4O4o4LCJsbi9rdXBfdGF4bGU4O4o4LCJsbi9rdXBf6iVmoj24o4w4bG9v6gVwXgZhbHV3oj24o4w46XNfZGVwZWmkZWmjeSoIo4osonN3bGVjdF9tdWx06XBsZSoIojA4LCJ1bWFnZV9tdWx06XBsZSoIojA4LCJsbi9rdXBfZGVwZWmkZWmjeV9rZXk4O4o4LCJwYXR2XgRvXgVwbG9hZCoIo4osonJ3ci3IZV9g6WR06CoIo4osonJ3ci3IZV92ZW3n6HQ4O4o4LCJlcGxvYWRfdH3wZSoIo4osonRvbix06XA4O4o4LCJhdHRy6WJldGU4O4o4LCJ3eHR3bpRfYixhcgM4O4o4fX0seyJp6WVsZCoIoplvYp3sZSosopFs6WFzoj24bHR3XiNlcgRvbWVycyosopxhbpdlYWd3oj17op3koj24on0sopxhYpVsoj24TW946Wx3o4w4Zp9ybV9ncp9lcCoIMCw4cpVxdW3yZWQ4O4JyZXFl6XJ3ZCosonZ1ZXc4OjEsonRmcGU4O4J0ZXh0o4w4YWRkoj2xLCJz6X13oj24MCosopVk6XQ4OjEsonN3YXJj6CoIojE4LCJzbgJ0bG3zdCoIM4w4bG3t6XR3ZCoIo4osop9wdG3vb4oIeyJvcHRfdH3wZSoIo4osopxvbitlcF9xdWVyeSoIo4osopxvbitlcF90YWJsZSoIo4osopxvbitlcF9rZXk4O4o4LCJsbi9rdXBfdpFsdWU4O4o4LCJ1cl9kZXB3bpR3bpNmoj24o4w4ciVsZWN0XillbHR1cGx3oj24MCosop3tYWd3XillbHR1cGx3oj24MCosopxvbitlcF9kZXB3bpR3bpNmXit3eSoIo4osonBhdGhfdG9fdXBsbiFkoj24o4w4cpVz6X13Xgd1ZHR2oj24o4w4cpVz6X13Xih36Wd2dCoIo4osonVwbG9hZF90eXB3oj24o4w4dG9vbHR1cCoIo4osopF0dHJ1YnV0ZSoIo4osopVadGVuZF9jbGFzcyoIo4J9fSx7opZ1ZWxkoj24ZHV3o4w4YWx1YXM4O4JsdGVfYgVzdG9tZXJzo4w4bGFuZgVhZiU4Ons46WQ4O4o4fSw4bGF4ZWw4O4JEdWU4LCJpbgJtXidybgVwoj2wLCJyZXFl6XJ3ZCoIo4osonZ1ZXc4OjAsonRmcGU4O4J0ZXh0o4w4YWRkoj2xLCJz6X13oj24MCosopVk6XQ4OjEsonN3YXJj6CoIMCw4ci9ydGx1cgQ4OjMsopx1bW30ZWQ4O4o4LCJvcHR1bia4Ons4bgB0XgRmcGU4O4o4LCJsbi9rdXBfcXV3cnk4O4o4LCJsbi9rdXBfdGF4bGU4O4o4LCJsbi9rdXBf6iVmoj24o4w4bG9v6gVwXgZhbHV3oj24o4w46XNfZGVwZWmkZWmjeSoIo4osonN3bGVjdF9tdWx06XBsZSoIojA4LCJ1bWFnZV9tdWx06XBsZSoIojA4LCJsbi9rdXBfZGVwZWmkZWmjeV9rZXk4O4o4LCJwYXR2XgRvXgVwbG9hZCoIo4osonJ3ci3IZV9g6WR06CoIo4osonJ3ci3IZV92ZW3n6HQ4O4o4LCJlcGxvYWRfdH3wZSoIo4osonRvbix06XA4O4o4LCJhdHRy6WJldGU4O4o4LCJ3eHR3bpRfYixhcgM4O4o4fX0seyJp6WVsZCoIopVudHJmXiF0o4w4YWx1YXM4O4JsdGVfYgVzdG9tZXJzo4w4bGFuZgVhZiU4Ons46WQ4O4o4fSw4bGF4ZWw4O4JFbnRyeSBBdCosopZvcplfZgJvdXA4OjAsonJ3cXV1cpVkoj24o4w4dp33dyoIMCw4dH3wZSoIonR3eHRfZGF0ZXR1bWU4LCJhZGQ4OjEsonN1epU4O4owo4w4ZWR1dCoIMSw4ciVhcpN2oj2wLCJzbgJ0bG3zdCoINCw4bG3t6XR3ZCoIo4osop9wdG3vb4oIeyJvcHRfdH3wZSoIo4osopxvbitlcF9xdWVyeSoIo4osopxvbitlcF90YWJsZSoIo4osopxvbitlcF9rZXk4O4o4LCJsbi9rdXBfdpFsdWU4O4o4LCJ1cl9kZXB3bpR3bpNmoj24o4w4ciVsZWN0XillbHR1cGx3oj24MCosop3tYWd3XillbHR1cGx3oj24MCosopxvbitlcF9kZXB3bpR3bpNmXit3eSoIo4osonBhdGhfdG9fdXBsbiFkoj24o4w4cpVz6X13Xgd1ZHR2oj24o4w4cpVz6X13Xih36Wd2dCoIo4osonVwbG9hZF90eXB3oj24o4w4dG9vbHR1cCoIo4osopF0dHJ1YnV0ZSoIo4osopVadGVuZF9jbGFzcyoIo4J9fSx7opZ1ZWxkoj24ZWm0cn3fYnk4LCJhbG3hcyoIopx0ZV9jdXN0bil3cnM4LCJsYWmndWFnZSoIeyJ1ZCoIo4J9LCJsYWJ3bCoIokVudHJmoEJmo4w4Zp9ybV9ncp9lcCoIMCw4cpVxdW3yZWQ4O4o4LCJi6WVgoj2wLCJ0eXB3oj24dGVadCosopFkZCoIMSw4ci3IZSoIojA4LCJ3ZG30oj2xLCJzZWFyYi54OjAsonNvcnRs6XN0oj2lLCJs6Wl1dGVkoj24o4w4bgB06W9uoj17op9wdF90eXB3oj24o4w4bG9v6gVwXgFlZXJmoj24o4w4bG9v6gVwXgRhYpx3oj24o4w4bG9v6gVwXit3eSoIo4osopxvbitlcF9iYWxlZSoIo4osop3zXiR3cGVuZGVuYgk4O4o4LCJzZWx3YgRfbXVsdG3wbGU4O4owo4w46WlhZiVfbXVsdG3wbGU4O4owo4w4bG9v6gVwXiR3cGVuZGVuYg3f6iVmoj24o4w4cGF06F90bl9lcGxvYWQ4O4o4LCJyZXN1epVfdi3kdG54O4o4LCJyZXN1epVf6GV1Zih0oj24o4w4dXBsbiFkXgRmcGU4O4o4LCJ0bi9sdG3woj24o4w4YXR0cp34dXR3oj24o4w4ZXh0ZWmkXiNsYXNzoj24onl9LHs4Zp33bGQ4O4JlcGRhdGVfYXQ4LCJhbG3hcyoIopx0ZV9jdXN0bil3cnM4LCJsYWmndWFnZSoIeyJ1ZCoIo4J9LCJsYWJ3bCoIo3VwZGF0ZSBBdCosopZvcplfZgJvdXA4OjAsonJ3cXV1cpVkoj24o4w4dp33dyoIMCw4dH3wZSoIonR3eHRfZGF0ZXR1bWU4LCJhZGQ4OjEsonN1epU4O4owo4w4ZWR1dCoIMSw4ciVhcpN2oj2wLCJzbgJ0bG3zdCoIN4w4bG3t6XR3ZCoIo4osop9wdG3vb4oIeyJvcHRfdH3wZSoIo4osopxvbitlcF9xdWVyeSoIo4osopxvbitlcF90YWJsZSoIo4osopxvbitlcF9rZXk4O4o4LCJsbi9rdXBfdpFsdWU4O4o4LCJ1cl9kZXB3bpR3bpNmoj24o4w4ciVsZWN0XillbHR1cGx3oj24MCosop3tYWd3XillbHR1cGx3oj24MCosopxvbitlcF9kZXB3bpR3bpNmXit3eSoIo4osonBhdGhfdG9fdXBsbiFkoj24o4w4cpVz6X13Xgd1ZHR2oj24o4w4cpVz6X13Xih36Wd2dCoIo4osonVwbG9hZF90eXB3oj24o4w4dG9vbHR1cCoIo4osopF0dHJ1YnV0ZSoIo4osopVadGVuZF9jbGFzcyoIo4J9fSx7opZ1ZWxkoj24dXBkYXR3XiJmo4w4YWx1YXM4O4JsdGVfYgVzdG9tZXJzo4w4bGFuZgVhZiU4Ons46WQ4O4o4fSw4bGF4ZWw4O4JVcGRhdGU5Qnk4LCJpbgJtXidybgVwoj2wLCJyZXFl6XJ3ZCoIo4osonZ1ZXc4OjAsonRmcGU4O4J0ZXh0o4w4YWRkoj2xLCJz6X13oj24MCosopVk6XQ4OjEsonN3YXJj6CoIMCw4ci9ydGx1cgQ4Ojcsopx1bW30ZWQ4O4o4LCJvcHR1bia4Ons4bgB0XgRmcGU4O4o4LCJsbi9rdXBfcXV3cnk4O4o4LCJsbi9rdXBfdGF4bGU4O4o4LCJsbi9rdXBf6iVmoj24o4w4bG9v6gVwXgZhbHV3oj24o4w46XNfZGVwZWmkZWmjeSoIo4osonN3bGVjdF9tdWx06XBsZSoIojA4LCJ1bWFnZV9tdWx06XBsZSoIojA4LCJsbi9rdXBfZGVwZWmkZWmjeV9rZXk4O4o4LCJwYXR2XgRvXgVwbG9hZCoIo4osonJ3ci3IZV9g6WR06CoIo4osonJ3ci3IZV92ZW3n6HQ4O4o4LCJlcGxvYWRfdH3wZSoIo4osonRvbix06XA4O4o4LCJhdHRy6WJldGU4O4o4LCJ3eHR3bpRfYixhcgM4O4o4fX0seyJp6WVsZCoIopVtYW3so4w4YWx1YXM4O4JsdGVfYgVzdG9tZXJzo4w4bGFuZgVhZiU4Ons46WQ4O4o4fSw4bGF4ZWw4O4JFbWF1bCosopZvcplfZgJvdXA4OjEsonJ3cXV1cpVkoj24o4w4dp33dyoIMSw4dH3wZSoIonR3eHQ4LCJhZGQ4OjEsonN1epU4O4owo4w4ZWR1dCoIMSw4ciVhcpN2oj24MSosonNvcnRs6XN0oj2aLCJs6Wl1dGVkoj24o4w4bgB06W9uoj17op9wdF90eXB3oj24o4w4bG9v6gVwXgFlZXJmoj24o4w4bG9v6gVwXgRhYpx3oj24o4w4bG9v6gVwXit3eSoIo4osopxvbitlcF9iYWxlZSoIo4osop3zXiR3cGVuZGVuYgk4O4o4LCJzZWx3YgRfbXVsdG3wbGU4O4owo4w46WlhZiVfbXVsdG3wbGU4O4owo4w4bG9v6gVwXiR3cGVuZGVuYg3f6iVmoj24o4w4cGF06F90bl9lcGxvYWQ4O4o4LCJyZXN1epVfdi3kdG54O4o4LCJyZXN1epVf6GV1Zih0oj24o4w4dXBsbiFkXgRmcGU4O4o4LCJ0bi9sdG3woj24o4w4YXR0cp34dXR3oj24o4w4ZXh0ZWmkXiNsYXNzoj24onl9LHs4Zp33bGQ4O4JhZGRyZXNzo4w4YWx1YXM4O4JsdGVfYgVzdG9tZXJzo4w4bGFuZgVhZiU4Ons46WQ4O4o4fSw4bGF4ZWw4O4JBZGRyZXNzo4w4Zp9ybV9ncp9lcCoIMSw4cpVxdW3yZWQ4O4o4LCJi6WVgoj2xLCJ0eXB3oj24dGVadCosopFkZCoIMSw4ci3IZSoIojA4LCJ3ZG30oj2xLCJzZWFyYi54O4oxo4w4ci9ydGx1cgQ4Ojksopx1bW30ZWQ4O4o4LCJvcHR1bia4Ons4bgB0XgRmcGU4O4o4LCJsbi9rdXBfcXV3cnk4O4o4LCJsbi9rdXBfdGF4bGU4O4o4LCJsbi9rdXBf6iVmoj24o4w4bG9v6gVwXgZhbHV3oj24o4w46XNfZGVwZWmkZWmjeSoIo4osonN3bGVjdF9tdWx06XBsZSoIojA4LCJ1bWFnZV9tdWx06XBsZSoIojA4LCJsbi9rdXBfZGVwZWmkZWmjeV9rZXk4O4o4LCJwYXR2XgRvXgVwbG9hZCoIo4osonJ3ci3IZV9g6WR06CoIo4osonJ3ci3IZV92ZW3n6HQ4O4o4LCJlcGxvYWRfdH3wZSoIo4osonRvbix06XA4O4o4LCJhdHRy6WJldGU4O4o4LCJ3eHR3bpRfYixhcgM4O4o4fX0seyJp6WVsZCoIopR3bG3iZXJmYWRkcpVzcyosopFs6WFzoj24bHR3XiNlcgRvbWVycyosopxhbpdlYWd3oj17op3koj24on0sopxhYpVsoj24RGVs6XZ3cn3hZGRyZXNzo4w4Zp9ybV9ncp9lcCoIMSw4cpVxdW3yZWQ4O4o4LCJi6WVgoj2xLCJ0eXB3oj24dGVadCosopFkZCoIMSw4ci3IZSoIojA4LCJ3ZG30oj2xLCJzZWFyYi54O4oxo4w4ci9ydGx1cgQ4OjEwLCJs6Wl1dGVkoj24o4w4bgB06W9uoj17op9wdF90eXB3oj24o4w4bG9v6gVwXgFlZXJmoj24o4w4bG9v6gVwXgRhYpx3oj24o4w4bG9v6gVwXit3eSoIo4osopxvbitlcF9iYWxlZSoIo4osop3zXiR3cGVuZGVuYgk4O4o4LCJzZWx3YgRfbXVsdG3wbGU4O4owo4w46WlhZiVfbXVsdG3wbGU4O4owo4w4bG9v6gVwXiR3cGVuZGVuYg3f6iVmoj24o4w4cGF06F90bl9lcGxvYWQ4O4o4LCJyZXN1epVfdi3kdG54O4o4LCJyZXN1epVf6GV1Zih0oj24o4w4dXBsbiFkXgRmcGU4O4o4LCJ0bi9sdG3woj24o4w4YXR0cp34dXR3oj24o4w4ZXh0ZWmkXiNsYXNzoj24onl9LHs4Zp33bGQ4O4JyZWlhcptzo4w4YWx1YXM4O4JsdGVfYgVzdG9tZXJzo4w4bGF4ZWw4O4JSZWlhcptzo4w4Zp9ybV9ncp9lcCoIMSw4cpVxdW3yZWQ4OpmlbGwsonZ1ZXc4OjEsonRmcGU4O4J0ZXh0YXJ3YV93ZG30bgo4LCJhZGQ4OjEsopVk6XQ4OjEsonN3YXJj6CoIojE4LCJz6X13oj24o4w4ci9ydGx1cgQ4OjExLCJs6Wl1dGVkoj1udWxsLCJvcHR1bia4Ons4bgB0XgRmcGU4OpmlbGwsopxvbitlcF9xdWVyeSoIo4osopxvbitlcF90YWJsZSoIbnVsbCw4bG9v6gVwXit3eSoIbnVsbCw4bG9v6gVwXgZhbHV3oj24o4w46XNfZGVwZWmkZWmjeSoIbnVsbCw4ciVsZWN0XillbHR1cGx3oj24MCosop3tYWd3XillbHR1cGx3oj24MCosopxvbitlcF9kZXB3bpR3bpNmXit3eSoIbnVsbCw4cGF06F90bl9lcGxvYWQ4OpmlbGwsonVwbG9hZF90eXB3oj1udWxsLCJyZXN1epVfdi3kdG54OpmlbGwsonJ3ci3IZV92ZW3n6HQ4OpmlbGwsonRvbix06XA4OpmlbGwsopF0dHJ1YnV0ZSoIbnVsbCw4ZXh0ZWmkXiNsYXNzoj1udWxsLCJwcpVp6X54OpmlbGwsonNlZp3aoj1udWxsfXldfQ==',NULL),(69,'supplier','Supplier','Supplier Details',NULL,'2021-07-26 07:35:20',NULL,'lte_supplier','id','native','eyJzcWxfciVsZWN0oj24oFNFTEVDVCBsdGVfcgVwcGx1ZXouK4BGUk9NoGx0ZV9zdXBwbG33c4A4LCJzcWxfdih3cpU4O4o5V0hFUkU5bHR3XgNlcHBs6WVyLp3koE3ToEmPVCBOVUxMo4w4cgFsXidybgVwoj1udWxsLCJ0YWJsZV9kY4oIopx0ZV9zdXBwbG33c4osonBy6Wlhcn3f6iVmoj246WQ4LCJncp3koj1beyJp6WVsZCoIop3ko4w4YWx1YXM4O4JsdGVfcgVwcGx1ZXo4LCJsYWmndWFnZSoIeyJ1ZCoIo4J9LCJsYWJ3bCoIok3ko4w4dp33dyoIMSw4ZGV0YW3soj2xLCJzbgJ0YWJsZSoIMSw4ciVhcpN2oj2xLCJkbgdubG9hZCoIMSw4ZnJvepVuoj2xLCJs6Wl1dGVkoj24o4w4di3kdG54O4oxMDA4LCJhbG3nb4oIopx3ZnQ4LCJzbgJ0bG3zdCoIojE4LCJjbimuoj17onZhbG3koj24MCosopR4oj24o4w46iVmoj24o4w4ZG3zcGxheSoIo4J9LCJpbgJtYXRfYXM4O4o4LCJpbgJtYXRfdpFsdWU4O4o4fSx7opZ1ZWxkoj24bpFtZSosopFs6WFzoj24bHR3XgNlcHBs6WVyo4w4bGFuZgVhZiU4Ons46WQ4O4o4fSw4bGF4ZWw4O4JOYWl3o4w4dp33dyoIMSw4ZGV0YW3soj2xLCJzbgJ0YWJsZSoIMSw4ciVhcpN2oj2xLCJkbgdubG9hZCoIMSw4ZnJvepVuoj2xLCJs6Wl1dGVkoj24o4w4di3kdG54O4oxMDA4LCJhbG3nb4oIopx3ZnQ4LCJzbgJ0bG3zdCoIojo4LCJjbimuoj17onZhbG3koj24MCosopR4oj24o4w46iVmoj24o4w4ZG3zcGxheSoIo4J9LCJpbgJtYXRfYXM4O4o4LCJpbgJtYXRfdpFsdWU4O4o4fSx7opZ1ZWxkoj24bW946Wx3o4w4YWx1YXM4O4JsdGVfcgVwcGx1ZXo4LCJsYWmndWFnZSoIeyJ1ZCoIo4J9LCJsYWJ3bCoIoklvYp3sZSosonZ1ZXc4OjEsopR3dGF1bCoIMSw4ci9ydGF4bGU4OjEsonN3YXJj6CoIMSw4ZG9gbpxvYWQ4OjEsopZybg13b4oIMSw4bG3t6XR3ZCoIo4osond1ZHR2oj24MTAwo4w4YWx1Zia4O4JsZWZ0o4w4ci9ydGx1cgQ4O4ozo4w4Yi9ub4oIeyJiYWx1ZCoIojA4LCJkY4oIo4osopt3eSoIo4osopR1cgBsYXk4O4o4fSw4Zp9ybWF0XiFzoj24o4w4Zp9ybWF0XgZhbHV3oj24on0seyJp6WVsZCoIopFkZHJ3cgM4LCJhbG3hcyoIopx0ZV9zdXBwbG33c4osopxhbpdlYWd3oj17op3koj24on0sopxhYpVsoj24QWRkcpVzcyosonZ1ZXc4OjEsopR3dGF1bCoIMSw4ci9ydGF4bGU4OjEsonN3YXJj6CoIMSw4ZG9gbpxvYWQ4OjEsopZybg13b4oIMSw4bG3t6XR3ZCoIo4osond1ZHR2oj24MTAwo4w4YWx1Zia4O4JsZWZ0o4w4ci9ydGx1cgQ4O4o0o4w4Yi9ub4oIeyJiYWx1ZCoIojA4LCJkY4oIo4osopt3eSoIo4osopR1cgBsYXk4O4o4fSw4Zp9ybWF0XiFzoj24o4w4Zp9ybWF0XgZhbHV3oj24on0seyJp6WVsZCoIonJ3bWFy6gM4LCJhbG3hcyoIopx0ZV9zdXBwbG33c4osopxhbpdlYWd3oj17op3koj24on0sopxhYpVsoj24UpVtYXJrcyosonZ1ZXc4OjEsopR3dGF1bCoIMSw4ci9ydGF4bGU4OjEsonN3YXJj6CoIMSw4ZG9gbpxvYWQ4OjEsopZybg13b4oIMSw4bG3t6XR3ZCoIo4osond1ZHR2oj24MTAwo4w4YWx1Zia4O4JsZWZ0o4w4ci9ydGx1cgQ4O4olo4w4Yi9ub4oIeyJiYWx1ZCoIojA4LCJkY4oIo4osopt3eSoIo4osopR1cgBsYXk4O4o4fSw4Zp9ybWF0XiFzoj24o4w4Zp9ybWF0XgZhbHV3oj24on0seyJp6WVsZCoIopRlZSosopFs6WFzoj24bHR3XgNlcHBs6WVyo4w4bGFuZgVhZiU4Ons46WQ4O4o4fSw4bGF4ZWw4O4JEdWU4LCJi6WVgoj2xLCJkZXRh6Ww4OjEsonNvcnRhYpx3oj2xLCJzZWFyYi54OjEsopRvdimsbiFkoj2xLCJpcp9IZWa4OjEsopx1bW30ZWQ4O4o4LCJg6WR06CoIojEwMCosopFs6Wduoj24bGVpdCosonNvcnRs6XN0oj24N4osopNvbpa4Ons4dpFs6WQ4O4owo4w4ZGo4O4o4LCJrZXk4O4o4LCJk6XNwbGFmoj24on0sopZvcplhdF9hcyoIo4osopZvcplhdF9iYWxlZSoIo4J9LHs4Zp33bGQ4O4J3bnRyeV9hdCosopFs6WFzoj24bHR3XgNlcHBs6WVyo4w4bGFuZgVhZiU4Ons46WQ4O4o4fSw4bGF4ZWw4O4JFbnRyeSBBdCosonZ1ZXc4OjAsopR3dGF1bCoIMCw4ci9ydGF4bGU4OjAsonN3YXJj6CoIMSw4ZG9gbpxvYWQ4OjAsopZybg13b4oIMSw4bG3t6XR3ZCoIo4osond1ZHR2oj24MTAwo4w4YWx1Zia4O4JsZWZ0o4w4ci9ydGx1cgQ4O4ogo4w4Yi9ub4oIeyJiYWx1ZCoIojA4LCJkY4oIo4osopt3eSoIo4osopR1cgBsYXk4O4o4fSw4Zp9ybWF0XiFzoj24o4w4Zp9ybWF0XgZhbHV3oj24on0seyJp6WVsZCoIopVudHJmXiJmo4w4YWx1YXM4O4JsdGVfcgVwcGx1ZXo4LCJsYWmndWFnZSoIeyJ1ZCoIo4J9LCJsYWJ3bCoIokVudHJmoEJmo4w4dp33dyoIMCw4ZGV0YW3soj2wLCJzbgJ0YWJsZSoIMCw4ciVhcpN2oj2xLCJkbgdubG9hZCoIMCw4ZnJvepVuoj2xLCJs6Wl1dGVkoj24o4w4di3kdG54O4oxMDA4LCJhbG3nb4oIopx3ZnQ4LCJzbgJ0bG3zdCoIoj54LCJjbimuoj17onZhbG3koj24MCosopR4oj24o4w46iVmoj24o4w4ZG3zcGxheSoIo4J9LCJpbgJtYXRfYXM4O4o4LCJpbgJtYXRfdpFsdWU4O4o4fSx7opZ1ZWxkoj24dXBkYXR3XiF0o4w4YWx1YXM4O4JsdGVfcgVwcGx1ZXo4LCJsYWmndWFnZSoIeyJ1ZCoIo4J9LCJsYWJ3bCoIo3VwZGF0ZSBBdCosonZ1ZXc4OjAsopR3dGF1bCoIMCw4ci9ydGF4bGU4OjAsonN3YXJj6CoIMSw4ZG9gbpxvYWQ4OjAsopZybg13b4oIMSw4bG3t6XR3ZCoIo4osond1ZHR2oj24MTAwo4w4YWx1Zia4O4JsZWZ0o4w4ci9ydGx1cgQ4O4omo4w4Yi9ub4oIeyJiYWx1ZCoIojA4LCJkY4oIo4osopt3eSoIo4osopR1cgBsYXk4O4o4fSw4Zp9ybWF0XiFzoj24o4w4Zp9ybWF0XgZhbHV3oj24on0seyJp6WVsZCoIonVwZGF0ZV94eSosopFs6WFzoj24bHR3XgNlcHBs6WVyo4w4bGFuZgVhZiU4Ons46WQ4O4o4fSw4bGF4ZWw4O4JVcGRhdGU5Qnk4LCJi6WVgoj2wLCJkZXRh6Ww4OjAsonNvcnRhYpx3oj2wLCJzZWFyYi54OjEsopRvdimsbiFkoj2wLCJpcp9IZWa4OjEsopx1bW30ZWQ4O4o4LCJg6WR06CoIojEwMCosopFs6Wduoj24bGVpdCosonNvcnRs6XN0oj24MTA4LCJjbimuoj17onZhbG3koj24MCosopR4oj24o4w46iVmoj24o4w4ZG3zcGxheSoIo4J9LCJpbgJtYXRfYXM4O4o4LCJpbgJtYXRfdpFsdWU4O4o4fV0sopZvcplzoj1beyJp6WVsZCoIop3ko4w4YWx1YXM4O4JsdGVfcgVwcGx1ZXo4LCJsYWmndWFnZSoIeyJ1ZCoIo4J9LCJsYWJ3bCoIok3ko4w4Zp9ybV9ncp9lcCoIo4osonJ3cXV1cpVkoj24o4w4dp33dyoIMSw4dH3wZSoIoph1ZGR3b4osopFkZCoIMSw4ci3IZSoIojA4LCJ3ZG30oj2xLCJzZWFyYi54O4oxo4w4ci9ydGx1cgQ4O4owo4w4bG3t6XR3ZCoIo4osop9wdG3vb4oIeyJvcHRfdH3wZSoIo4osopxvbitlcF9xdWVyeSoIo4osopxvbitlcF90YWJsZSoIo4osopxvbitlcF9rZXk4O4o4LCJsbi9rdXBfdpFsdWU4O4o4LCJ1cl9kZXB3bpR3bpNmoj24o4w4ciVsZWN0XillbHR1cGx3oj24MCosop3tYWd3XillbHR1cGx3oj24MCosopxvbitlcF9kZXB3bpR3bpNmXit3eSoIo4osonBhdGhfdG9fdXBsbiFkoj24o4w4cpVz6X13Xgd1ZHR2oj24o4w4cpVz6X13Xih36Wd2dCoIo4osonVwbG9hZF90eXB3oj24o4w4dG9vbHR1cCoIo4osopF0dHJ1YnV0ZSoIo4osopVadGVuZF9jbGFzcyoIo4J9fSx7opZ1ZWxkoj24bpFtZSosopFs6WFzoj24bHR3XgNlcHBs6WVyo4w4bGFuZgVhZiU4Ons46WQ4O4o4fSw4bGF4ZWw4O4JOYWl3o4w4Zp9ybV9ncp9lcCoIo4osonJ3cXV1cpVkoj24o4w4dp33dyoIMSw4dH3wZSoIonR3eHQ4LCJhZGQ4OjEsonN1epU4O4owo4w4ZWR1dCoIMSw4ciVhcpN2oj24MSosonNvcnRs6XN0oj24MSosopx1bW30ZWQ4O4o4LCJvcHR1bia4Ons4bgB0XgRmcGU4O4o4LCJsbi9rdXBfcXV3cnk4O4o4LCJsbi9rdXBfdGF4bGU4O4o4LCJsbi9rdXBf6iVmoj24o4w4bG9v6gVwXgZhbHV3oj24o4w46XNfZGVwZWmkZWmjeSoIo4osonN3bGVjdF9tdWx06XBsZSoIojA4LCJ1bWFnZV9tdWx06XBsZSoIojA4LCJsbi9rdXBfZGVwZWmkZWmjeV9rZXk4O4o4LCJwYXR2XgRvXgVwbG9hZCoIo4osonJ3ci3IZV9g6WR06CoIo4osonJ3ci3IZV92ZW3n6HQ4O4o4LCJlcGxvYWRfdH3wZSoIo4osonRvbix06XA4O4o4LCJhdHRy6WJldGU4O4o4LCJ3eHR3bpRfYixhcgM4O4o4fX0seyJp6WVsZCoIoplvYp3sZSosopFs6WFzoj24bHR3XgNlcHBs6WVyo4w4bGFuZgVhZiU4Ons46WQ4O4o4fSw4bGF4ZWw4O4JNbiJ1bGU4LCJpbgJtXidybgVwoj24o4w4cpVxdW3yZWQ4O4o4LCJi6WVgoj2xLCJ0eXB3oj24dGVadCosopFkZCoIMSw4ci3IZSoIojA4LCJ3ZG30oj2xLCJzZWFyYi54O4oxo4w4ci9ydGx1cgQ4O4oyo4w4bG3t6XR3ZCoIo4osop9wdG3vb4oIeyJvcHRfdH3wZSoIo4osopxvbitlcF9xdWVyeSoIo4osopxvbitlcF90YWJsZSoIo4osopxvbitlcF9rZXk4O4o4LCJsbi9rdXBfdpFsdWU4O4o4LCJ1cl9kZXB3bpR3bpNmoj24o4w4ciVsZWN0XillbHR1cGx3oj24MCosop3tYWd3XillbHR1cGx3oj24MCosopxvbitlcF9kZXB3bpR3bpNmXit3eSoIo4osonBhdGhfdG9fdXBsbiFkoj24o4w4cpVz6X13Xgd1ZHR2oj24o4w4cpVz6X13Xih36Wd2dCoIo4osonVwbG9hZF90eXB3oj24o4w4dG9vbHR1cCoIo4osopF0dHJ1YnV0ZSoIo4osopVadGVuZF9jbGFzcyoIo4J9fSx7opZ1ZWxkoj24YWRkcpVzcyosopFs6WFzoj24bHR3XgNlcHBs6WVyo4w4bGFuZgVhZiU4Ons46WQ4O4o4fSw4bGF4ZWw4O4JBZGRyZXNzo4w4Zp9ybV9ncp9lcCoIo4osonJ3cXV1cpVkoj24o4w4dp33dyoIMSw4dH3wZSoIonR3eHQ4LCJhZGQ4OjEsonN1epU4O4owo4w4ZWR1dCoIMSw4ciVhcpN2oj24MSosonNvcnRs6XN0oj24Myosopx1bW30ZWQ4O4o4LCJvcHR1bia4Ons4bgB0XgRmcGU4O4o4LCJsbi9rdXBfcXV3cnk4O4o4LCJsbi9rdXBfdGF4bGU4O4o4LCJsbi9rdXBf6iVmoj24o4w4bG9v6gVwXgZhbHV3oj24o4w46XNfZGVwZWmkZWmjeSoIo4osonN3bGVjdF9tdWx06XBsZSoIojA4LCJ1bWFnZV9tdWx06XBsZSoIojA4LCJsbi9rdXBfZGVwZWmkZWmjeV9rZXk4O4o4LCJwYXR2XgRvXgVwbG9hZCoIo4osonJ3ci3IZV9g6WR06CoIo4osonJ3ci3IZV92ZW3n6HQ4O4o4LCJlcGxvYWRfdH3wZSoIo4osonRvbix06XA4O4o4LCJhdHRy6WJldGU4O4o4LCJ3eHR3bpRfYixhcgM4O4o4fX0seyJp6WVsZCoIonJ3bWFy6gM4LCJhbG3hcyoIopx0ZV9zdXBwbG33c4osopxhbpdlYWd3oj17op3koj24on0sopxhYpVsoj24UpVtYXJrcyosopZvcplfZgJvdXA4O4o4LCJyZXFl6XJ3ZCoIo4osonZ1ZXc4OjEsonRmcGU4O4J0ZXh0YXJ3YSosopFkZCoIMSw4ci3IZSoIojA4LCJ3ZG30oj2xLCJzZWFyYi54O4oxo4w4ci9ydGx1cgQ4O4o0o4w4bG3t6XR3ZCoIo4osop9wdG3vb4oIeyJvcHRfdH3wZSoIo4osopxvbitlcF9xdWVyeSoIo4osopxvbitlcF90YWJsZSoIo4osopxvbitlcF9rZXk4O4o4LCJsbi9rdXBfdpFsdWU4O4o4LCJ1cl9kZXB3bpR3bpNmoj24o4w4ciVsZWN0XillbHR1cGx3oj24MCosop3tYWd3XillbHR1cGx3oj24MCosopxvbitlcF9kZXB3bpR3bpNmXit3eSoIo4osonBhdGhfdG9fdXBsbiFkoj24o4w4cpVz6X13Xgd1ZHR2oj24o4w4cpVz6X13Xih36Wd2dCoIo4osonVwbG9hZF90eXB3oj24o4w4dG9vbHR1cCoIo4osopF0dHJ1YnV0ZSoIo4osopVadGVuZF9jbGFzcyoIo4J9fSx7opZ1ZWxkoj24ZHV3o4w4YWx1YXM4O4JsdGVfcgVwcGx1ZXo4LCJsYWmndWFnZSoIeyJ1ZCoIo4J9LCJsYWJ3bCoIokRlZSosopZvcplfZgJvdXA4O4o4LCJyZXFl6XJ3ZCoIo4osonZ1ZXc4OjAsonRmcGU4O4J0ZXh0o4w4YWRkoj2xLCJz6X13oj24MCosopVk6XQ4OjEsonN3YXJj6CoIMCw4ci9ydGx1cgQ4O4olo4w4bG3t6XR3ZCoIo4osop9wdG3vb4oIeyJvcHRfdH3wZSoIo4osopxvbitlcF9xdWVyeSoIo4osopxvbitlcF90YWJsZSoIo4osopxvbitlcF9rZXk4O4o4LCJsbi9rdXBfdpFsdWU4O4o4LCJ1cl9kZXB3bpR3bpNmoj24o4w4ciVsZWN0XillbHR1cGx3oj24MCosop3tYWd3XillbHR1cGx3oj24MCosopxvbitlcF9kZXB3bpR3bpNmXit3eSoIo4osonBhdGhfdG9fdXBsbiFkoj24o4w4cpVz6X13Xgd1ZHR2oj24o4w4cpVz6X13Xih36Wd2dCoIo4osonVwbG9hZF90eXB3oj24o4w4dG9vbHR1cCoIo4osopF0dHJ1YnV0ZSoIo4osopVadGVuZF9jbGFzcyoIo4J9fSx7opZ1ZWxkoj24ZWm0cn3fYXQ4LCJhbG3hcyoIopx0ZV9zdXBwbG33c4osopxhbpdlYWd3oj17op3koj24on0sopxhYpVsoj24RWm0cnk5QXQ4LCJpbgJtXidybgVwoj24o4w4cpVxdW3yZWQ4O4o4LCJi6WVgoj2wLCJ0eXB3oj24dGVadF9kYXR3dG3tZSosopFkZCoIMSw4ci3IZSoIojA4LCJ3ZG30oj2xLCJzZWFyYi54OjAsonNvcnRs6XN0oj24N4osopx1bW30ZWQ4O4o4LCJvcHR1bia4Ons4bgB0XgRmcGU4O4o4LCJsbi9rdXBfcXV3cnk4O4o4LCJsbi9rdXBfdGF4bGU4O4o4LCJsbi9rdXBf6iVmoj24o4w4bG9v6gVwXgZhbHV3oj24o4w46XNfZGVwZWmkZWmjeSoIo4osonN3bGVjdF9tdWx06XBsZSoIojA4LCJ1bWFnZV9tdWx06XBsZSoIojA4LCJsbi9rdXBfZGVwZWmkZWmjeV9rZXk4O4o4LCJwYXR2XgRvXgVwbG9hZCoIo4osonJ3ci3IZV9g6WR06CoIo4osonJ3ci3IZV92ZW3n6HQ4O4o4LCJlcGxvYWRfdH3wZSoIo4osonRvbix06XA4O4o4LCJhdHRy6WJldGU4O4o4LCJ3eHR3bpRfYixhcgM4O4o4fX0seyJp6WVsZCoIopVudHJmXiJmo4w4YWx1YXM4O4JsdGVfcgVwcGx1ZXo4LCJsYWmndWFnZSoIeyJ1ZCoIo4J9LCJsYWJ3bCoIokVudHJmoEJmo4w4Zp9ybV9ncp9lcCoIo4osonJ3cXV1cpVkoj24o4w4dp33dyoIMCw4dH3wZSoIonR3eHQ4LCJhZGQ4OjEsonN1epU4O4owo4w4ZWR1dCoIMSw4ciVhcpN2oj2wLCJzbgJ0bG3zdCoIojc4LCJs6Wl1dGVkoj24o4w4bgB06W9uoj17op9wdF90eXB3oj24o4w4bG9v6gVwXgFlZXJmoj24o4w4bG9v6gVwXgRhYpx3oj24o4w4bG9v6gVwXit3eSoIo4osopxvbitlcF9iYWxlZSoIo4osop3zXiR3cGVuZGVuYgk4O4o4LCJzZWx3YgRfbXVsdG3wbGU4O4owo4w46WlhZiVfbXVsdG3wbGU4O4owo4w4bG9v6gVwXiR3cGVuZGVuYg3f6iVmoj24o4w4cGF06F90bl9lcGxvYWQ4O4o4LCJyZXN1epVfdi3kdG54O4o4LCJyZXN1epVf6GV1Zih0oj24o4w4dXBsbiFkXgRmcGU4O4o4LCJ0bi9sdG3woj24o4w4YXR0cp34dXR3oj24o4w4ZXh0ZWmkXiNsYXNzoj24onl9LHs4Zp33bGQ4O4JlcGRhdGVfYXQ4LCJhbG3hcyoIopx0ZV9zdXBwbG33c4osopxhbpdlYWd3oj17op3koj24on0sopxhYpVsoj24VXBkYXR3oEF0o4w4Zp9ybV9ncp9lcCoIo4osonJ3cXV1cpVkoj24o4w4dp33dyoIMCw4dH3wZSoIonR3eHRfZGF0ZXR1bWU4LCJhZGQ4OjEsonN1epU4O4owo4w4ZWR1dCoIMSw4ciVhcpN2oj2wLCJzbgJ0bG3zdCoIoj54LCJs6Wl1dGVkoj24o4w4bgB06W9uoj17op9wdF90eXB3oj24o4w4bG9v6gVwXgFlZXJmoj24o4w4bG9v6gVwXgRhYpx3oj24o4w4bG9v6gVwXit3eSoIo4osopxvbitlcF9iYWxlZSoIo4osop3zXiR3cGVuZGVuYgk4O4o4LCJzZWx3YgRfbXVsdG3wbGU4O4owo4w46WlhZiVfbXVsdG3wbGU4O4owo4w4bG9v6gVwXiR3cGVuZGVuYg3f6iVmoj24o4w4cGF06F90bl9lcGxvYWQ4O4o4LCJyZXN1epVfdi3kdG54O4o4LCJyZXN1epVf6GV1Zih0oj24o4w4dXBsbiFkXgRmcGU4O4o4LCJ0bi9sdG3woj24o4w4YXR0cp34dXR3oj24o4w4ZXh0ZWmkXiNsYXNzoj24onl9LHs4Zp33bGQ4O4JlcGRhdGVfYnk4LCJhbG3hcyoIopx0ZV9zdXBwbG33c4osopxhbpdlYWd3oj17op3koj24on0sopxhYpVsoj24VXBkYXR3oEJmo4w4Zp9ybV9ncp9lcCoIo4osonJ3cXV1cpVkoj24o4w4dp33dyoIMCw4dH3wZSoIonR3eHQ4LCJhZGQ4OjEsonN1epU4O4owo4w4ZWR1dCoIMSw4ciVhcpN2oj2wLCJzbgJ0bG3zdCoIojk4LCJs6Wl1dGVkoj24o4w4bgB06W9uoj17op9wdF90eXB3oj24o4w4bG9v6gVwXgFlZXJmoj24o4w4bG9v6gVwXgRhYpx3oj24o4w4bG9v6gVwXit3eSoIo4osopxvbitlcF9iYWxlZSoIo4osop3zXiR3cGVuZGVuYgk4O4o4LCJzZWx3YgRfbXVsdG3wbGU4O4owo4w46WlhZiVfbXVsdG3wbGU4O4owo4w4bG9v6gVwXiR3cGVuZGVuYg3f6iVmoj24o4w4cGF06F90bl9lcGxvYWQ4O4o4LCJyZXN1epVfdi3kdG54O4o4LCJyZXN1epVf6GV1Zih0oj24o4w4dXBsbiFkXgRmcGU4O4o4LCJ0bi9sdG3woj24o4w4YXR0cp34dXR3oj24o4w4ZXh0ZWmkXiNsYXNzoj24onl9XX0=','{\"title\":{\"id\":\"\"},\"note\":{\"id\":\"\"}}'),(70,'product','Products','Product Details',NULL,'2021-07-26 09:34:02',NULL,'lte_products','id','native','eyJzcWxfciVsZWN0oj24oFNFTEVDVCBsdGVfcHJvZHVjdHMuK4BGUk9NoGx0ZV9wcp9kdWN0cyA4LCJzcWxfdih3cpU4O4o5V0hFUkU5bHR3XgBybiRlYgRzLp3koE3ToEmPVCBOVUxMo4w4cgFsXidybgVwoj1udWxsLCJ0YWJsZV9kY4oIopx0ZV9wcp9kdWN0cyosonBy6Wlhcn3f6iVmoj246WQ4LCJpbgJtXiNvbHVtb4oIM4w4Zp9ybV9sYX3vdXQ4Ons4Yi9sdWluoj2yLCJ06XRsZSoIokd3bpVyYWw5SWmpbyxEZXRh6Wxzo4w4Zp9ybWF0oj24dGF4o4w4ZG3zcGxheSoIophvcp3Ibim0YWw4fSw4ZgJ1ZCoIWgs4Zp33bGQ4O4J1ZCosopFs6WFzoj24bHR3XgBybiRlYgRzo4w4bGFuZgVhZiU4Ons46WQ4O4o4fSw4bGF4ZWw4O4JJZCosonZ1ZXc4OjEsopR3dGF1bCoIMSw4ci9ydGF4bGU4OjEsonN3YXJj6CoIMSw4ZG9gbpxvYWQ4OjEsopZybg13b4oIMSw4bG3t6XR3ZCoIo4osond1ZHR2oj24MTAwo4w4YWx1Zia4O4JsZWZ0o4w4ci9ydGx1cgQ4O4oxo4w4Yi9ub4oIeyJiYWx1ZCoIojA4LCJkY4oIo4osopt3eSoIo4osopR1cgBsYXk4O4o4fSw4Zp9ybWF0XiFzoj24o4w4Zp9ybWF0XgZhbHV3oj24on0seyJp6WVsZCoIopNvZGU4LCJhbG3hcyoIopx0ZV9wcp9kdWN0cyosopxhbpdlYWd3oj17op3koj24on0sopxhYpVsoj24Qi9kZSosonZ1ZXc4OjEsopR3dGF1bCoIMSw4ci9ydGF4bGU4OjEsonN3YXJj6CoIMSw4ZG9gbpxvYWQ4OjEsopZybg13b4oIMSw4bG3t6XR3ZCoIo4osond1ZHR2oj24MTAwo4w4YWx1Zia4O4JsZWZ0o4w4ci9ydGx1cgQ4O4oyo4w4Yi9ub4oIeyJiYWx1ZCoIojA4LCJkY4oIo4osopt3eSoIo4osopR1cgBsYXk4O4o4fSw4Zp9ybWF0XiFzoj24o4w4Zp9ybWF0XgZhbHV3oj24on0seyJp6WVsZCoIopmhbWU4LCJhbG3hcyoIopx0ZV9wcp9kdWN0cyosopxhbpdlYWd3oj17op3koj24on0sopxhYpVsoj24TpFtZSosonZ1ZXc4OjAsopR3dGF1bCoIMSw4ci9ydGF4bGU4OjEsonN3YXJj6CoIMSw4ZG9gbpxvYWQ4OjEsopZybg13b4oIMSw4bG3t6XR3ZCoIo4osond1ZHR2oj24MTAwo4w4YWx1Zia4O4JsZWZ0o4w4ci9ydGx1cgQ4O4ozo4w4Yi9ub4oIeyJiYWx1ZCoIojA4LCJkY4oIo4osopt3eSoIo4osopR1cgBsYXk4O4o4fSw4Zp9ybWF0XiFzoj24o4w4Zp9ybWF0XgZhbHV3oj24on0seyJp6WVsZCoIopR3ciNy6XB06W9uo4w4YWx1YXM4O4JsdGVfcHJvZHVjdHM4LCJsYWmndWFnZSoIeyJ1ZCoIo4J9LCJsYWJ3bCoIokR3ciNy6XB06W9uo4w4dp33dyoIMCw4ZGV0YW3soj2xLCJzbgJ0YWJsZSoIMSw4ciVhcpN2oj2xLCJkbgdubG9hZCoIMSw4ZnJvepVuoj2xLCJs6Wl1dGVkoj24o4w4di3kdG54O4oxMDA4LCJhbG3nb4oIopx3ZnQ4LCJzbgJ0bG3zdCoIojQ4LCJjbimuoj17onZhbG3koj24MCosopR4oj24o4w46iVmoj24o4w4ZG3zcGxheSoIo4J9LCJpbgJtYXRfYXM4O4o4LCJpbgJtYXRfdpFsdWU4O4o4fSx7opZ1ZWxkoj24YiF0Xi3ko4w4YWx1YXM4O4JsdGVfcHJvZHVjdHM4LCJsYWmndWFnZSoIeyJ1ZCoIo4J9LCJsYWJ3bCoIokNhdGVnbgJmo4w4dp33dyoIMSw4ZGV0YW3soj2xLCJzbgJ0YWJsZSoIMSw4ciVhcpN2oj2xLCJkbgdubG9hZCoIMSw4ZnJvepVuoj2xLCJs6Wl1dGVkoj24o4w4di3kdG54O4oxMDA4LCJhbG3nb4oIopx3ZnQ4LCJzbgJ0bG3zdCoIojU4LCJjbimuoj17onZhbG3koj24MSosopR4oj24bHR3XgBybiRlYgRfYiF0ZWdvcnk4LCJrZXk4O4J1ZCosopR1cgBsYXk4O4JuYWl3on0sopZvcplhdF9hcyoIo4osopZvcplhdF9iYWxlZSoIo4J9LHs4Zp33bGQ4O4JjYXRfbpFtZSosopFs6WFzoj24bHR3XgBybiRlYgRzo4w4bGFuZgVhZiU4Ons46WQ4O4o4fSw4bGF4ZWw4O4JDYXQ5TpFtZSosonZ1ZXc4OjAsopR3dGF1bCoIMCw4ci9ydGF4bGU4OjAsonN3YXJj6CoIMSw4ZG9gbpxvYWQ4OjAsopZybg13b4oIMSw4bG3t6XR3ZCoIo4osond1ZHR2oj24MTAwo4w4YWx1Zia4O4JsZWZ0o4w4ci9ydGx1cgQ4O4oio4w4Yi9ub4oIeyJiYWx1ZCoIojA4LCJkY4oIo4osopt3eSoIo4osopR1cgBsYXk4O4o4fSw4Zp9ybWF0XiFzoj24o4w4Zp9ybWF0XgZhbHV3oj24on0seyJp6WVsZCoIonN1epVf6WQ4LCJhbG3hcyoIopx0ZV9wcp9kdWN0cyosopxhbpdlYWd3oj17op3koj24on0sopxhYpVsoj24Ui3IZSosonZ1ZXc4OjEsopR3dGF1bCoIMSw4ci9ydGF4bGU4OjEsonN3YXJj6CoIMSw4ZG9gbpxvYWQ4OjEsopZybg13b4oIMSw4bG3t6XR3ZCoIo4osond1ZHR2oj24MTAwo4w4YWx1Zia4O4JsZWZ0o4w4ci9ydGx1cgQ4O4ogo4w4Yi9ub4oIeyJiYWx1ZCoIojE4LCJkY4oIopx0ZV9z6X13cyosopt3eSoIop3ko4w4ZG3zcGxheSoIopmhbWU4fSw4Zp9ybWF0XiFzoj24o4w4Zp9ybWF0XgZhbHV3oj24on0seyJp6WVsZCoIonN1epVfbpFtZSosopFs6WFzoj24bHR3XgBybiRlYgRzo4w4bGFuZgVhZiU4Ons46WQ4O4o4fSw4bGF4ZWw4O4JT6X13oEmhbWU4LCJi6WVgoj2wLCJkZXRh6Ww4OjAsonNvcnRhYpx3oj2wLCJzZWFyYi54OjEsopRvdimsbiFkoj2wLCJpcp9IZWa4OjEsopx1bW30ZWQ4O4o4LCJg6WR06CoIojEwMCosopFs6Wduoj24bGVpdCosonNvcnRs6XN0oj24OCosopNvbpa4Ons4dpFs6WQ4O4owo4w4ZGo4O4o4LCJrZXk4O4o4LCJk6XNwbGFmoj24on0sopZvcplhdF9hcyoIo4osopZvcplhdF9iYWxlZSoIo4J9LHs4Zp33bGQ4O4JzdXBwbG33c391ZCosopFs6WFzoj24bHR3XgBybiRlYgRzo4w4bGFuZgVhZiU4Ons46WQ4O4o4fSw4bGF4ZWw4O4JCcpFuZFwvQi9tcGFueSosonZ1ZXc4OjEsopR3dGF1bCoIMSw4ci9ydGF4bGU4OjEsonN3YXJj6CoIMSw4ZG9gbpxvYWQ4OjEsopZybg13b4oIMSw4bG3t6XR3ZCoIo4osond1ZHR2oj24MTAwo4w4YWx1Zia4O4JsZWZ0o4w4ci9ydGx1cgQ4O4omo4w4Yi9ub4oIeyJiYWx1ZCoIojE4LCJkY4oIopx0ZV94cpFuZHM4LCJrZXk4O4J1ZCosopR1cgBsYXk4O4JuYWl3on0sopZvcplhdF9hcyoIo4osopZvcplhdF9iYWxlZSoIo4J9LHs4Zp33bGQ4O4JzdXBwbG33c39uYWl3o4w4YWx1YXM4O4JsdGVfcHJvZHVjdHM4LCJsYWmndWFnZSoIeyJ1ZCoIo4J9LCJsYWJ3bCoIo3NlcHBs6WVyoEmhbWU4LCJi6WVgoj2wLCJkZXRh6Ww4OjAsonNvcnRhYpx3oj2wLCJzZWFyYi54OjEsopRvdimsbiFkoj2wLCJpcp9IZWa4OjEsopx1bW30ZWQ4O4o4LCJg6WR06CoIojEwMCosopFs6Wduoj24bGVpdCosonNvcnRs6XN0oj24MTA4LCJjbimuoj17onZhbG3koj24MCosopR4oj24o4w46iVmoj24o4w4ZG3zcGxheSoIo4J9LCJpbgJtYXRfYXM4O4o4LCJpbgJtYXRfdpFsdWU4O4o4fSx7opZ1ZWxkoj24bWV0cp3jXi3ko4w4YWx1YXM4O4JsdGVfcHJvZHVjdHM4LCJsYWmndWFnZSoIeyJ1ZCoIo4J9LCJsYWJ3bCoIokl3dHJ1YyosonZ1ZXc4OjEsopR3dGF1bCoIMSw4ci9ydGF4bGU4OjEsonN3YXJj6CoIMSw4ZG9gbpxvYWQ4OjEsopZybg13b4oIMSw4bG3t6XR3ZCoIo4osond1ZHR2oj24MTAwo4w4YWx1Zia4O4JsZWZ0o4w4ci9ydGx1cgQ4O4oxMSosopNvbpa4Ons4dpFs6WQ4O4oxo4w4ZGo4O4JsdGVfbWV0cp3jcyosopt3eSoIop3ko4w4ZG3zcGxheSoIopmhbWU4fSw4Zp9ybWF0XiFzoj24o4w4Zp9ybWF0XgZhbHV3oj24on0seyJp6WVsZCoIopl3dHJ1Yl9uYWl3o4w4YWx1YXM4O4JsdGVfcHJvZHVjdHM4LCJsYWmndWFnZSoIeyJ1ZCoIo4J9LCJsYWJ3bCoIokl3dHJ1YyBOYWl3o4w4dp33dyoIMCw4ZGV0YW3soj2wLCJzbgJ0YWJsZSoIMCw4ciVhcpN2oj2xLCJkbgdubG9hZCoIMCw4ZnJvepVuoj2xLCJs6Wl1dGVkoj24o4w4di3kdG54O4oxMDA4LCJhbG3nb4oIopx3ZnQ4LCJzbgJ0bG3zdCoIojEyo4w4Yi9ub4oIeyJiYWx1ZCoIojA4LCJkY4oIo4osopt3eSoIo4osopR1cgBsYXk4O4o4fSw4Zp9ybWF0XiFzoj24o4w4Zp9ybWF0XgZhbHV3oj24on0seyJp6WVsZCoIoplycCosopFs6WFzoj24bHR3XgBybiRlYgRzo4w4bGFuZgVhZiU4Ons46WQ4O4o4fSw4bGF4ZWw4O4JNU3A4LCJi6WVgoj2xLCJkZXRh6Ww4OjEsonNvcnRhYpx3oj2xLCJzZWFyYi54OjEsopRvdimsbiFkoj2xLCJpcp9IZWa4OjEsopx1bW30ZWQ4O4o4LCJg6WR06CoIojEwMCosopFs6Wduoj24bGVpdCosonNvcnRs6XN0oj24MTM4LCJjbimuoj17onZhbG3koj24MCosopR4oj24o4w46iVmoj24o4w4ZG3zcGxheSoIo4J9LCJpbgJtYXRfYXM4O4o4LCJpbgJtYXRfdpFsdWU4O4o4fSx7opZ1ZWxkoj24cnBwo4w4YWx1YXM4O4JsdGVfcHJvZHVjdHM4LCJsYWmndWFnZSoIeyJ1ZCoIo4J9LCJsYWJ3bCoIo3JwcCosonZ1ZXc4OjAsopR3dGF1bCoIMCw4ci9ydGF4bGU4OjAsonN3YXJj6CoIMSw4ZG9gbpxvYWQ4OjAsopZybg13b4oIMSw4bG3t6XR3ZCoIo4osond1ZHR2oj24MTAwo4w4YWx1Zia4O4JsZWZ0o4w4ci9ydGx1cgQ4O4oxNCosopNvbpa4Ons4dpFs6WQ4O4owo4w4ZGo4O4o4LCJrZXk4O4o4LCJk6XNwbGFmoj24on0sopZvcplhdF9hcyoIo4osopZvcplhdF9iYWxlZSoIo4J9LHs4Zp33bGQ4O4JzdG9j6yosopFs6WFzoj24bHR3XgBybiRlYgRzo4w4bGFuZgVhZiU4Ons46WQ4O4o4fSw4bGF4ZWw4O4JTdG9j6yosonZ1ZXc4OjEsopR3dGF1bCoIMSw4ci9ydGF4bGU4OjEsonN3YXJj6CoIMSw4ZG9gbpxvYWQ4OjEsopZybg13b4oIMSw4bG3t6XR3ZCoIo4osond1ZHR2oj24MTAwo4w4YWx1Zia4O4JsZWZ0o4w4ci9ydGx1cgQ4O4oxNSosopNvbpa4Ons4dpFs6WQ4O4owo4w4ZGo4O4o4LCJrZXk4O4o4LCJk6XNwbGFmoj24on0sopZvcplhdF9hcyoIo4osopZvcplhdF9iYWxlZSoIo4J9LHs4Zp33bGQ4O4Jw6G90byosopFs6WFzoj24bHR3XgBybiRlYgRzo4w4bGFuZgVhZiU4Ons46WQ4O4o4fSw4bGF4ZWw4O4JQ6G90byosonZ1ZXc4OjEsopR3dGF1bCoIMSw4ci9ydGF4bGU4OjEsonN3YXJj6CoIMSw4ZG9gbpxvYWQ4OjEsopZybg13b4oIMSw4bG3t6XR3ZCoIo4osond1ZHR2oj24MTAwo4w4YWx1Zia4O4JsZWZ0o4w4ci9ydGx1cgQ4O4oxN4osopNvbpa4Ons4dpFs6WQ4O4owo4w4ZGo4O4o4LCJrZXk4O4o4LCJk6XNwbGFmoj24on0sopZvcplhdF9hcyoIop3tYWd3o4w4Zp9ybWF0XgZhbHV3oj24XC9wcp9kdWN0clwvon0seyJp6WVsZCoIopFjdG3iZSosopFs6WFzoj24bHR3XgBybiRlYgRzo4w4bGFuZgVhZiU4Ons46WQ4O4o4fSw4bGF4ZWw4O4JBYgR1dpU4LCJi6WVgoj2wLCJkZXRh6Ww4OjAsonNvcnRhYpx3oj2wLCJzZWFyYi54OjEsopRvdimsbiFkoj2wLCJpcp9IZWa4OjEsopx1bW30ZWQ4O4o4LCJg6WR06CoIojEwMCosopFs6Wduoj24bGVpdCosonNvcnRs6XN0oj24MTc4LCJjbimuoj17onZhbG3koj24MCosopR4oj24o4w46iVmoj24o4w4ZG3zcGxheSoIo4J9LCJpbgJtYXRfYXM4O4o4LCJpbgJtYXRfdpFsdWU4O4o4fSx7opZ1ZWxkoj24ZWm0cn3fYXQ4LCJhbG3hcyoIopx0ZV9wcp9kdWN0cyosopxhbpdlYWd3oj17op3koj24on0sopxhYpVsoj24RWm0cnk5QXQ4LCJi6WVgoj2wLCJkZXRh6Ww4OjAsonNvcnRhYpx3oj2wLCJzZWFyYi54OjEsopRvdimsbiFkoj2wLCJpcp9IZWa4OjEsopx1bW30ZWQ4O4o4LCJg6WR06CoIojEwMCosopFs6Wduoj24bGVpdCosonNvcnRs6XN0oj24MT54LCJjbimuoj17onZhbG3koj24MCosopR4oj24o4w46iVmoj24o4w4ZG3zcGxheSoIo4J9LCJpbgJtYXRfYXM4O4o4LCJpbgJtYXRfdpFsdWU4O4o4fSx7opZ1ZWxkoj24ZWm0cn3fYnk4LCJhbG3hcyoIopx0ZV9wcp9kdWN0cyosopxhbpdlYWd3oj17op3koj24on0sopxhYpVsoj24RWm0cnk5Qnk4LCJi6WVgoj2wLCJkZXRh6Ww4OjAsonNvcnRhYpx3oj2wLCJzZWFyYi54OjEsopRvdimsbiFkoj2wLCJpcp9IZWa4OjEsopx1bW30ZWQ4O4o4LCJg6WR06CoIojEwMCosopFs6Wduoj24bGVpdCosonNvcnRs6XN0oj24MTk4LCJjbimuoj17onZhbG3koj24MCosopR4oj24o4w46iVmoj24o4w4ZG3zcGxheSoIo4J9LCJpbgJtYXRfYXM4O4o4LCJpbgJtYXRfdpFsdWU4O4o4fSx7opZ1ZWxkoj24dXBkYXR3XiF0o4w4YWx1YXM4O4JsdGVfcHJvZHVjdHM4LCJsYWmndWFnZSoIeyJ1ZCoIo4J9LCJsYWJ3bCoIo3VwZGF0ZSBBdCosonZ1ZXc4OjAsopR3dGF1bCoIMCw4ci9ydGF4bGU4OjAsonN3YXJj6CoIMSw4ZG9gbpxvYWQ4OjAsopZybg13b4oIMSw4bG3t6XR3ZCoIo4osond1ZHR2oj24MTAwo4w4YWx1Zia4O4JsZWZ0o4w4ci9ydGx1cgQ4O4oyMCosopNvbpa4Ons4dpFs6WQ4O4owo4w4ZGo4O4o4LCJrZXk4O4o4LCJk6XNwbGFmoj24on0sopZvcplhdF9hcyoIo4osopZvcplhdF9iYWxlZSoIo4J9LHs4Zp33bGQ4O4JlcGRhdGVfYnk4LCJhbG3hcyoIopx0ZV9wcp9kdWN0cyosopxhbpdlYWd3oj17op3koj24on0sopxhYpVsoj24VXBkYXR3oEJmo4w4dp33dyoIMCw4ZGV0YW3soj2wLCJzbgJ0YWJsZSoIMCw4ciVhcpN2oj2xLCJkbgdubG9hZCoIMCw4ZnJvepVuoj2xLCJs6Wl1dGVkoj24o4w4di3kdG54O4oxMDA4LCJhbG3nb4oIopx3ZnQ4LCJzbgJ0bG3zdCoIojoxo4w4Yi9ub4oIeyJiYWx1ZCoIojA4LCJkY4oIo4osopt3eSoIo4osopR1cgBsYXk4O4o4fSw4Zp9ybWF0XiFzoj24o4w4Zp9ybWF0XgZhbHV3oj24onldLCJpbgJtcyoIWgs4Zp33bGQ4O4J1ZCosopFs6WFzoj24bHR3XgBybiRlYgRzo4w4bGFuZgVhZiU4Ons46WQ4O4o4fSw4bGF4ZWw4O4JJZCosopZvcplfZgJvdXA4O4owo4w4cpVxdW3yZWQ4O4o4LCJi6WVgoj2xLCJ0eXB3oj246G3kZGVuo4w4YWRkoj2xLCJz6X13oj24MCosopVk6XQ4OjEsonN3YXJj6CoIojE4LCJzbgJ0bG3zdCoIojE4LCJs6Wl1dGVkoj24o4w4bgB06W9uoj17op9wdF90eXB3oj24o4w4bG9v6gVwXgFlZXJmoj24o4w4bG9v6gVwXgRhYpx3oj24o4w4bG9v6gVwXit3eSoIo4osopxvbitlcF9iYWxlZSoIo4osop3zXiR3cGVuZGVuYgk4O4o4LCJzZWx3YgRfbXVsdG3wbGU4O4owo4w46WlhZiVfbXVsdG3wbGU4O4owo4w4bG9v6gVwXiR3cGVuZGVuYg3f6iVmoj24o4w4cGF06F90bl9lcGxvYWQ4O4o4LCJyZXN1epVfdi3kdG54O4o4LCJyZXN1epVf6GV1Zih0oj24o4w4dXBsbiFkXgRmcGU4O4o4LCJ0bi9sdG3woj24o4w4YXR0cp34dXR3oj24o4w4ZXh0ZWmkXiNsYXNzoj24onl9LHs4Zp33bGQ4O4JjbiR3o4w4YWx1YXM4O4JsdGVfcHJvZHVjdHM4LCJsYWmndWFnZSoIeyJ1ZCoIo4J9LCJsYWJ3bCoIokNvZGU4LCJpbgJtXidybgVwoj24MCosonJ3cXV1cpVkoj24o4w4dp33dyoIMSw4dH3wZSoIonR3eHQ4LCJhZGQ4OjEsonN1epU4O4owo4w4ZWR1dCoIMSw4ciVhcpN2oj24MSosonNvcnRs6XN0oj24NCosopx1bW30ZWQ4O4o4LCJvcHR1bia4Ons4bgB0XgRmcGU4O4o4LCJsbi9rdXBfcXV3cnk4O4o4LCJsbi9rdXBfdGF4bGU4O4o4LCJsbi9rdXBf6iVmoj24o4w4bG9v6gVwXgZhbHV3oj24o4w46XNfZGVwZWmkZWmjeSoIo4osonN3bGVjdF9tdWx06XBsZSoIojA4LCJ1bWFnZV9tdWx06XBsZSoIojA4LCJsbi9rdXBfZGVwZWmkZWmjeV9rZXk4O4o4LCJwYXR2XgRvXgVwbG9hZCoIo4osonJ3ci3IZV9g6WR06CoIo4osonJ3ci3IZV92ZW3n6HQ4O4o4LCJlcGxvYWRfdH3wZSoIo4osonRvbix06XA4O4o4LCJhdHRy6WJldGU4O4o4LCJ3eHR3bpRfYixhcgM4O4o4fX0seyJp6WVsZCoIopNhdF91ZCosopFs6WFzoj24bHR3XgBybiRlYgRzo4w4bGFuZgVhZiU4Ons46WQ4O4o4fSw4bGF4ZWw4O4JDYXR3Zi9yeSosopZvcplfZgJvdXA4O4owo4w4cpVxdW3yZWQ4O4o4LCJi6WVgoj2xLCJ0eXB3oj24ciVsZWN0o4w4YWRkoj2xLCJz6X13oj24MCosopVk6XQ4OjEsonN3YXJj6CoIojE4LCJzbgJ0bG3zdCoIojo4LCJs6Wl1dGVkoj24o4w4bgB06W9uoj17op9wdF90eXB3oj24ZXh0ZXJuYWw4LCJsbi9rdXBfcXV3cnk4O4o4LCJsbi9rdXBfdGF4bGU4O4JsdGVfcHJvZHVjdF9jYXR3Zi9yeSosopxvbitlcF9rZXk4O4J1ZCosopxvbitlcF9iYWxlZSoIopmhbWU4LCJ1cl9kZXB3bpR3bpNmoj24o4w4ciVsZWN0XillbHR1cGx3oj24MCosop3tYWd3XillbHR1cGx3oj24MCosopxvbitlcF9kZXB3bpR3bpNmXit3eSoIo4osonBhdGhfdG9fdXBsbiFkoj24o4w4cpVz6X13Xgd1ZHR2oj24o4w4cpVz6X13Xih36Wd2dCoIo4osonVwbG9hZF90eXB3oj24o4w4dG9vbHR1cCoIo4osopF0dHJ1YnV0ZSoIo4osopVadGVuZF9jbGFzcyoIo4J9fSx7opZ1ZWxkoj24YiF0XimhbWU4LCJhbG3hcyoIopx0ZV9wcp9kdWN0cyosopxhbpdlYWd3oj17op3koj24on0sopxhYpVsoj24QiF0oEmhbWU4LCJpbgJtXidybgVwoj24MCosonJ3cXV1cpVkoj24o4w4dp33dyoIMCw4dH3wZSoIonR3eHQ4LCJhZGQ4OjEsonN1epU4O4owo4w4ZWR1dCoIMSw4ciVhcpN2oj2wLCJzbgJ0bG3zdCoIojU4LCJs6Wl1dGVkoj24o4w4bgB06W9uoj17op9wdF90eXB3oj24o4w4bG9v6gVwXgFlZXJmoj24o4w4bG9v6gVwXgRhYpx3oj24o4w4bG9v6gVwXit3eSoIo4osopxvbitlcF9iYWxlZSoIo4osop3zXiR3cGVuZGVuYgk4O4o4LCJzZWx3YgRfbXVsdG3wbGU4O4owo4w46WlhZiVfbXVsdG3wbGU4O4owo4w4bG9v6gVwXiR3cGVuZGVuYg3f6iVmoj24o4w4cGF06F90bl9lcGxvYWQ4O4o4LCJyZXN1epVfdi3kdG54O4o4LCJyZXN1epVf6GV1Zih0oj24o4w4dXBsbiFkXgRmcGU4O4o4LCJ0bi9sdG3woj24o4w4YXR0cp34dXR3oj24o4w4ZXh0ZWmkXiNsYXNzoj24onl9LHs4Zp33bGQ4O4Jz6X13Xi3ko4w4YWx1YXM4O4JsdGVfcHJvZHVjdHM4LCJsYWmndWFnZSoIeyJ1ZCoIo4J9LCJsYWJ3bCoIo3N1epU4LCJpbgJtXidybgVwoj24MCosonJ3cXV1cpVkoj24o4w4dp33dyoIMSw4dH3wZSoIonN3bGVjdCosopFkZCoIMSw4ci3IZSoIojA4LCJ3ZG30oj2xLCJzZWFyYi54O4oxo4w4ci9ydGx1cgQ4O4oio4w4bG3t6XR3ZCoIo4osop9wdG3vb4oIeyJvcHRfdH3wZSoIopVadGVybpFso4w4bG9v6gVwXgFlZXJmoj24o4w4bG9v6gVwXgRhYpx3oj24bHR3XgN1epVzo4w4bG9v6gVwXit3eSoIop3ko4w4bG9v6gVwXgZhbHV3oj24bpFtZSosop3zXiR3cGVuZGVuYgk4O4o4LCJzZWx3YgRfbXVsdG3wbGU4O4owo4w46WlhZiVfbXVsdG3wbGU4O4owo4w4bG9v6gVwXiR3cGVuZGVuYg3f6iVmoj24o4w4cGF06F90bl9lcGxvYWQ4O4o4LCJyZXN1epVfdi3kdG54O4o4LCJyZXN1epVf6GV1Zih0oj24o4w4dXBsbiFkXgRmcGU4O4o4LCJ0bi9sdG3woj24o4w4YXR0cp34dXR3oj24o4w4ZXh0ZWmkXiNsYXNzoj24onl9LHs4Zp33bGQ4O4Jz6X13XimhbWU4LCJhbG3hcyoIopx0ZV9wcp9kdWN0cyosopxhbpdlYWd3oj17op3koj24on0sopxhYpVsoj24Ui3IZSBOYWl3o4w4Zp9ybV9ncp9lcCoIojA4LCJyZXFl6XJ3ZCoIo4osonZ1ZXc4OjAsonRmcGU4O4J0ZXh0o4w4YWRkoj2xLCJz6X13oj24MCosopVk6XQ4OjEsonN3YXJj6CoIMCw4ci9ydGx1cgQ4O4ogo4w4bG3t6XR3ZCoIo4osop9wdG3vb4oIeyJvcHRfdH3wZSoIo4osopxvbitlcF9xdWVyeSoIo4osopxvbitlcF90YWJsZSoIo4osopxvbitlcF9rZXk4O4o4LCJsbi9rdXBfdpFsdWU4O4o4LCJ1cl9kZXB3bpR3bpNmoj24o4w4ciVsZWN0XillbHR1cGx3oj24MCosop3tYWd3XillbHR1cGx3oj24MCosopxvbitlcF9kZXB3bpR3bpNmXit3eSoIo4osonBhdGhfdG9fdXBsbiFkoj24o4w4cpVz6X13Xgd1ZHR2oj24o4w4cpVz6X13Xih36Wd2dCoIo4osonVwbG9hZF90eXB3oj24o4w4dG9vbHR1cCoIo4osopF0dHJ1YnV0ZSoIo4osopVadGVuZF9jbGFzcyoIo4J9fSx7opZ1ZWxkoj24cgVwcGx1ZXJf6WQ4LCJhbG3hcyoIopx0ZV9wcp9kdWN0cyosopxhbpdlYWd3oj17op3koj24on0sopxhYpVsoj24QnJhbpRcL0NvbXBhbnk4LCJpbgJtXidybgVwoj24MCosonJ3cXV1cpVkoj24o4w4dp33dyoIMSw4dH3wZSoIonN3bGVjdCosopFkZCoIMSw4ci3IZSoIojA4LCJ3ZG30oj2xLCJzZWFyYi54O4oxo4w4ci9ydGx1cgQ4O4ozo4w4bG3t6XR3ZCoIo4osop9wdG3vb4oIeyJvcHRfdH3wZSoIopVadGVybpFso4w4bG9v6gVwXgFlZXJmoj24o4w4bG9v6gVwXgRhYpx3oj24bHR3XiJyYWmkcyosopxvbitlcF9rZXk4O4J1ZCosopxvbitlcF9iYWxlZSoIopmhbWU4LCJ1cl9kZXB3bpR3bpNmoj24o4w4ciVsZWN0XillbHR1cGx3oj24MCosop3tYWd3XillbHR1cGx3oj24MCosopxvbitlcF9kZXB3bpR3bpNmXit3eSoIo4osonBhdGhfdG9fdXBsbiFkoj24o4w4cpVz6X13Xgd1ZHR2oj24o4w4cpVz6X13Xih36Wd2dCoIo4osonVwbG9hZF90eXB3oj24o4w4dG9vbHR1cCoIo4osopF0dHJ1YnV0ZSoIo4osopVadGVuZF9jbGFzcyoIo4J9fSx7opZ1ZWxkoj24cgVwcGx1ZXJfbpFtZSosopFs6WFzoj24bHR3XgBybiRlYgRzo4w4bGFuZgVhZiU4Ons46WQ4O4o4fSw4bGF4ZWw4O4JTdXBwbG33c4BOYWl3o4w4Zp9ybV9ncp9lcCoIojA4LCJyZXFl6XJ3ZCoIo4osonZ1ZXc4OjAsonRmcGU4O4J0ZXh0o4w4YWRkoj2xLCJz6X13oj24MCosopVk6XQ4OjEsonN3YXJj6CoIMCw4ci9ydGx1cgQ4O4oao4w4bG3t6XR3ZCoIo4osop9wdG3vb4oIeyJvcHRfdH3wZSoIo4osopxvbitlcF9xdWVyeSoIo4osopxvbitlcF90YWJsZSoIo4osopxvbitlcF9rZXk4O4o4LCJsbi9rdXBfdpFsdWU4O4o4LCJ1cl9kZXB3bpR3bpNmoj24o4w4ciVsZWN0XillbHR1cGx3oj24MCosop3tYWd3XillbHR1cGx3oj24MCosopxvbitlcF9kZXB3bpR3bpNmXit3eSoIo4osonBhdGhfdG9fdXBsbiFkoj24o4w4cpVz6X13Xgd1ZHR2oj24o4w4cpVz6X13Xih36Wd2dCoIo4osonVwbG9hZF90eXB3oj24o4w4dG9vbHR1cCoIo4osopF0dHJ1YnV0ZSoIo4osopVadGVuZF9jbGFzcyoIo4J9fSx7opZ1ZWxkoj24bWV0cp3jXi3ko4w4YWx1YXM4O4JsdGVfcHJvZHVjdHM4LCJsYWmndWFnZSoIeyJ1ZCoIo4J9LCJsYWJ3bCoIokl3dHJ1YyosopZvcplfZgJvdXA4O4owo4w4cpVxdW3yZWQ4O4o4LCJi6WVgoj2xLCJ0eXB3oj24ciVsZWN0o4w4YWRkoj2xLCJz6X13oj24MCosopVk6XQ4OjEsonN3YXJj6CoIojE4LCJzbgJ0bG3zdCoIojk4LCJs6Wl1dGVkoj24o4w4bgB06W9uoj17op9wdF90eXB3oj24ZXh0ZXJuYWw4LCJsbi9rdXBfcXV3cnk4O4o4LCJsbi9rdXBfdGF4bGU4O4JsdGVfbWV0cp3jcyosopxvbitlcF9rZXk4O4J1ZCosopxvbitlcF9iYWxlZSoIopmhbWU4LCJ1cl9kZXB3bpR3bpNmoj24o4w4ciVsZWN0XillbHR1cGx3oj24MCosop3tYWd3XillbHR1cGx3oj24MCosopxvbitlcF9kZXB3bpR3bpNmXit3eSoIo4osonBhdGhfdG9fdXBsbiFkoj24o4w4cpVz6X13Xgd1ZHR2oj24o4w4cpVz6X13Xih36Wd2dCoIo4osonVwbG9hZF90eXB3oj24o4w4dG9vbHR1cCoIo4osopF0dHJ1YnV0ZSoIo4osopVadGVuZF9jbGFzcyoIo4J9fSx7opZ1ZWxkoj24bWV0cp3jXimhbWU4LCJhbG3hcyoIopx0ZV9wcp9kdWN0cyosopxhbpdlYWd3oj17op3koj24on0sopxhYpVsoj24TWV0cp3joEmhbWU4LCJpbgJtXidybgVwoj24MCosonJ3cXV1cpVkoj24o4w4dp33dyoIMCw4dH3wZSoIonR3eHQ4LCJhZGQ4OjEsonN1epU4O4owo4w4ZWR1dCoIMSw4ciVhcpN2oj2wLCJzbgJ0bG3zdCoIojEwo4w4bG3t6XR3ZCoIo4osop9wdG3vb4oIeyJvcHRfdH3wZSoIo4osopxvbitlcF9xdWVyeSoIo4osopxvbitlcF90YWJsZSoIo4osopxvbitlcF9rZXk4O4o4LCJsbi9rdXBfdpFsdWU4O4o4LCJ1cl9kZXB3bpR3bpNmoj24o4w4ciVsZWN0XillbHR1cGx3oj24MCosop3tYWd3XillbHR1cGx3oj24MCosopxvbitlcF9kZXB3bpR3bpNmXit3eSoIo4osonBhdGhfdG9fdXBsbiFkoj24o4w4cpVz6X13Xgd1ZHR2oj24o4w4cpVz6X13Xih36Wd2dCoIo4osonVwbG9hZF90eXB3oj24o4w4dG9vbHR1cCoIo4osopF0dHJ1YnV0ZSoIo4osopVadGVuZF9jbGFzcyoIo4J9fSx7opZ1ZWxkoj24bXJwo4w4YWx1YXM4O4JsdGVfcHJvZHVjdHM4LCJsYWmndWFnZSoIeyJ1ZCoIo4J9LCJsYWJ3bCoIoklSUCosopZvcplfZgJvdXA4O4owo4w4cpVxdW3yZWQ4O4o4LCJi6WVgoj2xLCJ0eXB3oj24dGVadCosopFkZCoIMSw4ci3IZSoIojA4LCJ3ZG30oj2xLCJzZWFyYi54O4oxo4w4ci9ydGx1cgQ4O4oxMSosopx1bW30ZWQ4O4o4LCJvcHR1bia4Ons4bgB0XgRmcGU4O4o4LCJsbi9rdXBfcXV3cnk4O4o4LCJsbi9rdXBfdGF4bGU4O4o4LCJsbi9rdXBf6iVmoj24o4w4bG9v6gVwXgZhbHV3oj24o4w46XNfZGVwZWmkZWmjeSoIo4osonN3bGVjdF9tdWx06XBsZSoIojA4LCJ1bWFnZV9tdWx06XBsZSoIojA4LCJsbi9rdXBfZGVwZWmkZWmjeV9rZXk4O4o4LCJwYXR2XgRvXgVwbG9hZCoIo4osonJ3ci3IZV9g6WR06CoIo4osonJ3ci3IZV92ZW3n6HQ4O4o4LCJlcGxvYWRfdH3wZSoIo4osonRvbix06XA4O4o4LCJhdHRy6WJldGU4O4o4LCJ3eHR3bpRfYixhcgM4O4o4fX0seyJp6WVsZCoIonJwcCosopFs6WFzoj24bHR3XgBybiRlYgRzo4w4bGFuZgVhZiU4Ons46WQ4O4o4fSw4bGF4ZWw4O4JScHA4LCJpbgJtXidybgVwoj24MCosonJ3cXV1cpVkoj24o4w4dp33dyoIMCw4dH3wZSoIonR3eHQ4LCJhZGQ4OjEsonN1epU4O4owo4w4ZWR1dCoIMSw4ciVhcpN2oj2wLCJzbgJ0bG3zdCoIojEyo4w4bG3t6XR3ZCoIo4osop9wdG3vb4oIeyJvcHRfdH3wZSoIo4osopxvbitlcF9xdWVyeSoIo4osopxvbitlcF90YWJsZSoIo4osopxvbitlcF9rZXk4O4o4LCJsbi9rdXBfdpFsdWU4O4o4LCJ1cl9kZXB3bpR3bpNmoj24o4w4ciVsZWN0XillbHR1cGx3oj24MCosop3tYWd3XillbHR1cGx3oj24MCosopxvbitlcF9kZXB3bpR3bpNmXit3eSoIo4osonBhdGhfdG9fdXBsbiFkoj24o4w4cpVz6X13Xgd1ZHR2oj24o4w4cpVz6X13Xih36Wd2dCoIo4osonVwbG9hZF90eXB3oj24o4w4dG9vbHR1cCoIo4osopF0dHJ1YnV0ZSoIo4osopVadGVuZF9jbGFzcyoIo4J9fSx7opZ1ZWxkoj24cgRvYis4LCJhbG3hcyoIopx0ZV9wcp9kdWN0cyosopxhbpdlYWd3oj17op3koj24on0sopxhYpVsoj24UgRvYis4LCJpbgJtXidybgVwoj24MCosonJ3cXV1cpVkoj24o4w4dp33dyoIMCw4dH3wZSoIonR3eHQ4LCJhZGQ4OjEsonN1epU4O4owo4w4ZWR1dCoIMSw4ciVhcpN2oj2wLCJzbgJ0bG3zdCoIojEzo4w4bG3t6XR3ZCoIo4osop9wdG3vb4oIeyJvcHRfdH3wZSoIo4osopxvbitlcF9xdWVyeSoIo4osopxvbitlcF90YWJsZSoIo4osopxvbitlcF9rZXk4O4o4LCJsbi9rdXBfdpFsdWU4O4o4LCJ1cl9kZXB3bpR3bpNmoj24o4w4ciVsZWN0XillbHR1cGx3oj24MCosop3tYWd3XillbHR1cGx3oj24MCosopxvbitlcF9kZXB3bpR3bpNmXit3eSoIo4osonBhdGhfdG9fdXBsbiFkoj24o4w4cpVz6X13Xgd1ZHR2oj24o4w4cpVz6X13Xih36Wd2dCoIo4osonVwbG9hZF90eXB3oj24o4w4dG9vbHR1cCoIo4osopF0dHJ1YnV0ZSoIo4osopVadGVuZF9jbGFzcyoIo4J9fSx7opZ1ZWxkoj24YWN06XZ3o4w4YWx1YXM4O4JsdGVfcHJvZHVjdHM4LCJsYWmndWFnZSoIeyJ1ZCoIo4J9LCJsYWJ3bCoIokFjdG3iZSosopZvcplfZgJvdXA4O4owo4w4cpVxdW3yZWQ4O4o4LCJi6WVgoj2xLCJ0eXB3oj24ciVsZWN0o4w4YWRkoj2xLCJz6X13oj24MCosopVk6XQ4OjEsonN3YXJj6CoIojE4LCJzbgJ0bG3zdCoIojE0o4w4bG3t6XR3ZCoIo4osop9wdG3vb4oIeyJvcHRfdH3wZSoIopRhdGFs6XN0o4w4bG9v6gVwXgFlZXJmoj24WWVzO333cgxObz1ObyosopxvbitlcF90YWJsZSoIo4osopxvbitlcF9rZXk4O4o4LCJsbi9rdXBfdpFsdWU4O4o4LCJ1cl9kZXB3bpR3bpNmoj24o4w4ciVsZWN0XillbHR1cGx3oj24MCosop3tYWd3XillbHR1cGx3oj24MCosopxvbitlcF9kZXB3bpR3bpNmXit3eSoIo4osonBhdGhfdG9fdXBsbiFkoj24o4w4cpVz6X13Xgd1ZHR2oj24o4w4cpVz6X13Xih36Wd2dCoIo4osonVwbG9hZF90eXB3oj24o4w4dG9vbHR1cCoIo4osopF0dHJ1YnV0ZSoIo4osopVadGVuZF9jbGFzcyoIo4J9fSx7opZ1ZWxkoj24ZWm0cn3fYXQ4LCJhbG3hcyoIopx0ZV9wcp9kdWN0cyosopxhbpdlYWd3oj17op3koj24on0sopxhYpVsoj24RWm0cnk5QXQ4LCJpbgJtXidybgVwoj24MCosonJ3cXV1cpVkoj24o4w4dp33dyoIMCw4dH3wZSoIonR3eHRfZGF0ZXR1bWU4LCJhZGQ4OjEsonN1epU4O4owo4w4ZWR1dCoIMSw4ciVhcpN2oj2wLCJzbgJ0bG3zdCoIojElo4w4bG3t6XR3ZCoIo4osop9wdG3vb4oIeyJvcHRfdH3wZSoIo4osopxvbitlcF9xdWVyeSoIo4osopxvbitlcF90YWJsZSoIo4osopxvbitlcF9rZXk4O4o4LCJsbi9rdXBfdpFsdWU4O4o4LCJ1cl9kZXB3bpR3bpNmoj24o4w4ciVsZWN0XillbHR1cGx3oj24MCosop3tYWd3XillbHR1cGx3oj24MCosopxvbitlcF9kZXB3bpR3bpNmXit3eSoIo4osonBhdGhfdG9fdXBsbiFkoj24o4w4cpVz6X13Xgd1ZHR2oj24o4w4cpVz6X13Xih36Wd2dCoIo4osonVwbG9hZF90eXB3oj24o4w4dG9vbHR1cCoIo4osopF0dHJ1YnV0ZSoIo4osopVadGVuZF9jbGFzcyoIo4J9fSx7opZ1ZWxkoj24ZWm0cn3fYnk4LCJhbG3hcyoIopx0ZV9wcp9kdWN0cyosopxhbpdlYWd3oj17op3koj24on0sopxhYpVsoj24RWm0cnk5Qnk4LCJpbgJtXidybgVwoj24MCosonJ3cXV1cpVkoj24o4w4dp33dyoIMCw4dH3wZSoIonR3eHQ4LCJhZGQ4OjEsonN1epU4O4owo4w4ZWR1dCoIMSw4ciVhcpN2oj2wLCJzbgJ0bG3zdCoIojEio4w4bG3t6XR3ZCoIo4osop9wdG3vb4oIeyJvcHRfdH3wZSoIo4osopxvbitlcF9xdWVyeSoIo4osopxvbitlcF90YWJsZSoIo4osopxvbitlcF9rZXk4O4o4LCJsbi9rdXBfdpFsdWU4O4o4LCJ1cl9kZXB3bpR3bpNmoj24o4w4ciVsZWN0XillbHR1cGx3oj24MCosop3tYWd3XillbHR1cGx3oj24MCosopxvbitlcF9kZXB3bpR3bpNmXit3eSoIo4osonBhdGhfdG9fdXBsbiFkoj24o4w4cpVz6X13Xgd1ZHR2oj24o4w4cpVz6X13Xih36Wd2dCoIo4osonVwbG9hZF90eXB3oj24o4w4dG9vbHR1cCoIo4osopF0dHJ1YnV0ZSoIo4osopVadGVuZF9jbGFzcyoIo4J9fSx7opZ1ZWxkoj24dXBkYXR3XiF0o4w4YWx1YXM4O4JsdGVfcHJvZHVjdHM4LCJsYWmndWFnZSoIeyJ1ZCoIo4J9LCJsYWJ3bCoIo3VwZGF0ZSBBdCosopZvcplfZgJvdXA4O4owo4w4cpVxdW3yZWQ4O4o4LCJi6WVgoj2wLCJ0eXB3oj24dGVadF9kYXR3dG3tZSosopFkZCoIMSw4ci3IZSoIojA4LCJ3ZG30oj2xLCJzZWFyYi54OjAsonNvcnRs6XN0oj24MTc4LCJs6Wl1dGVkoj24o4w4bgB06W9uoj17op9wdF90eXB3oj24o4w4bG9v6gVwXgFlZXJmoj24o4w4bG9v6gVwXgRhYpx3oj24o4w4bG9v6gVwXit3eSoIo4osopxvbitlcF9iYWxlZSoIo4osop3zXiR3cGVuZGVuYgk4O4o4LCJzZWx3YgRfbXVsdG3wbGU4O4owo4w46WlhZiVfbXVsdG3wbGU4O4owo4w4bG9v6gVwXiR3cGVuZGVuYg3f6iVmoj24o4w4cGF06F90bl9lcGxvYWQ4O4o4LCJyZXN1epVfdi3kdG54O4o4LCJyZXN1epVf6GV1Zih0oj24o4w4dXBsbiFkXgRmcGU4O4o4LCJ0bi9sdG3woj24o4w4YXR0cp34dXR3oj24o4w4ZXh0ZWmkXiNsYXNzoj24onl9LHs4Zp33bGQ4O4JlcGRhdGVfYnk4LCJhbG3hcyoIopx0ZV9wcp9kdWN0cyosopxhbpdlYWd3oj17op3koj24on0sopxhYpVsoj24VXBkYXR3oEJmo4w4Zp9ybV9ncp9lcCoIojA4LCJyZXFl6XJ3ZCoIo4osonZ1ZXc4OjAsonRmcGU4O4J0ZXh0o4w4YWRkoj2xLCJz6X13oj24MCosopVk6XQ4OjEsonN3YXJj6CoIMCw4ci9ydGx1cgQ4O4oxOCosopx1bW30ZWQ4O4o4LCJvcHR1bia4Ons4bgB0XgRmcGU4O4o4LCJsbi9rdXBfcXV3cnk4O4o4LCJsbi9rdXBfdGF4bGU4O4o4LCJsbi9rdXBf6iVmoj24o4w4bG9v6gVwXgZhbHV3oj24o4w46XNfZGVwZWmkZWmjeSoIo4osonN3bGVjdF9tdWx06XBsZSoIojA4LCJ1bWFnZV9tdWx06XBsZSoIojA4LCJsbi9rdXBfZGVwZWmkZWmjeV9rZXk4O4o4LCJwYXR2XgRvXgVwbG9hZCoIo4osonJ3ci3IZV9g6WR06CoIo4osonJ3ci3IZV92ZW3n6HQ4O4o4LCJlcGxvYWRfdH3wZSoIo4osonRvbix06XA4O4o4LCJhdHRy6WJldGU4O4o4LCJ3eHR3bpRfYixhcgM4O4o4fX0seyJp6WVsZCoIopmhbWU4LCJhbG3hcyoIopx0ZV9wcp9kdWN0cyosopxhbpdlYWd3oj17op3koj24on0sopxhYpVsoj24TpFtZSosopZvcplfZgJvdXA4O4oxo4w4cpVxdW3yZWQ4O4o4LCJi6WVgoj2xLCJ0eXB3oj24dGVadCosopFkZCoIMSw4ci3IZSoIojA4LCJ3ZG30oj2xLCJzZWFyYi54O4oxo4w4ci9ydGx1cgQ4O4oxOSosopx1bW30ZWQ4O4o4LCJvcHR1bia4Ons4bgB0XgRmcGU4O4o4LCJsbi9rdXBfcXV3cnk4O4o4LCJsbi9rdXBfdGF4bGU4O4o4LCJsbi9rdXBf6iVmoj24o4w4bG9v6gVwXgZhbHV3oj24o4w46XNfZGVwZWmkZWmjeSoIo4osonN3bGVjdF9tdWx06XBsZSoIojA4LCJ1bWFnZV9tdWx06XBsZSoIojA4LCJsbi9rdXBfZGVwZWmkZWmjeV9rZXk4O4o4LCJwYXR2XgRvXgVwbG9hZCoIo4osonJ3ci3IZV9g6WR06CoIo4osonJ3ci3IZV92ZW3n6HQ4O4o4LCJlcGxvYWRfdH3wZSoIo4osonRvbix06XA4O4o4LCJhdHRy6WJldGU4O4o4LCJ3eHR3bpRfYixhcgM4O4o4fX0seyJp6WVsZCoIonB2bgRvo4w4YWx1YXM4O4JsdGVfcHJvZHVjdHM4LCJsYWmndWFnZSoIeyJ1ZCoIo4J9LCJsYWJ3bCoIo3B2bgRvo4w4Zp9ybV9ncp9lcCoIojE4LCJyZXFl6XJ3ZCoIo4osonZ1ZXc4OjEsonRmcGU4O4Jp6Wx3o4w4YWRkoj2xLCJz6X13oj24MCosopVk6XQ4OjEsonN3YXJj6CoIojE4LCJzbgJ0bG3zdCoIojowo4w4bG3t6XR3ZCoIo4osop9wdG3vb4oIeyJvcHRfdH3wZSoIo4osopxvbitlcF9xdWVyeSoIo4osopxvbitlcF90YWJsZSoIo4osopxvbitlcF9rZXk4O4o4LCJsbi9rdXBfdpFsdWU4O4o4LCJ1cl9kZXB3bpR3bpNmoj24o4w4ciVsZWN0XillbHR1cGx3oj24MCosop3tYWd3XillbHR1cGx3oj24MCosopxvbitlcF9kZXB3bpR3bpNmXit3eSoIo4osonBhdGhfdG9fdXBsbiFkoj24XC9wcp9kdWN0clwvo4w4cpVz6X13Xgd1ZHR2oj24o4w4cpVz6X13Xih36Wd2dCoIo4osonVwbG9hZF90eXB3oj246WlhZiU4LCJ0bi9sdG3woj24o4w4YXR0cp34dXR3oj24o4w4ZXh0ZWmkXiNsYXNzoj24onl9LHs4Zp33bGQ4O4JkZXNjcp3wdG3vb4osopFs6WFzoj24bHR3XgBybiRlYgRzo4w4bGFuZgVhZiU4Ons46WQ4O4o4fSw4bGF4ZWw4O4JEZXNjcp3wdG3vb4osopZvcplfZgJvdXA4O4oxo4w4cpVxdW3yZWQ4O4o4LCJi6WVgoj2xLCJ0eXB3oj24dGVadGFyZWFfZWR1dG9yo4w4YWRkoj2xLCJz6X13oj24MCosopVk6XQ4OjEsonN3YXJj6CoIojE4LCJzbgJ0bG3zdCoIojoxo4w4bG3t6XR3ZCoIo4osop9wdG3vb4oIeyJvcHRfdH3wZSoIo4osopxvbitlcF9xdWVyeSoIo4osopxvbitlcF90YWJsZSoIo4osopxvbitlcF9rZXk4O4o4LCJsbi9rdXBfdpFsdWU4O4o4LCJ1cl9kZXB3bpR3bpNmoj24o4w4ciVsZWN0XillbHR1cGx3oj24MCosop3tYWd3XillbHR1cGx3oj24MCosopxvbitlcF9kZXB3bpR3bpNmXit3eSoIo4osonBhdGhfdG9fdXBsbiFkoj24o4w4cpVz6X13Xgd1ZHR2oj24o4w4cpVz6X13Xih36Wd2dCoIo4osonVwbG9hZF90eXB3oj24o4w4dG9vbHR1cCoIo4osopF0dHJ1YnV0ZSoIo4osopVadGVuZF9jbGFzcyoIo4J9fVl9',NULL),(71,'stockin','Stock In','Add Stock',NULL,'2021-07-26 13:02:55',NULL,'lte_stock','id','report','eyJzcWxfciVsZWN0oj24oFNFTEVDVCBsdGVfcgRvYisuK4BGUk9NoGx0ZV9zdG9j6yA4LCJzcWxfdih3cpU4O4o5V0hFUkU5bHR3XgN0biNrLp3koE3ToEmPVCBOVUxMo4w4cgFsXidybgVwoj1udWxsLCJ0YWJsZV9kY4oIopx0ZV9zdG9j6yosonBy6Wlhcn3f6iVmoj246WQ4LCJncp3koj1beyJp6WVsZCoIop3ko4w4YWx1YXM4O4JsdGVfcgRvYis4LCJsYWJ3bCoIok3ko4w4bGFuZgVhZiU4O3tdLCJzZWFyYi54O4oxo4w4ZG9gbpxvYWQ4O4oxo4w4YWx1Zia4O4JsZWZ0o4w4dp33dyoIojE4LCJkZXRh6Ww4O4oxo4w4ci9ydGF4bGU4O4oxo4w4ZnJvepVuoj24MCosoph1ZGR3b4oIojA4LCJzbgJ0bG3zdCoIMCw4di3kdG54O4oxMDA4LCJjbimuoj17onZhbG3koj24MCosopR4oj24o4w46iVmoj24o4w4ZG3zcGxheSoIo4J9LCJpbgJtYXRfYXM4O4o4LCJpbgJtYXRfdpFsdWU4O4o4fSx7opZ1ZWxkoj24cHJvZHVjdCosopFs6WFzoj24bHR3XgN0biNro4w4bGF4ZWw4O4JQcp9kdWN0o4w4bGFuZgVhZiU4O3tdLCJzZWFyYi54O4oxo4w4ZG9gbpxvYWQ4O4oxo4w4YWx1Zia4O4JsZWZ0o4w4dp33dyoIojE4LCJkZXRh6Ww4O4oxo4w4ci9ydGF4bGU4O4oxo4w4ZnJvepVuoj24MCosoph1ZGR3b4oIojA4LCJzbgJ0bG3zdCoIMSw4di3kdG54O4oxMDA4LCJjbimuoj17onZhbG3koj24MCosopR4oj24o4w46iVmoj24o4w4ZG3zcGxheSoIo4J9LCJpbgJtYXRfYXM4O4o4LCJpbgJtYXRfdpFsdWU4O4o4fSx7opZ1ZWxkoj24bgV0bGV0o4w4YWx1YXM4O4JsdGVfcgRvYis4LCJsYWJ3bCoIok9ldGx3dCosopxhbpdlYWd3oj1bXSw4ciVhcpN2oj24MSosopRvdimsbiFkoj24MSosopFs6Wduoj24bGVpdCosonZ1ZXc4O4oxo4w4ZGV0YW3soj24MSosonNvcnRhYpx3oj24MSosopZybg13b4oIojA4LCJ26WRkZWa4O4owo4w4ci9ydGx1cgQ4Ojosond1ZHR2oj24MTAwo4w4Yi9ub4oIeyJiYWx1ZCoIojA4LCJkY4oIo4osopt3eSoIo4osopR1cgBsYXk4O4o4fSw4Zp9ybWF0XiFzoj24o4w4Zp9ybWF0XgZhbHV3oj24on0seyJp6WVsZCoIonFlYWm06XRmo4w4YWx1YXM4O4JsdGVfcgRvYis4LCJsYWJ3bCoIo3FlYWm06XRmo4w4bGFuZgVhZiU4O3tdLCJzZWFyYi54O4oxo4w4ZG9gbpxvYWQ4O4oxo4w4YWx1Zia4O4JsZWZ0o4w4dp33dyoIojE4LCJkZXRh6Ww4O4oxo4w4ci9ydGF4bGU4O4oxo4w4ZnJvepVuoj24MCosoph1ZGR3b4oIojA4LCJzbgJ0bG3zdCoIMyw4di3kdG54O4oxMDA4LCJjbimuoj17onZhbG3koj24MCosopR4oj24o4w46iVmoj24o4w4ZG3zcGxheSoIo4J9LCJpbgJtYXRfYXM4O4o4LCJpbgJtYXRfdpFsdWU4O4o4fSx7opZ1ZWxkoj24ZWm0cn3fYXQ4LCJhbG3hcyoIopx0ZV9zdG9j6yosopxhYpVsoj24RWm0cnk5QXQ4LCJsYWmndWFnZSoIWl0sonN3YXJj6CoIojE4LCJkbgdubG9hZCoIojE4LCJhbG3nb4oIopx3ZnQ4LCJi6WVgoj24MSosopR3dGF1bCoIojE4LCJzbgJ0YWJsZSoIojE4LCJpcp9IZWa4O4owo4w46G3kZGVuoj24MCosonNvcnRs6XN0oj20LCJg6WR06CoIojEwMCosopNvbpa4Ons4dpFs6WQ4O4owo4w4ZGo4O4o4LCJrZXk4O4o4LCJk6XNwbGFmoj24on0sopZvcplhdF9hcyoIo4osopZvcplhdF9iYWxlZSoIo4J9LHs4Zp33bGQ4O4J3bnRyeV94eSosopFs6WFzoj24bHR3XgN0biNro4w4bGF4ZWw4O4JFbnRyeSBCeSosopxhbpdlYWd3oj1bXSw4ciVhcpN2oj24MSosopRvdimsbiFkoj24MSosopFs6Wduoj24bGVpdCosonZ1ZXc4O4oxo4w4ZGV0YW3soj24MSosonNvcnRhYpx3oj24MSosopZybg13b4oIojA4LCJ26WRkZWa4O4owo4w4ci9ydGx1cgQ4OjUsond1ZHR2oj24MTAwo4w4Yi9ub4oIeyJiYWx1ZCoIojA4LCJkY4oIo4osopt3eSoIo4osopR1cgBsYXk4O4o4fSw4Zp9ybWF0XiFzoj24o4w4Zp9ybWF0XgZhbHV3oj24on0seyJp6WVsZCoIonVwZGF0ZV9hdCosopFs6WFzoj24bHR3XgN0biNro4w4bGF4ZWw4O4JVcGRhdGU5QXQ4LCJsYWmndWFnZSoIWl0sonN3YXJj6CoIojE4LCJkbgdubG9hZCoIojE4LCJhbG3nb4oIopx3ZnQ4LCJi6WVgoj24MSosopR3dGF1bCoIojE4LCJzbgJ0YWJsZSoIojE4LCJpcp9IZWa4O4owo4w46G3kZGVuoj24MCosonNvcnRs6XN0oj2iLCJg6WR06CoIojEwMCosopNvbpa4Ons4dpFs6WQ4O4owo4w4ZGo4O4o4LCJrZXk4O4o4LCJk6XNwbGFmoj24on0sopZvcplhdF9hcyoIo4osopZvcplhdF9iYWxlZSoIo4J9LHs4Zp33bGQ4O4JlcGRhdGVfYnk4LCJhbG3hcyoIopx0ZV9zdG9j6yosopxhYpVsoj24VXBkYXR3oEJmo4w4bGFuZgVhZiU4O3tdLCJzZWFyYi54O4oxo4w4ZG9gbpxvYWQ4O4oxo4w4YWx1Zia4O4JsZWZ0o4w4dp33dyoIojE4LCJkZXRh6Ww4O4oxo4w4ci9ydGF4bGU4O4oxo4w4ZnJvepVuoj24MCosoph1ZGR3b4oIojA4LCJzbgJ0bG3zdCoINyw4di3kdG54O4oxMDA4LCJjbimuoj17onZhbG3koj24MCosopR4oj24o4w46iVmoj24o4w4ZG3zcGxheSoIo4J9LCJpbgJtYXRfYXM4O4o4LCJpbgJtYXRfdpFsdWU4O4o4fV0sopZvcplzoj1beyJp6WVsZCoIop3ko4w4YWx1YXM4O4JsdGVfcgRvYis4LCJsYWJ3bCoIok3ko4w4bGFuZgVhZiU4O3tdLCJyZXFl6XJ3ZCoIo4osonZ1ZXc4O4oxo4w4dH3wZSoIoph1ZGR3b4osopFkZCoIojE4LCJ3ZG30oj24MSosonN3YXJj6CoIojE4LCJz6X13oj24cgBhbjEyo4w4ci9ydGx1cgQ4OjAsopZvcplfZgJvdXA4O4o4LCJvcHR1bia4Ons4bgB0XgRmcGU4O4o4LCJsbi9rdXBfcXV3cnk4O4o4LCJsbi9rdXBfdGF4bGU4O4o4LCJsbi9rdXBf6iVmoj24o4w4bG9v6gVwXgZhbHV3oj24o4w46XNfZGVwZWmkZWmjeSoIo4osonN3bGVjdF9tdWx06XBsZSoIojA4LCJ1bWFnZV9tdWx06XBsZSoIojA4LCJsbi9rdXBfZGVwZWmkZWmjeV9rZXk4O4o4LCJwYXR2XgRvXgVwbG9hZCoIo4osonVwbG9hZF90eXB3oj24o4w4dG9vbHR1cCoIo4osopF0dHJ1YnV0ZSoIo4osopVadGVuZF9jbGFzcyoIo4J9fSx7opZ1ZWxkoj24cHJvZHVjdCosopFs6WFzoj24bHR3XgN0biNro4w4bGF4ZWw4O4JQcp9kdWN0o4w4bGFuZgVhZiU4O3tdLCJyZXFl6XJ3ZCoIo4osonZ1ZXc4O4oxo4w4dH3wZSoIonR3eHQ4LCJhZGQ4O4oxo4w4ZWR1dCoIojE4LCJzZWFyYi54O4oxo4w4ci3IZSoIonNwYWaxM4osonNvcnRs6XN0oj2xLCJpbgJtXidybgVwoj24o4w4bgB06W9uoj17op9wdF90eXB3oj24o4w4bG9v6gVwXgFlZXJmoj24o4w4bG9v6gVwXgRhYpx3oj24o4w4bG9v6gVwXit3eSoIo4osopxvbitlcF9iYWxlZSoIo4osop3zXiR3cGVuZGVuYgk4O4o4LCJzZWx3YgRfbXVsdG3wbGU4O4owo4w46WlhZiVfbXVsdG3wbGU4O4owo4w4bG9v6gVwXiR3cGVuZGVuYg3f6iVmoj24o4w4cGF06F90bl9lcGxvYWQ4O4o4LCJlcGxvYWRfdH3wZSoIo4osonRvbix06XA4O4o4LCJhdHRy6WJldGU4O4o4LCJ3eHR3bpRfYixhcgM4O4o4fX0seyJp6WVsZCoIop9ldGx3dCosopFs6WFzoj24bHR3XgN0biNro4w4bGF4ZWw4O4JPdXRsZXQ4LCJsYWmndWFnZSoIWl0sonJ3cXV1cpVkoj24o4w4dp33dyoIojE4LCJ0eXB3oj24dGVadCosopFkZCoIojE4LCJ3ZG30oj24MSosonN3YXJj6CoIojE4LCJz6X13oj24cgBhbjEyo4w4ci9ydGx1cgQ4OjosopZvcplfZgJvdXA4O4o4LCJvcHR1bia4Ons4bgB0XgRmcGU4O4o4LCJsbi9rdXBfcXV3cnk4O4o4LCJsbi9rdXBfdGF4bGU4O4o4LCJsbi9rdXBf6iVmoj24o4w4bG9v6gVwXgZhbHV3oj24o4w46XNfZGVwZWmkZWmjeSoIo4osonN3bGVjdF9tdWx06XBsZSoIojA4LCJ1bWFnZV9tdWx06XBsZSoIojA4LCJsbi9rdXBfZGVwZWmkZWmjeV9rZXk4O4o4LCJwYXR2XgRvXgVwbG9hZCoIo4osonVwbG9hZF90eXB3oj24o4w4dG9vbHR1cCoIo4osopF0dHJ1YnV0ZSoIo4osopVadGVuZF9jbGFzcyoIo4J9fSx7opZ1ZWxkoj24cXVhbnR1dHk4LCJhbG3hcyoIopx0ZV9zdG9j6yosopxhYpVsoj24UXVhbnR1dHk4LCJsYWmndWFnZSoIWl0sonJ3cXV1cpVkoj24o4w4dp33dyoIojE4LCJ0eXB3oj24dGVadCosopFkZCoIojE4LCJ3ZG30oj24MSosonN3YXJj6CoIojE4LCJz6X13oj24cgBhbjEyo4w4ci9ydGx1cgQ4OjMsopZvcplfZgJvdXA4O4o4LCJvcHR1bia4Ons4bgB0XgRmcGU4O4o4LCJsbi9rdXBfcXV3cnk4O4o4LCJsbi9rdXBfdGF4bGU4O4o4LCJsbi9rdXBf6iVmoj24o4w4bG9v6gVwXgZhbHV3oj24o4w46XNfZGVwZWmkZWmjeSoIo4osonN3bGVjdF9tdWx06XBsZSoIojA4LCJ1bWFnZV9tdWx06XBsZSoIojA4LCJsbi9rdXBfZGVwZWmkZWmjeV9rZXk4O4o4LCJwYXR2XgRvXgVwbG9hZCoIo4osonVwbG9hZF90eXB3oj24o4w4dG9vbHR1cCoIo4osopF0dHJ1YnV0ZSoIo4osopVadGVuZF9jbGFzcyoIo4J9fSx7opZ1ZWxkoj24ZWm0cn3fYXQ4LCJhbG3hcyoIopx0ZV9zdG9j6yosopxhYpVsoj24RWm0cnk5QXQ4LCJsYWmndWFnZSoIWl0sonJ3cXV1cpVkoj24o4w4dp33dyoIojE4LCJ0eXB3oj24dGVadF9kYXR3dG3tZSosopFkZCoIojE4LCJ3ZG30oj24MSosonN3YXJj6CoIojE4LCJz6X13oj24cgBhbjEyo4w4ci9ydGx1cgQ4OjQsopZvcplfZgJvdXA4O4o4LCJvcHR1bia4Ons4bgB0XgRmcGU4O4o4LCJsbi9rdXBfcXV3cnk4O4o4LCJsbi9rdXBfdGF4bGU4O4o4LCJsbi9rdXBf6iVmoj24o4w4bG9v6gVwXgZhbHV3oj24o4w46XNfZGVwZWmkZWmjeSoIo4osonN3bGVjdF9tdWx06XBsZSoIojA4LCJ1bWFnZV9tdWx06XBsZSoIojA4LCJsbi9rdXBfZGVwZWmkZWmjeV9rZXk4O4o4LCJwYXR2XgRvXgVwbG9hZCoIo4osonVwbG9hZF90eXB3oj24o4w4dG9vbHR1cCoIo4osopF0dHJ1YnV0ZSoIo4osopVadGVuZF9jbGFzcyoIo4J9fSx7opZ1ZWxkoj24ZWm0cn3fYnk4LCJhbG3hcyoIopx0ZV9zdG9j6yosopxhYpVsoj24RWm0cnk5Qnk4LCJsYWmndWFnZSoIWl0sonJ3cXV1cpVkoj24o4w4dp33dyoIojE4LCJ0eXB3oj24dGVadCosopFkZCoIojE4LCJ3ZG30oj24MSosonN3YXJj6CoIojE4LCJz6X13oj24cgBhbjEyo4w4ci9ydGx1cgQ4OjUsopZvcplfZgJvdXA4O4o4LCJvcHR1bia4Ons4bgB0XgRmcGU4O4o4LCJsbi9rdXBfcXV3cnk4O4o4LCJsbi9rdXBfdGF4bGU4O4o4LCJsbi9rdXBf6iVmoj24o4w4bG9v6gVwXgZhbHV3oj24o4w46XNfZGVwZWmkZWmjeSoIo4osonN3bGVjdF9tdWx06XBsZSoIojA4LCJ1bWFnZV9tdWx06XBsZSoIojA4LCJsbi9rdXBfZGVwZWmkZWmjeV9rZXk4O4o4LCJwYXR2XgRvXgVwbG9hZCoIo4osonVwbG9hZF90eXB3oj24o4w4dG9vbHR1cCoIo4osopF0dHJ1YnV0ZSoIo4osopVadGVuZF9jbGFzcyoIo4J9fSx7opZ1ZWxkoj24dXBkYXR3XiF0o4w4YWx1YXM4O4JsdGVfcgRvYis4LCJsYWJ3bCoIo3VwZGF0ZSBBdCosopxhbpdlYWd3oj1bXSw4cpVxdW3yZWQ4O4o4LCJi6WVgoj24MSosonRmcGU4O4J0ZXh0XiRhdGV06Wl3o4w4YWRkoj24MSosopVk6XQ4O4oxo4w4ciVhcpN2oj24MSosonN1epU4O4JzcGFuMTo4LCJzbgJ0bG3zdCoIN4w4Zp9ybV9ncp9lcCoIo4osop9wdG3vb4oIeyJvcHRfdH3wZSoIo4osopxvbitlcF9xdWVyeSoIo4osopxvbitlcF90YWJsZSoIo4osopxvbitlcF9rZXk4O4o4LCJsbi9rdXBfdpFsdWU4O4o4LCJ1cl9kZXB3bpR3bpNmoj24o4w4ciVsZWN0XillbHR1cGx3oj24MCosop3tYWd3XillbHR1cGx3oj24MCosopxvbitlcF9kZXB3bpR3bpNmXit3eSoIo4osonBhdGhfdG9fdXBsbiFkoj24o4w4dXBsbiFkXgRmcGU4O4o4LCJ0bi9sdG3woj24o4w4YXR0cp34dXR3oj24o4w4ZXh0ZWmkXiNsYXNzoj24onl9LHs4Zp33bGQ4O4JlcGRhdGVfYnk4LCJhbG3hcyoIopx0ZV9zdG9j6yosopxhYpVsoj24VXBkYXR3oEJmo4w4bGFuZgVhZiU4O3tdLCJyZXFl6XJ3ZCoIo4osonZ1ZXc4O4oxo4w4dH3wZSoIonR3eHQ4LCJhZGQ4O4oxo4w4ZWR1dCoIojE4LCJzZWFyYi54O4oxo4w4ci3IZSoIonNwYWaxM4osonNvcnRs6XN0oj2gLCJpbgJtXidybgVwoj24o4w4bgB06W9uoj17op9wdF90eXB3oj24o4w4bG9v6gVwXgFlZXJmoj24o4w4bG9v6gVwXgRhYpx3oj24o4w4bG9v6gVwXit3eSoIo4osopxvbitlcF9iYWxlZSoIo4osop3zXiR3cGVuZGVuYgk4O4o4LCJzZWx3YgRfbXVsdG3wbGU4O4owo4w46WlhZiVfbXVsdG3wbGU4O4owo4w4bG9v6gVwXiR3cGVuZGVuYg3f6iVmoj24o4w4cGF06F90bl9lcGxvYWQ4O4o4LCJlcGxvYWRfdH3wZSoIo4osonRvbix06XA4O4o4LCJhdHRy6WJldGU4O4o4LCJ3eHR3bpRfYixhcgM4O4o4fXldLCJzZXR06Wmnoj17opdy6WR0eXB3oj24o4w4bgJkZXJ4eSoIop3ko4w4bgJkZXJ0eXB3oj24YXNjo4w4cGVycGFnZSoIojEwo4w4ZnJvepVuoj24ZpFsciU4LCJpbgJtLWl3dGhvZCoIopmhdG3iZSosonZ1ZXctbWV06G9koj24bpF06XZ3o4w46Wms6Wm3oj24ZpFsciU4fX0=','{\"title\":{\"id\":\"\"},\"note\":{\"id\":\"\"}}'),(72,'sell','Sell','Make a new sell',NULL,'2021-07-27 07:53:36',NULL,'lte_orders','id','blank','eyJzcWxfciVsZWN0oj24oFNFTEVDVCBsdGVfbgJkZXJzL425R3JPTSBsdGVfbgJkZXJzoCosonNxbF9g6GVyZSoIo4BXSEVSRSBsdGVfbgJkZXJzLp3koE3ToEmPVCBOVUxMo4w4cgFsXidybgVwoj1udWxsLCJ0YWJsZV9kY4oIopx0ZV9vcpR3cnM4LCJwcp3tYXJmXit3eSoIop3ko4w4ZgJ1ZCoIWgs4Zp33bGQ4O4J1ZCosopFs6WFzoj24bHR3Xi9yZGVycyosopxhYpVsoj24SWQ4LCJsYWmndWFnZSoIWl0sonN3YXJj6CoIojE4LCJkbgdubG9hZCoIojE4LCJhbG3nb4oIopx3ZnQ4LCJi6WVgoj24MSosopR3dGF1bCoIojE4LCJzbgJ0YWJsZSoIojE4LCJpcp9IZWa4O4owo4w46G3kZGVuoj24MCosonNvcnRs6XN0oj2wLCJg6WR06CoIojEwMCosopNvbpa4Ons4dpFs6WQ4O4owo4w4ZGo4O4o4LCJrZXk4O4o4LCJk6XNwbGFmoj24on0sopZvcplhdF9hcyoIo4osopZvcplhdF9iYWxlZSoIo4J9LHs4Zp33bGQ4O4JpeSosopFs6WFzoj24bHR3Xi9yZGVycyosopxhYpVsoj24Rnk4LCJsYWmndWFnZSoIWl0sonN3YXJj6CoIojE4LCJkbgdubG9hZCoIojE4LCJhbG3nb4oIopx3ZnQ4LCJi6WVgoj24MSosopR3dGF1bCoIojE4LCJzbgJ0YWJsZSoIojE4LCJpcp9IZWa4O4owo4w46G3kZGVuoj24MCosonNvcnRs6XN0oj2xLCJg6WR06CoIojEwMCosopNvbpa4Ons4dpFs6WQ4O4owo4w4ZGo4O4o4LCJrZXk4O4o4LCJk6XNwbGFmoj24on0sopZvcplhdF9hcyoIo4osopZvcplhdF9iYWxlZSoIo4J9LHs4Zp33bGQ4O4JkYXR3o4w4YWx1YXM4O4JsdGVfbgJkZXJzo4w4bGF4ZWw4O4JEYXR3o4w4bGFuZgVhZiU4O3tdLCJzZWFyYi54O4oxo4w4ZG9gbpxvYWQ4O4oxo4w4YWx1Zia4O4JsZWZ0o4w4dp33dyoIojE4LCJkZXRh6Ww4O4oxo4w4ci9ydGF4bGU4O4oxo4w4ZnJvepVuoj24MCosoph1ZGR3b4oIojA4LCJzbgJ0bG3zdCoIM4w4di3kdG54O4oxMDA4LCJjbimuoj17onZhbG3koj24MCosopR4oj24o4w46iVmoj24o4w4ZG3zcGxheSoIo4J9LCJpbgJtYXRfYXM4O4o4LCJpbgJtYXRfdpFsdWU4O4o4fSx7opZ1ZWxkoj24bgJkZXJfbp84LCJhbG3hcyoIopx0ZV9vcpR3cnM4LCJsYWJ3bCoIok9yZGVyoEmvo4w4bGFuZgVhZiU4O3tdLCJzZWFyYi54O4oxo4w4ZG9gbpxvYWQ4O4oxo4w4YWx1Zia4O4JsZWZ0o4w4dp33dyoIojE4LCJkZXRh6Ww4O4oxo4w4ci9ydGF4bGU4O4oxo4w4ZnJvepVuoj24MCosoph1ZGR3b4oIojA4LCJzbgJ0bG3zdCoIMyw4di3kdG54O4oxMDA4LCJjbimuoj17onZhbG3koj24MCosopR4oj24o4w46iVmoj24o4w4ZG3zcGxheSoIo4J9LCJpbgJtYXRfYXM4O4o4LCJpbgJtYXRfdpFsdWU4O4o4fSx7opZ1ZWxkoj24YgVzdG9tZXo4LCJhbG3hcyoIopx0ZV9vcpR3cnM4LCJsYWJ3bCoIokNlcgRvbWVyo4w4bGFuZgVhZiU4O3tdLCJzZWFyYi54O4oxo4w4ZG9gbpxvYWQ4O4oxo4w4YWx1Zia4O4JsZWZ0o4w4dp33dyoIojE4LCJkZXRh6Ww4O4oxo4w4ci9ydGF4bGU4O4oxo4w4ZnJvepVuoj24MCosoph1ZGR3b4oIojA4LCJzbgJ0bG3zdCoINCw4di3kdG54O4oxMDA4LCJjbimuoj17onZhbG3koj24MCosopR4oj24o4w46iVmoj24o4w4ZG3zcGxheSoIo4J9LCJpbgJtYXRfYXM4O4o4LCJpbgJtYXRfdpFsdWU4O4o4fSx7opZ1ZWxkoj24bW946Wx3o4w4YWx1YXM4O4JsdGVfbgJkZXJzo4w4bGF4ZWw4O4JNbiJ1bGU4LCJsYWmndWFnZSoIWl0sonN3YXJj6CoIojE4LCJkbgdubG9hZCoIojE4LCJhbG3nb4oIopx3ZnQ4LCJi6WVgoj24MSosopR3dGF1bCoIojE4LCJzbgJ0YWJsZSoIojE4LCJpcp9IZWa4O4owo4w46G3kZGVuoj24MCosonNvcnRs6XN0oj2lLCJg6WR06CoIojEwMCosopNvbpa4Ons4dpFs6WQ4O4owo4w4ZGo4O4o4LCJrZXk4O4o4LCJk6XNwbGFmoj24on0sopZvcplhdF9hcyoIo4osopZvcplhdF9iYWxlZSoIo4J9LHs4Zp33bGQ4O4JvdXRsZXQ4LCJhbG3hcyoIopx0ZV9vcpR3cnM4LCJsYWJ3bCoIok9ldGx3dCosopxhbpdlYWd3oj1bXSw4ciVhcpN2oj24MSosopRvdimsbiFkoj24MSosopFs6Wduoj24bGVpdCosonZ1ZXc4O4oxo4w4ZGV0YW3soj24MSosonNvcnRhYpx3oj24MSosopZybg13b4oIojA4LCJ26WRkZWa4O4owo4w4ci9ydGx1cgQ4OjYsond1ZHR2oj24MTAwo4w4Yi9ub4oIeyJiYWx1ZCoIojA4LCJkY4oIo4osopt3eSoIo4osopR1cgBsYXk4O4o4fSw4Zp9ybWF0XiFzoj24o4w4Zp9ybWF0XgZhbHV3oj24on0seyJp6WVsZCoIop30ZWlzo4w4YWx1YXM4O4JsdGVfbgJkZXJzo4w4bGF4ZWw4O4JJdGVtcyosopxhbpdlYWd3oj1bXSw4ciVhcpN2oj24MSosopRvdimsbiFkoj24MSosopFs6Wduoj24bGVpdCosonZ1ZXc4O4oxo4w4ZGV0YW3soj24MSosonNvcnRhYpx3oj24MSosopZybg13b4oIojA4LCJ26WRkZWa4O4owo4w4ci9ydGx1cgQ4Ojcsond1ZHR2oj24MTAwo4w4Yi9ub4oIeyJiYWx1ZCoIojA4LCJkY4oIo4osopt3eSoIo4osopR1cgBsYXk4O4o4fSw4Zp9ybWF0XiFzoj24o4w4Zp9ybWF0XgZhbHV3oj24on0seyJp6WVsZCoIonNlY390bgRhbCosopFs6WFzoj24bHR3Xi9yZGVycyosopxhYpVsoj24UgV4oFRvdGFso4w4bGFuZgVhZiU4O3tdLCJzZWFyYi54O4oxo4w4ZG9gbpxvYWQ4O4oxo4w4YWx1Zia4O4JsZWZ0o4w4dp33dyoIojE4LCJkZXRh6Ww4O4oxo4w4ci9ydGF4bGU4O4oxo4w4ZnJvepVuoj24MCosoph1ZGR3b4oIojA4LCJzbgJ0bG3zdCoIOCw4di3kdG54O4oxMDA4LCJjbimuoj17onZhbG3koj24MCosopR4oj24o4w46iVmoj24o4w4ZG3zcGxheSoIo4J9LCJpbgJtYXRfYXM4O4o4LCJpbgJtYXRfdpFsdWU4O4o4fSx7opZ1ZWxkoj24ZG3zYi9lbnQ4LCJhbG3hcyoIopx0ZV9vcpR3cnM4LCJsYWJ3bCoIokR1ciNvdWm0o4w4bGFuZgVhZiU4O3tdLCJzZWFyYi54O4oxo4w4ZG9gbpxvYWQ4O4oxo4w4YWx1Zia4O4JsZWZ0o4w4dp33dyoIojE4LCJkZXRh6Ww4O4oxo4w4ci9ydGF4bGU4O4oxo4w4ZnJvepVuoj24MCosoph1ZGR3b4oIojA4LCJzbgJ0bG3zdCoIOSw4di3kdG54O4oxMDA4LCJjbimuoj17onZhbG3koj24MCosopR4oj24o4w46iVmoj24o4w4ZG3zcGxheSoIo4J9LCJpbgJtYXRfYXM4O4o4LCJpbgJtYXRfdpFsdWU4O4o4fSx7opZ1ZWxkoj24ZGVs6XZ3cn3fZpV3o4w4YWx1YXM4O4JsdGVfbgJkZXJzo4w4bGF4ZWw4O4JEZWx1dpVyeSBGZWU4LCJsYWmndWFnZSoIWl0sonN3YXJj6CoIojE4LCJkbgdubG9hZCoIojE4LCJhbG3nb4oIopx3ZnQ4LCJi6WVgoj24MSosopR3dGF1bCoIojE4LCJzbgJ0YWJsZSoIojE4LCJpcp9IZWa4O4owo4w46G3kZGVuoj24MCosonNvcnRs6XN0oj2xMCw4di3kdG54O4oxMDA4LCJjbimuoj17onZhbG3koj24MCosopR4oj24o4w46iVmoj24o4w4ZG3zcGxheSoIo4J9LCJpbgJtYXRfYXM4O4o4LCJpbgJtYXRfdpFsdWU4O4o4fSx7opZ1ZWxkoj24dpF0o4w4YWx1YXM4O4JsdGVfbgJkZXJzo4w4bGF4ZWw4O4JWYXQ4LCJsYWmndWFnZSoIWl0sonN3YXJj6CoIojE4LCJkbgdubG9hZCoIojE4LCJhbG3nb4oIopx3ZnQ4LCJi6WVgoj24MSosopR3dGF1bCoIojE4LCJzbgJ0YWJsZSoIojE4LCJpcp9IZWa4O4owo4w46G3kZGVuoj24MCosonNvcnRs6XN0oj2xMSw4di3kdG54O4oxMDA4LCJjbimuoj17onZhbG3koj24MCosopR4oj24o4w46iVmoj24o4w4ZG3zcGxheSoIo4J9LCJpbgJtYXRfYXM4O4o4LCJpbgJtYXRfdpFsdWU4O4o4fSx7opZ1ZWxkoj24bpV0XgBheWF4bGU4LCJhbG3hcyoIopx0ZV9vcpR3cnM4LCJsYWJ3bCoIokm3dCBQYX3hYpx3o4w4bGFuZgVhZiU4O3tdLCJzZWFyYi54O4oxo4w4ZG9gbpxvYWQ4O4oxo4w4YWx1Zia4O4JsZWZ0o4w4dp33dyoIojE4LCJkZXRh6Ww4O4oxo4w4ci9ydGF4bGU4O4oxo4w4ZnJvepVuoj24MCosoph1ZGR3b4oIojA4LCJzbgJ0bG3zdCoIMTosond1ZHR2oj24MTAwo4w4Yi9ub4oIeyJiYWx1ZCoIojA4LCJkY4oIo4osopt3eSoIo4osopR1cgBsYXk4O4o4fSw4Zp9ybWF0XiFzoj24o4w4Zp9ybWF0XgZhbHV3oj24on0seyJp6WVsZCoIonBh6WQ4LCJhbG3hcyoIopx0ZV9vcpR3cnM4LCJsYWJ3bCoIo3Bh6WQ4LCJsYWmndWFnZSoIWl0sonN3YXJj6CoIojE4LCJkbgdubG9hZCoIojE4LCJhbG3nb4oIopx3ZnQ4LCJi6WVgoj24MSosopR3dGF1bCoIojE4LCJzbgJ0YWJsZSoIojE4LCJpcp9IZWa4O4owo4w46G3kZGVuoj24MCosonNvcnRs6XN0oj2xMyw4di3kdG54O4oxMDA4LCJjbimuoj17onZhbG3koj24MCosopR4oj24o4w46iVmoj24o4w4ZG3zcGxheSoIo4J9LCJpbgJtYXRfYXM4O4o4LCJpbgJtYXRfdpFsdWU4O4o4fSx7opZ1ZWxkoj24cpVtYXJrcyosopFs6WFzoj24bHR3Xi9yZGVycyosopxhYpVsoj24UpVtYXJrcyosopxhbpdlYWd3oj1bXSw4ciVhcpN2oj24MSosopRvdimsbiFkoj24MSosopFs6Wduoj24bGVpdCosonZ1ZXc4O4oxo4w4ZGV0YW3soj24MSosonNvcnRhYpx3oj24MSosopZybg13b4oIojA4LCJ26WRkZWa4O4owo4w4ci9ydGx1cgQ4OjE0LCJg6WR06CoIojEwMCosopNvbpa4Ons4dpFs6WQ4O4owo4w4ZGo4O4o4LCJrZXk4O4o4LCJk6XNwbGFmoj24on0sopZvcplhdF9hcyoIo4osopZvcplhdF9iYWxlZSoIo4J9LHs4Zp33bGQ4O4JzdGF0dXM4LCJhbG3hcyoIopx0ZV9vcpR3cnM4LCJsYWJ3bCoIo3N0YXRlcyosopxhbpdlYWd3oj1bXSw4ciVhcpN2oj24MSosopRvdimsbiFkoj24MSosopFs6Wduoj24bGVpdCosonZ1ZXc4O4oxo4w4ZGV0YW3soj24MSosonNvcnRhYpx3oj24MSosopZybg13b4oIojA4LCJ26WRkZWa4O4owo4w4ci9ydGx1cgQ4OjElLCJg6WR06CoIojEwMCosopNvbpa4Ons4dpFs6WQ4O4owo4w4ZGo4O4o4LCJrZXk4O4o4LCJk6XNwbGFmoj24on0sopZvcplhdF9hcyoIo4osopZvcplhdF9iYWxlZSoIo4J9LHs4Zp33bGQ4O4J3bnRyeV9hdCosopFs6WFzoj24bHR3Xi9yZGVycyosopxhYpVsoj24RWm0cnk5QXQ4LCJsYWmndWFnZSoIWl0sonN3YXJj6CoIojE4LCJkbgdubG9hZCoIojE4LCJhbG3nb4oIopx3ZnQ4LCJi6WVgoj24MSosopR3dGF1bCoIojE4LCJzbgJ0YWJsZSoIojE4LCJpcp9IZWa4O4owo4w46G3kZGVuoj24MCosonNvcnRs6XN0oj2xN4w4di3kdG54O4oxMDA4LCJjbimuoj17onZhbG3koj24MCosopR4oj24o4w46iVmoj24o4w4ZG3zcGxheSoIo4J9LCJpbgJtYXRfYXM4O4o4LCJpbgJtYXRfdpFsdWU4O4o4fSx7opZ1ZWxkoj24ZWm0cn3fYnk4LCJhbG3hcyoIopx0ZV9vcpR3cnM4LCJsYWJ3bCoIokVudHJmoEJmo4w4bGFuZgVhZiU4O3tdLCJzZWFyYi54O4oxo4w4ZG9gbpxvYWQ4O4oxo4w4YWx1Zia4O4JsZWZ0o4w4dp33dyoIojE4LCJkZXRh6Ww4O4oxo4w4ci9ydGF4bGU4O4oxo4w4ZnJvepVuoj24MCosoph1ZGR3b4oIojA4LCJzbgJ0bG3zdCoIMTcsond1ZHR2oj24MTAwo4w4Yi9ub4oIeyJiYWx1ZCoIojA4LCJkY4oIo4osopt3eSoIo4osopR1cgBsYXk4O4o4fSw4Zp9ybWF0XiFzoj24o4w4Zp9ybWF0XgZhbHV3oj24on0seyJp6WVsZCoIonVwZGF0ZV9hdCosopFs6WFzoj24bHR3Xi9yZGVycyosopxhYpVsoj24VXBkYXR3oEF0o4w4bGFuZgVhZiU4O3tdLCJzZWFyYi54O4oxo4w4ZG9gbpxvYWQ4O4oxo4w4YWx1Zia4O4JsZWZ0o4w4dp33dyoIojE4LCJkZXRh6Ww4O4oxo4w4ci9ydGF4bGU4O4oxo4w4ZnJvepVuoj24MCosoph1ZGR3b4oIojA4LCJzbgJ0bG3zdCoIMT5sond1ZHR2oj24MTAwo4w4Yi9ub4oIeyJiYWx1ZCoIojA4LCJkY4oIo4osopt3eSoIo4osopR1cgBsYXk4O4o4fSw4Zp9ybWF0XiFzoj24o4w4Zp9ybWF0XgZhbHV3oj24on0seyJp6WVsZCoIonVwZGF0ZV94eSosopFs6WFzoj24bHR3Xi9yZGVycyosopxhYpVsoj24VXBkYXR3oEJmo4w4bGFuZgVhZiU4O3tdLCJzZWFyYi54O4oxo4w4ZG9gbpxvYWQ4O4oxo4w4YWx1Zia4O4JsZWZ0o4w4dp33dyoIojE4LCJkZXRh6Ww4O4oxo4w4ci9ydGF4bGU4O4oxo4w4ZnJvepVuoj24MCosoph1ZGR3b4oIojA4LCJzbgJ0bG3zdCoIMTksond1ZHR2oj24MTAwo4w4Yi9ub4oIeyJiYWx1ZCoIojA4LCJkY4oIo4osopt3eSoIo4osopR1cgBsYXk4O4o4fSw4Zp9ybWF0XiFzoj24o4w4Zp9ybWF0XgZhbHV3oj24onldLCJpbgJtcyoIWgs4Zp33bGQ4O4J1ZCosopFs6WFzoj24bHR3Xi9yZGVycyosopxhYpVsoj24SWQ4LCJsYWmndWFnZSoIWl0sonJ3cXV1cpVkoj24o4w4dp33dyoIojE4LCJ0eXB3oj246G3kZGVuo4w4YWRkoj24MSosopVk6XQ4O4oxo4w4ciVhcpN2oj24MSosonN1epU4O4JzcGFuMTo4LCJzbgJ0bG3zdCoIMCw4Zp9ybV9ncp9lcCoIo4osop9wdG3vb4oIeyJvcHRfdH3wZSoIo4osopxvbitlcF9xdWVyeSoIo4osopxvbitlcF90YWJsZSoIo4osopxvbitlcF9rZXk4O4o4LCJsbi9rdXBfdpFsdWU4O4o4LCJ1cl9kZXB3bpR3bpNmoj24o4w4ciVsZWN0XillbHR1cGx3oj24MCosop3tYWd3XillbHR1cGx3oj24MCosopxvbitlcF9kZXB3bpR3bpNmXit3eSoIo4osonBhdGhfdG9fdXBsbiFkoj24o4w4dXBsbiFkXgRmcGU4O4o4LCJ0bi9sdG3woj24o4w4YXR0cp34dXR3oj24o4w4ZXh0ZWmkXiNsYXNzoj24onl9LHs4Zp33bGQ4O4JpeSosopFs6WFzoj24bHR3Xi9yZGVycyosopxhYpVsoj24Rnk4LCJsYWmndWFnZSoIWl0sonJ3cXV1cpVkoj24o4w4dp33dyoIojE4LCJ0eXB3oj24dGVadCosopFkZCoIojE4LCJ3ZG30oj24MSosonN3YXJj6CoIojE4LCJz6X13oj24cgBhbjEyo4w4ci9ydGx1cgQ4OjEsopZvcplfZgJvdXA4O4o4LCJvcHR1bia4Ons4bgB0XgRmcGU4O4o4LCJsbi9rdXBfcXV3cnk4O4o4LCJsbi9rdXBfdGF4bGU4O4o4LCJsbi9rdXBf6iVmoj24o4w4bG9v6gVwXgZhbHV3oj24o4w46XNfZGVwZWmkZWmjeSoIo4osonN3bGVjdF9tdWx06XBsZSoIojA4LCJ1bWFnZV9tdWx06XBsZSoIojA4LCJsbi9rdXBfZGVwZWmkZWmjeV9rZXk4O4o4LCJwYXR2XgRvXgVwbG9hZCoIo4osonVwbG9hZF90eXB3oj24o4w4dG9vbHR1cCoIo4osopF0dHJ1YnV0ZSoIo4osopVadGVuZF9jbGFzcyoIo4J9fSx7opZ1ZWxkoj24ZGF0ZSosopFs6WFzoj24bHR3Xi9yZGVycyosopxhYpVsoj24RGF0ZSosopxhbpdlYWd3oj1bXSw4cpVxdW3yZWQ4O4o4LCJi6WVgoj24MSosonRmcGU4O4J0ZXh0o4w4YWRkoj24MSosopVk6XQ4O4oxo4w4ciVhcpN2oj24MSosonN1epU4O4JzcGFuMTo4LCJzbgJ0bG3zdCoIM4w4Zp9ybV9ncp9lcCoIo4osop9wdG3vb4oIeyJvcHRfdH3wZSoIo4osopxvbitlcF9xdWVyeSoIo4osopxvbitlcF90YWJsZSoIo4osopxvbitlcF9rZXk4O4o4LCJsbi9rdXBfdpFsdWU4O4o4LCJ1cl9kZXB3bpR3bpNmoj24o4w4ciVsZWN0XillbHR1cGx3oj24MCosop3tYWd3XillbHR1cGx3oj24MCosopxvbitlcF9kZXB3bpR3bpNmXit3eSoIo4osonBhdGhfdG9fdXBsbiFkoj24o4w4dXBsbiFkXgRmcGU4O4o4LCJ0bi9sdG3woj24o4w4YXR0cp34dXR3oj24o4w4ZXh0ZWmkXiNsYXNzoj24onl9LHs4Zp33bGQ4O4JvcpR3c39ubyosopFs6WFzoj24bHR3Xi9yZGVycyosopxhYpVsoj24TgJkZXo5Tp84LCJsYWmndWFnZSoIWl0sonJ3cXV1cpVkoj24o4w4dp33dyoIojE4LCJ0eXB3oj24dGVadCosopFkZCoIojE4LCJ3ZG30oj24MSosonN3YXJj6CoIojE4LCJz6X13oj24cgBhbjEyo4w4ci9ydGx1cgQ4OjMsopZvcplfZgJvdXA4O4o4LCJvcHR1bia4Ons4bgB0XgRmcGU4O4o4LCJsbi9rdXBfcXV3cnk4O4o4LCJsbi9rdXBfdGF4bGU4O4o4LCJsbi9rdXBf6iVmoj24o4w4bG9v6gVwXgZhbHV3oj24o4w46XNfZGVwZWmkZWmjeSoIo4osonN3bGVjdF9tdWx06XBsZSoIojA4LCJ1bWFnZV9tdWx06XBsZSoIojA4LCJsbi9rdXBfZGVwZWmkZWmjeV9rZXk4O4o4LCJwYXR2XgRvXgVwbG9hZCoIo4osonVwbG9hZF90eXB3oj24o4w4dG9vbHR1cCoIo4osopF0dHJ1YnV0ZSoIo4osopVadGVuZF9jbGFzcyoIo4J9fSx7opZ1ZWxkoj24YgVzdG9tZXo4LCJhbG3hcyoIopx0ZV9vcpR3cnM4LCJsYWJ3bCoIokNlcgRvbWVyo4w4bGFuZgVhZiU4O3tdLCJyZXFl6XJ3ZCoIo4osonZ1ZXc4O4oxo4w4dH3wZSoIonR3eHQ4LCJhZGQ4O4oxo4w4ZWR1dCoIojE4LCJzZWFyYi54O4oxo4w4ci3IZSoIonNwYWaxM4osonNvcnRs6XN0oj20LCJpbgJtXidybgVwoj24o4w4bgB06W9uoj17op9wdF90eXB3oj24o4w4bG9v6gVwXgFlZXJmoj24o4w4bG9v6gVwXgRhYpx3oj24o4w4bG9v6gVwXit3eSoIo4osopxvbitlcF9iYWxlZSoIo4osop3zXiR3cGVuZGVuYgk4O4o4LCJzZWx3YgRfbXVsdG3wbGU4O4owo4w46WlhZiVfbXVsdG3wbGU4O4owo4w4bG9v6gVwXiR3cGVuZGVuYg3f6iVmoj24o4w4cGF06F90bl9lcGxvYWQ4O4o4LCJlcGxvYWRfdH3wZSoIo4osonRvbix06XA4O4o4LCJhdHRy6WJldGU4O4o4LCJ3eHR3bpRfYixhcgM4O4o4fX0seyJp6WVsZCoIoplvYp3sZSosopFs6WFzoj24bHR3Xi9yZGVycyosopxhYpVsoj24TW946Wx3o4w4bGFuZgVhZiU4O3tdLCJyZXFl6XJ3ZCoIo4osonZ1ZXc4O4oxo4w4dH3wZSoIonR3eHQ4LCJhZGQ4O4oxo4w4ZWR1dCoIojE4LCJzZWFyYi54O4oxo4w4ci3IZSoIonNwYWaxM4osonNvcnRs6XN0oj2lLCJpbgJtXidybgVwoj24o4w4bgB06W9uoj17op9wdF90eXB3oj24o4w4bG9v6gVwXgFlZXJmoj24o4w4bG9v6gVwXgRhYpx3oj24o4w4bG9v6gVwXit3eSoIo4osopxvbitlcF9iYWxlZSoIo4osop3zXiR3cGVuZGVuYgk4O4o4LCJzZWx3YgRfbXVsdG3wbGU4O4owo4w46WlhZiVfbXVsdG3wbGU4O4owo4w4bG9v6gVwXiR3cGVuZGVuYg3f6iVmoj24o4w4cGF06F90bl9lcGxvYWQ4O4o4LCJlcGxvYWRfdH3wZSoIo4osonRvbix06XA4O4o4LCJhdHRy6WJldGU4O4o4LCJ3eHR3bpRfYixhcgM4O4o4fX0seyJp6WVsZCoIop9ldGx3dCosopFs6WFzoj24bHR3Xi9yZGVycyosopxhYpVsoj24TgV0bGV0o4w4bGFuZgVhZiU4O3tdLCJyZXFl6XJ3ZCoIo4osonZ1ZXc4O4oxo4w4dH3wZSoIonR3eHQ4LCJhZGQ4O4oxo4w4ZWR1dCoIojE4LCJzZWFyYi54O4oxo4w4ci3IZSoIonNwYWaxM4osonNvcnRs6XN0oj2iLCJpbgJtXidybgVwoj24o4w4bgB06W9uoj17op9wdF90eXB3oj24o4w4bG9v6gVwXgFlZXJmoj24o4w4bG9v6gVwXgRhYpx3oj24o4w4bG9v6gVwXit3eSoIo4osopxvbitlcF9iYWxlZSoIo4osop3zXiR3cGVuZGVuYgk4O4o4LCJzZWx3YgRfbXVsdG3wbGU4O4owo4w46WlhZiVfbXVsdG3wbGU4O4owo4w4bG9v6gVwXiR3cGVuZGVuYg3f6iVmoj24o4w4cGF06F90bl9lcGxvYWQ4O4o4LCJlcGxvYWRfdH3wZSoIo4osonRvbix06XA4O4o4LCJhdHRy6WJldGU4O4o4LCJ3eHR3bpRfYixhcgM4O4o4fX0seyJp6WVsZCoIop30ZWlzo4w4YWx1YXM4O4JsdGVfbgJkZXJzo4w4bGF4ZWw4O4JJdGVtcyosopxhbpdlYWd3oj1bXSw4cpVxdW3yZWQ4O4o4LCJi6WVgoj24MSosonRmcGU4O4J0ZXh0o4w4YWRkoj24MSosopVk6XQ4O4oxo4w4ciVhcpN2oj24MSosonN1epU4O4JzcGFuMTo4LCJzbgJ0bG3zdCoINyw4Zp9ybV9ncp9lcCoIo4osop9wdG3vb4oIeyJvcHRfdH3wZSoIo4osopxvbitlcF9xdWVyeSoIo4osopxvbitlcF90YWJsZSoIo4osopxvbitlcF9rZXk4O4o4LCJsbi9rdXBfdpFsdWU4O4o4LCJ1cl9kZXB3bpR3bpNmoj24o4w4ciVsZWN0XillbHR1cGx3oj24MCosop3tYWd3XillbHR1cGx3oj24MCosopxvbitlcF9kZXB3bpR3bpNmXit3eSoIo4osonBhdGhfdG9fdXBsbiFkoj24o4w4dXBsbiFkXgRmcGU4O4o4LCJ0bi9sdG3woj24o4w4YXR0cp34dXR3oj24o4w4ZXh0ZWmkXiNsYXNzoj24onl9LHs4Zp33bGQ4O4JzdWJfdG90YWw4LCJhbG3hcyoIopx0ZV9vcpR3cnM4LCJsYWJ3bCoIo3NlY4BUbgRhbCosopxhbpdlYWd3oj1bXSw4cpVxdW3yZWQ4O4o4LCJi6WVgoj24MSosonRmcGU4O4J0ZXh0o4w4YWRkoj24MSosopVk6XQ4O4oxo4w4ciVhcpN2oj24MSosonN1epU4O4JzcGFuMTo4LCJzbgJ0bG3zdCoIOCw4Zp9ybV9ncp9lcCoIo4osop9wdG3vb4oIeyJvcHRfdH3wZSoIo4osopxvbitlcF9xdWVyeSoIo4osopxvbitlcF90YWJsZSoIo4osopxvbitlcF9rZXk4O4o4LCJsbi9rdXBfdpFsdWU4O4o4LCJ1cl9kZXB3bpR3bpNmoj24o4w4ciVsZWN0XillbHR1cGx3oj24MCosop3tYWd3XillbHR1cGx3oj24MCosopxvbitlcF9kZXB3bpR3bpNmXit3eSoIo4osonBhdGhfdG9fdXBsbiFkoj24o4w4dXBsbiFkXgRmcGU4O4o4LCJ0bi9sdG3woj24o4w4YXR0cp34dXR3oj24o4w4ZXh0ZWmkXiNsYXNzoj24onl9LHs4Zp33bGQ4O4Jk6XNjbgVudCosopFs6WFzoj24bHR3Xi9yZGVycyosopxhYpVsoj24RG3zYi9lbnQ4LCJsYWmndWFnZSoIWl0sonJ3cXV1cpVkoj24o4w4dp33dyoIojE4LCJ0eXB3oj24dGVadCosopFkZCoIojE4LCJ3ZG30oj24MSosonN3YXJj6CoIojE4LCJz6X13oj24cgBhbjEyo4w4ci9ydGx1cgQ4OjksopZvcplfZgJvdXA4O4o4LCJvcHR1bia4Ons4bgB0XgRmcGU4O4o4LCJsbi9rdXBfcXV3cnk4O4o4LCJsbi9rdXBfdGF4bGU4O4o4LCJsbi9rdXBf6iVmoj24o4w4bG9v6gVwXgZhbHV3oj24o4w46XNfZGVwZWmkZWmjeSoIo4osonN3bGVjdF9tdWx06XBsZSoIojA4LCJ1bWFnZV9tdWx06XBsZSoIojA4LCJsbi9rdXBfZGVwZWmkZWmjeV9rZXk4O4o4LCJwYXR2XgRvXgVwbG9hZCoIo4osonVwbG9hZF90eXB3oj24o4w4dG9vbHR1cCoIo4osopF0dHJ1YnV0ZSoIo4osopVadGVuZF9jbGFzcyoIo4J9fSx7opZ1ZWxkoj24ZGVs6XZ3cn3fZpV3o4w4YWx1YXM4O4JsdGVfbgJkZXJzo4w4bGF4ZWw4O4JEZWx1dpVyeSBGZWU4LCJsYWmndWFnZSoIWl0sonJ3cXV1cpVkoj24o4w4dp33dyoIojE4LCJ0eXB3oj24dGVadCosopFkZCoIojE4LCJ3ZG30oj24MSosonN3YXJj6CoIojE4LCJz6X13oj24cgBhbjEyo4w4ci9ydGx1cgQ4OjEwLCJpbgJtXidybgVwoj24o4w4bgB06W9uoj17op9wdF90eXB3oj24o4w4bG9v6gVwXgFlZXJmoj24o4w4bG9v6gVwXgRhYpx3oj24o4w4bG9v6gVwXit3eSoIo4osopxvbitlcF9iYWxlZSoIo4osop3zXiR3cGVuZGVuYgk4O4o4LCJzZWx3YgRfbXVsdG3wbGU4O4owo4w46WlhZiVfbXVsdG3wbGU4O4owo4w4bG9v6gVwXiR3cGVuZGVuYg3f6iVmoj24o4w4cGF06F90bl9lcGxvYWQ4O4o4LCJlcGxvYWRfdH3wZSoIo4osonRvbix06XA4O4o4LCJhdHRy6WJldGU4O4o4LCJ3eHR3bpRfYixhcgM4O4o4fX0seyJp6WVsZCoIonZhdCosopFs6WFzoj24bHR3Xi9yZGVycyosopxhYpVsoj24VpF0o4w4bGFuZgVhZiU4O3tdLCJyZXFl6XJ3ZCoIo4osonZ1ZXc4O4oxo4w4dH3wZSoIonR3eHQ4LCJhZGQ4O4oxo4w4ZWR1dCoIojE4LCJzZWFyYi54O4oxo4w4ci3IZSoIonNwYWaxM4osonNvcnRs6XN0oj2xMSw4Zp9ybV9ncp9lcCoIo4osop9wdG3vb4oIeyJvcHRfdH3wZSoIo4osopxvbitlcF9xdWVyeSoIo4osopxvbitlcF90YWJsZSoIo4osopxvbitlcF9rZXk4O4o4LCJsbi9rdXBfdpFsdWU4O4o4LCJ1cl9kZXB3bpR3bpNmoj24o4w4ciVsZWN0XillbHR1cGx3oj24MCosop3tYWd3XillbHR1cGx3oj24MCosopxvbitlcF9kZXB3bpR3bpNmXit3eSoIo4osonBhdGhfdG9fdXBsbiFkoj24o4w4dXBsbiFkXgRmcGU4O4o4LCJ0bi9sdG3woj24o4w4YXR0cp34dXR3oj24o4w4ZXh0ZWmkXiNsYXNzoj24onl9LHs4Zp33bGQ4O4JuZXRfcGFmYWJsZSosopFs6WFzoj24bHR3Xi9yZGVycyosopxhYpVsoj24TpV0oFBheWF4bGU4LCJsYWmndWFnZSoIWl0sonJ3cXV1cpVkoj24o4w4dp33dyoIojE4LCJ0eXB3oj24dGVadCosopFkZCoIojE4LCJ3ZG30oj24MSosonN3YXJj6CoIojE4LCJz6X13oj24cgBhbjEyo4w4ci9ydGx1cgQ4OjEyLCJpbgJtXidybgVwoj24o4w4bgB06W9uoj17op9wdF90eXB3oj24o4w4bG9v6gVwXgFlZXJmoj24o4w4bG9v6gVwXgRhYpx3oj24o4w4bG9v6gVwXit3eSoIo4osopxvbitlcF9iYWxlZSoIo4osop3zXiR3cGVuZGVuYgk4O4o4LCJzZWx3YgRfbXVsdG3wbGU4O4owo4w46WlhZiVfbXVsdG3wbGU4O4owo4w4bG9v6gVwXiR3cGVuZGVuYg3f6iVmoj24o4w4cGF06F90bl9lcGxvYWQ4O4o4LCJlcGxvYWRfdH3wZSoIo4osonRvbix06XA4O4o4LCJhdHRy6WJldGU4O4o4LCJ3eHR3bpRfYixhcgM4O4o4fX0seyJp6WVsZCoIonBh6WQ4LCJhbG3hcyoIopx0ZV9vcpR3cnM4LCJsYWJ3bCoIo3Bh6WQ4LCJsYWmndWFnZSoIWl0sonJ3cXV1cpVkoj24o4w4dp33dyoIojE4LCJ0eXB3oj24dGVadCosopFkZCoIojE4LCJ3ZG30oj24MSosonN3YXJj6CoIojE4LCJz6X13oj24cgBhbjEyo4w4ci9ydGx1cgQ4OjEzLCJpbgJtXidybgVwoj24o4w4bgB06W9uoj17op9wdF90eXB3oj24o4w4bG9v6gVwXgFlZXJmoj24o4w4bG9v6gVwXgRhYpx3oj24o4w4bG9v6gVwXit3eSoIo4osopxvbitlcF9iYWxlZSoIo4osop3zXiR3cGVuZGVuYgk4O4o4LCJzZWx3YgRfbXVsdG3wbGU4O4owo4w46WlhZiVfbXVsdG3wbGU4O4owo4w4bG9v6gVwXiR3cGVuZGVuYg3f6iVmoj24o4w4cGF06F90bl9lcGxvYWQ4O4o4LCJlcGxvYWRfdH3wZSoIo4osonRvbix06XA4O4o4LCJhdHRy6WJldGU4O4o4LCJ3eHR3bpRfYixhcgM4O4o4fX0seyJp6WVsZCoIonJ3bWFy6gM4LCJhbG3hcyoIopx0ZV9vcpR3cnM4LCJsYWJ3bCoIo3J3bWFy6gM4LCJsYWmndWFnZSoIWl0sonJ3cXV1cpVkoj24o4w4dp33dyoIojE4LCJ0eXB3oj24dGVadCosopFkZCoIojE4LCJ3ZG30oj24MSosonN3YXJj6CoIojE4LCJz6X13oj24cgBhbjEyo4w4ci9ydGx1cgQ4OjE0LCJpbgJtXidybgVwoj24o4w4bgB06W9uoj17op9wdF90eXB3oj24o4w4bG9v6gVwXgFlZXJmoj24o4w4bG9v6gVwXgRhYpx3oj24o4w4bG9v6gVwXit3eSoIo4osopxvbitlcF9iYWxlZSoIo4osop3zXiR3cGVuZGVuYgk4O4o4LCJzZWx3YgRfbXVsdG3wbGU4O4owo4w46WlhZiVfbXVsdG3wbGU4O4owo4w4bG9v6gVwXiR3cGVuZGVuYg3f6iVmoj24o4w4cGF06F90bl9lcGxvYWQ4O4o4LCJlcGxvYWRfdH3wZSoIo4osonRvbix06XA4O4o4LCJhdHRy6WJldGU4O4o4LCJ3eHR3bpRfYixhcgM4O4o4fX0seyJp6WVsZCoIonN0YXRlcyosopFs6WFzoj24bHR3Xi9yZGVycyosopxhYpVsoj24UgRhdHVzo4w4bGFuZgVhZiU4O3tdLCJyZXFl6XJ3ZCoIo4osonZ1ZXc4O4oxo4w4dH3wZSoIonR3eHQ4LCJhZGQ4O4oxo4w4ZWR1dCoIojE4LCJzZWFyYi54O4oxo4w4ci3IZSoIonNwYWaxM4osonNvcnRs6XN0oj2xNSw4Zp9ybV9ncp9lcCoIo4osop9wdG3vb4oIeyJvcHRfdH3wZSoIo4osopxvbitlcF9xdWVyeSoIo4osopxvbitlcF90YWJsZSoIo4osopxvbitlcF9rZXk4O4o4LCJsbi9rdXBfdpFsdWU4O4o4LCJ1cl9kZXB3bpR3bpNmoj24o4w4ciVsZWN0XillbHR1cGx3oj24MCosop3tYWd3XillbHR1cGx3oj24MCosopxvbitlcF9kZXB3bpR3bpNmXit3eSoIo4osonBhdGhfdG9fdXBsbiFkoj24o4w4dXBsbiFkXgRmcGU4O4o4LCJ0bi9sdG3woj24o4w4YXR0cp34dXR3oj24o4w4ZXh0ZWmkXiNsYXNzoj24onl9LHs4Zp33bGQ4O4J3bnRyeV9hdCosopFs6WFzoj24bHR3Xi9yZGVycyosopxhYpVsoj24RWm0cnk5QXQ4LCJsYWmndWFnZSoIWl0sonJ3cXV1cpVkoj24o4w4dp33dyoIojE4LCJ0eXB3oj24dGVadF9kYXR3dG3tZSosopFkZCoIojE4LCJ3ZG30oj24MSosonN3YXJj6CoIojE4LCJz6X13oj24cgBhbjEyo4w4ci9ydGx1cgQ4OjEiLCJpbgJtXidybgVwoj24o4w4bgB06W9uoj17op9wdF90eXB3oj24o4w4bG9v6gVwXgFlZXJmoj24o4w4bG9v6gVwXgRhYpx3oj24o4w4bG9v6gVwXit3eSoIo4osopxvbitlcF9iYWxlZSoIo4osop3zXiR3cGVuZGVuYgk4O4o4LCJzZWx3YgRfbXVsdG3wbGU4O4owo4w46WlhZiVfbXVsdG3wbGU4O4owo4w4bG9v6gVwXiR3cGVuZGVuYg3f6iVmoj24o4w4cGF06F90bl9lcGxvYWQ4O4o4LCJlcGxvYWRfdH3wZSoIo4osonRvbix06XA4O4o4LCJhdHRy6WJldGU4O4o4LCJ3eHR3bpRfYixhcgM4O4o4fX0seyJp6WVsZCoIopVudHJmXiJmo4w4YWx1YXM4O4JsdGVfbgJkZXJzo4w4bGF4ZWw4O4JFbnRyeSBCeSosopxhbpdlYWd3oj1bXSw4cpVxdW3yZWQ4O4o4LCJi6WVgoj24MSosonRmcGU4O4J0ZXh0o4w4YWRkoj24MSosopVk6XQ4O4oxo4w4ciVhcpN2oj24MSosonN1epU4O4JzcGFuMTo4LCJzbgJ0bG3zdCoIMTcsopZvcplfZgJvdXA4O4o4LCJvcHR1bia4Ons4bgB0XgRmcGU4O4o4LCJsbi9rdXBfcXV3cnk4O4o4LCJsbi9rdXBfdGF4bGU4O4o4LCJsbi9rdXBf6iVmoj24o4w4bG9v6gVwXgZhbHV3oj24o4w46XNfZGVwZWmkZWmjeSoIo4osonN3bGVjdF9tdWx06XBsZSoIojA4LCJ1bWFnZV9tdWx06XBsZSoIojA4LCJsbi9rdXBfZGVwZWmkZWmjeV9rZXk4O4o4LCJwYXR2XgRvXgVwbG9hZCoIo4osonVwbG9hZF90eXB3oj24o4w4dG9vbHR1cCoIo4osopF0dHJ1YnV0ZSoIo4osopVadGVuZF9jbGFzcyoIo4J9fSx7opZ1ZWxkoj24dXBkYXR3XiF0o4w4YWx1YXM4O4JsdGVfbgJkZXJzo4w4bGF4ZWw4O4JVcGRhdGU5QXQ4LCJsYWmndWFnZSoIWl0sonJ3cXV1cpVkoj24o4w4dp33dyoIojE4LCJ0eXB3oj24dGVadF9kYXR3dG3tZSosopFkZCoIojE4LCJ3ZG30oj24MSosonN3YXJj6CoIojE4LCJz6X13oj24cgBhbjEyo4w4ci9ydGx1cgQ4OjEaLCJpbgJtXidybgVwoj24o4w4bgB06W9uoj17op9wdF90eXB3oj24o4w4bG9v6gVwXgFlZXJmoj24o4w4bG9v6gVwXgRhYpx3oj24o4w4bG9v6gVwXit3eSoIo4osopxvbitlcF9iYWxlZSoIo4osop3zXiR3cGVuZGVuYgk4O4o4LCJzZWx3YgRfbXVsdG3wbGU4O4owo4w46WlhZiVfbXVsdG3wbGU4O4owo4w4bG9v6gVwXiR3cGVuZGVuYg3f6iVmoj24o4w4cGF06F90bl9lcGxvYWQ4O4o4LCJlcGxvYWRfdH3wZSoIo4osonRvbix06XA4O4o4LCJhdHRy6WJldGU4O4o4LCJ3eHR3bpRfYixhcgM4O4o4fX0seyJp6WVsZCoIonVwZGF0ZV94eSosopFs6WFzoj24bHR3Xi9yZGVycyosopxhYpVsoj24VXBkYXR3oEJmo4w4bGFuZgVhZiU4O3tdLCJyZXFl6XJ3ZCoIo4osonZ1ZXc4O4oxo4w4dH3wZSoIonR3eHQ4LCJhZGQ4O4oxo4w4ZWR1dCoIojE4LCJzZWFyYi54O4oxo4w4ci3IZSoIonNwYWaxM4osonNvcnRs6XN0oj2xOSw4Zp9ybV9ncp9lcCoIo4osop9wdG3vb4oIeyJvcHRfdH3wZSoIo4osopxvbitlcF9xdWVyeSoIo4osopxvbitlcF90YWJsZSoIo4osopxvbitlcF9rZXk4O4o4LCJsbi9rdXBfdpFsdWU4O4o4LCJ1cl9kZXB3bpR3bpNmoj24o4w4ciVsZWN0XillbHR1cGx3oj24MCosop3tYWd3XillbHR1cGx3oj24MCosopxvbitlcF9kZXB3bpR3bpNmXit3eSoIo4osonBhdGhfdG9fdXBsbiFkoj24o4w4dXBsbiFkXgRmcGU4O4o4LCJ0bi9sdG3woj24o4w4YXR0cp34dXR3oj24o4w4ZXh0ZWmkXiNsYXNzoj24onl9XX0=',NULL),(73,'brand','Brand','Brand Details',NULL,'2021-07-29 08:56:53',NULL,'lte_brands','id','native','eyJzcWxfciVsZWN0oj24oFNFTEVDVCBsdGVfYnJhbpRzL425R3JPTSBsdGVfYnJhbpRzoCosonNxbF9g6GVyZSoIo4BXSEVSRSBsdGVfYnJhbpRzLp3koE3ToEmPVCBOVUxMo4w4cgFsXidybgVwoj1udWxsLCJ0YWJsZV9kY4oIopx0ZV94cpFuZHM4LCJwcp3tYXJmXit3eSoIop3ko4w4ZgJ1ZCoIWgs4Zp33bGQ4O4J1ZCosopFs6WFzoj24bHR3XiJyYWmkcyosopxhbpdlYWd3oj17op3koj24on0sopxhYpVsoj24SWQ4LCJi6WVgoj2xLCJkZXRh6Ww4OjEsonNvcnRhYpx3oj2xLCJzZWFyYi54OjEsopRvdimsbiFkoj2xLCJpcp9IZWa4OjEsopx1bW30ZWQ4O4o4LCJg6WR06CoIojEwMCosopFs6Wduoj24bGVpdCosonNvcnRs6XN0oj24MSosopNvbpa4Ons4dpFs6WQ4O4owo4w4ZGo4O4o4LCJrZXk4O4o4LCJk6XNwbGFmoj24on0sopZvcplhdF9hcyoIo4osopZvcplhdF9iYWxlZSoIo4J9LHs4Zp33bGQ4O4JuYWl3o4w4YWx1YXM4O4JsdGVfYnJhbpRzo4w4bGFuZgVhZiU4Ons46WQ4O4o4fSw4bGF4ZWw4O4JOYWl3o4w4dp33dyoIMSw4ZGV0YW3soj2xLCJzbgJ0YWJsZSoIMSw4ciVhcpN2oj2xLCJkbgdubG9hZCoIMSw4ZnJvepVuoj2xLCJs6Wl1dGVkoj24o4w4di3kdG54O4oxMDA4LCJhbG3nb4oIopx3ZnQ4LCJzbgJ0bG3zdCoIojo4LCJjbimuoj17onZhbG3koj24MCosopR4oj24o4w46iVmoj24o4w4ZG3zcGxheSoIo4J9LCJpbgJtYXRfYXM4O4o4LCJpbgJtYXRfdpFsdWU4O4o4fSx7opZ1ZWxkoj24ZWm0cn3fYXQ4LCJhbG3hcyoIopx0ZV94cpFuZHM4LCJsYWmndWFnZSoIeyJ1ZCoIo4J9LCJsYWJ3bCoIokVudHJmoEF0o4w4dp33dyoIMCw4ZGV0YW3soj2wLCJzbgJ0YWJsZSoIMCw4ciVhcpN2oj2xLCJkbgdubG9hZCoIMCw4ZnJvepVuoj2xLCJs6Wl1dGVkoj24o4w4di3kdG54O4oxMDA4LCJhbG3nb4oIopx3ZnQ4LCJzbgJ0bG3zdCoIojM4LCJjbimuoj17onZhbG3koj24MCosopR4oj24o4w46iVmoj24o4w4ZG3zcGxheSoIo4J9LCJpbgJtYXRfYXM4O4o4LCJpbgJtYXRfdpFsdWU4O4o4fSx7opZ1ZWxkoj24ZWm0cn3fYnk4LCJhbG3hcyoIopx0ZV94cpFuZHM4LCJsYWmndWFnZSoIeyJ1ZCoIo4J9LCJsYWJ3bCoIokVudHJmoEJmo4w4dp33dyoIMCw4ZGV0YW3soj2wLCJzbgJ0YWJsZSoIMCw4ciVhcpN2oj2xLCJkbgdubG9hZCoIMCw4ZnJvepVuoj2xLCJs6Wl1dGVkoj24o4w4di3kdG54O4oxMDA4LCJhbG3nb4oIopx3ZnQ4LCJzbgJ0bG3zdCoIojQ4LCJjbimuoj17onZhbG3koj24MCosopR4oj24o4w46iVmoj24o4w4ZG3zcGxheSoIo4J9LCJpbgJtYXRfYXM4O4o4LCJpbgJtYXRfdpFsdWU4O4o4fSx7opZ1ZWxkoj24dXBkYXR3XiF0o4w4YWx1YXM4O4JsdGVfYnJhbpRzo4w4bGFuZgVhZiU4Ons46WQ4O4o4fSw4bGF4ZWw4O4JVcGRhdGU5QXQ4LCJi6WVgoj2wLCJkZXRh6Ww4OjAsonNvcnRhYpx3oj2wLCJzZWFyYi54OjEsopRvdimsbiFkoj2wLCJpcp9IZWa4OjEsopx1bW30ZWQ4O4o4LCJg6WR06CoIojEwMCosopFs6Wduoj24bGVpdCosonNvcnRs6XN0oj24NSosopNvbpa4Ons4dpFs6WQ4O4owo4w4ZGo4O4o4LCJrZXk4O4o4LCJk6XNwbGFmoj24on0sopZvcplhdF9hcyoIo4osopZvcplhdF9iYWxlZSoIo4J9LHs4Zp33bGQ4O4JlcGRhdGVfYnk4LCJhbG3hcyoIopx0ZV94cpFuZHM4LCJsYWmndWFnZSoIeyJ1ZCoIo4J9LCJsYWJ3bCoIo3VwZGF0ZSBCeSosonZ1ZXc4OjAsopR3dGF1bCoIMCw4ci9ydGF4bGU4OjAsonN3YXJj6CoIMSw4ZG9gbpxvYWQ4OjAsopZybg13b4oIMSw4bG3t6XR3ZCoIo4osond1ZHR2oj24MTAwo4w4YWx1Zia4O4JsZWZ0o4w4ci9ydGx1cgQ4O4oio4w4Yi9ub4oIeyJiYWx1ZCoIojA4LCJkY4oIo4osopt3eSoIo4osopR1cgBsYXk4O4o4fSw4Zp9ybWF0XiFzoj24o4w4Zp9ybWF0XgZhbHV3oj24onldLCJpbgJtcyoIWgs4Zp33bGQ4O4J1ZCosopFs6WFzoj24bHR3XiJyYWmkcyosopxhbpdlYWd3oj17op3koj24on0sopxhYpVsoj24SWQ4LCJpbgJtXidybgVwoj24o4w4cpVxdW3yZWQ4O4o4LCJi6WVgoj2xLCJ0eXB3oj246G3kZGVuo4w4YWRkoj2xLCJz6X13oj24MCosopVk6XQ4OjEsonN3YXJj6CoIojE4LCJzbgJ0bG3zdCoIojA4LCJs6Wl1dGVkoj24o4w4bgB06W9uoj17op9wdF90eXB3oj24o4w4bG9v6gVwXgFlZXJmoj24o4w4bG9v6gVwXgRhYpx3oj24o4w4bG9v6gVwXit3eSoIo4osopxvbitlcF9iYWxlZSoIo4osop3zXiR3cGVuZGVuYgk4O4o4LCJzZWx3YgRfbXVsdG3wbGU4O4owo4w46WlhZiVfbXVsdG3wbGU4O4owo4w4bG9v6gVwXiR3cGVuZGVuYg3f6iVmoj24o4w4cGF06F90bl9lcGxvYWQ4O4o4LCJyZXN1epVfdi3kdG54O4o4LCJyZXN1epVf6GV1Zih0oj24o4w4dXBsbiFkXgRmcGU4O4o4LCJ0bi9sdG3woj24o4w4YXR0cp34dXR3oj24o4w4ZXh0ZWmkXiNsYXNzoj24onl9LHs4Zp33bGQ4O4JuYWl3o4w4YWx1YXM4O4JsdGVfYnJhbpRzo4w4bGFuZgVhZiU4Ons46WQ4O4o4fSw4bGF4ZWw4O4JOYWl3o4w4Zp9ybV9ncp9lcCoIo4osonJ3cXV1cpVkoj24o4w4dp33dyoIMSw4dH3wZSoIonR3eHQ4LCJhZGQ4OjEsonN1epU4O4owo4w4ZWR1dCoIMSw4ciVhcpN2oj24MSosonNvcnRs6XN0oj24MSosopx1bW30ZWQ4O4o4LCJvcHR1bia4Ons4bgB0XgRmcGU4O4o4LCJsbi9rdXBfcXV3cnk4O4o4LCJsbi9rdXBfdGF4bGU4O4o4LCJsbi9rdXBf6iVmoj24o4w4bG9v6gVwXgZhbHV3oj24o4w46XNfZGVwZWmkZWmjeSoIo4osonN3bGVjdF9tdWx06XBsZSoIojA4LCJ1bWFnZV9tdWx06XBsZSoIojA4LCJsbi9rdXBfZGVwZWmkZWmjeV9rZXk4O4o4LCJwYXR2XgRvXgVwbG9hZCoIo4osonJ3ci3IZV9g6WR06CoIo4osonJ3ci3IZV92ZW3n6HQ4O4o4LCJlcGxvYWRfdH3wZSoIo4osonRvbix06XA4O4o4LCJhdHRy6WJldGU4O4o4LCJ3eHR3bpRfYixhcgM4O4o4fX0seyJp6WVsZCoIopVudHJmXiF0o4w4YWx1YXM4O4JsdGVfYnJhbpRzo4w4bGFuZgVhZiU4Ons46WQ4O4o4fSw4bGF4ZWw4O4JFbnRyeSBBdCosopZvcplfZgJvdXA4O4o4LCJyZXFl6XJ3ZCoIo4osonZ1ZXc4OjAsonRmcGU4O4J0ZXh0XiRhdGV06Wl3o4w4YWRkoj2xLCJz6X13oj24MCosopVk6XQ4OjEsonN3YXJj6CoIMCw4ci9ydGx1cgQ4O4oyo4w4bG3t6XR3ZCoIo4osop9wdG3vb4oIeyJvcHRfdH3wZSoIo4osopxvbitlcF9xdWVyeSoIo4osopxvbitlcF90YWJsZSoIo4osopxvbitlcF9rZXk4O4o4LCJsbi9rdXBfdpFsdWU4O4o4LCJ1cl9kZXB3bpR3bpNmoj24o4w4ciVsZWN0XillbHR1cGx3oj24MCosop3tYWd3XillbHR1cGx3oj24MCosopxvbitlcF9kZXB3bpR3bpNmXit3eSoIo4osonBhdGhfdG9fdXBsbiFkoj24o4w4cpVz6X13Xgd1ZHR2oj24o4w4cpVz6X13Xih36Wd2dCoIo4osonVwbG9hZF90eXB3oj24o4w4dG9vbHR1cCoIo4osopF0dHJ1YnV0ZSoIo4osopVadGVuZF9jbGFzcyoIo4J9fSx7opZ1ZWxkoj24ZWm0cn3fYnk4LCJhbG3hcyoIopx0ZV94cpFuZHM4LCJsYWmndWFnZSoIeyJ1ZCoIo4J9LCJsYWJ3bCoIokVudHJmoEJmo4w4Zp9ybV9ncp9lcCoIo4osonJ3cXV1cpVkoj24o4w4dp33dyoIMCw4dH3wZSoIonR3eHQ4LCJhZGQ4OjEsonN1epU4O4owo4w4ZWR1dCoIMSw4ciVhcpN2oj2wLCJzbgJ0bG3zdCoIojM4LCJs6Wl1dGVkoj24o4w4bgB06W9uoj17op9wdF90eXB3oj24o4w4bG9v6gVwXgFlZXJmoj24o4w4bG9v6gVwXgRhYpx3oj24o4w4bG9v6gVwXit3eSoIo4osopxvbitlcF9iYWxlZSoIo4osop3zXiR3cGVuZGVuYgk4O4o4LCJzZWx3YgRfbXVsdG3wbGU4O4owo4w46WlhZiVfbXVsdG3wbGU4O4owo4w4bG9v6gVwXiR3cGVuZGVuYg3f6iVmoj24o4w4cGF06F90bl9lcGxvYWQ4O4o4LCJyZXN1epVfdi3kdG54O4o4LCJyZXN1epVf6GV1Zih0oj24o4w4dXBsbiFkXgRmcGU4O4o4LCJ0bi9sdG3woj24o4w4YXR0cp34dXR3oj24o4w4ZXh0ZWmkXiNsYXNzoj24onl9LHs4Zp33bGQ4O4JlcGRhdGVfYXQ4LCJhbG3hcyoIopx0ZV94cpFuZHM4LCJsYWmndWFnZSoIeyJ1ZCoIo4J9LCJsYWJ3bCoIo3VwZGF0ZSBBdCosopZvcplfZgJvdXA4O4o4LCJyZXFl6XJ3ZCoIo4osonZ1ZXc4OjAsonRmcGU4O4J0ZXh0XiRhdGV06Wl3o4w4YWRkoj2xLCJz6X13oj24MCosopVk6XQ4OjEsonN3YXJj6CoIMCw4ci9ydGx1cgQ4O4o0o4w4bG3t6XR3ZCoIo4osop9wdG3vb4oIeyJvcHRfdH3wZSoIo4osopxvbitlcF9xdWVyeSoIo4osopxvbitlcF90YWJsZSoIo4osopxvbitlcF9rZXk4O4o4LCJsbi9rdXBfdpFsdWU4O4o4LCJ1cl9kZXB3bpR3bpNmoj24o4w4ciVsZWN0XillbHR1cGx3oj24MCosop3tYWd3XillbHR1cGx3oj24MCosopxvbitlcF9kZXB3bpR3bpNmXit3eSoIo4osonBhdGhfdG9fdXBsbiFkoj24o4w4cpVz6X13Xgd1ZHR2oj24o4w4cpVz6X13Xih36Wd2dCoIo4osonVwbG9hZF90eXB3oj24o4w4dG9vbHR1cCoIo4osopF0dHJ1YnV0ZSoIo4osopVadGVuZF9jbGFzcyoIo4J9fSx7opZ1ZWxkoj24dXBkYXR3XiJmo4w4YWx1YXM4O4JsdGVfYnJhbpRzo4w4bGFuZgVhZiU4Ons46WQ4O4o4fSw4bGF4ZWw4O4JVcGRhdGU5Qnk4LCJpbgJtXidybgVwoj24o4w4cpVxdW3yZWQ4O4o4LCJi6WVgoj2wLCJ0eXB3oj24dGVadCosopFkZCoIMSw4ci3IZSoIojA4LCJ3ZG30oj2xLCJzZWFyYi54OjAsonNvcnRs6XN0oj24NSosopx1bW30ZWQ4O4o4LCJvcHR1bia4Ons4bgB0XgRmcGU4O4o4LCJsbi9rdXBfcXV3cnk4O4o4LCJsbi9rdXBfdGF4bGU4O4o4LCJsbi9rdXBf6iVmoj24o4w4bG9v6gVwXgZhbHV3oj24o4w46XNfZGVwZWmkZWmjeSoIo4osonN3bGVjdF9tdWx06XBsZSoIojA4LCJ1bWFnZV9tdWx06XBsZSoIojA4LCJsbi9rdXBfZGVwZWmkZWmjeV9rZXk4O4o4LCJwYXR2XgRvXgVwbG9hZCoIo4osonJ3ci3IZV9g6WR06CoIo4osonJ3ci3IZV92ZW3n6HQ4O4o4LCJlcGxvYWRfdH3wZSoIo4osonRvbix06XA4O4o4LCJhdHRy6WJldGU4O4o4LCJ3eHR3bpRfYixhcgM4O4o4fXldfQ==',NULL);
/*!40000 ALTER TABLE `tb_module` ENABLE KEYS */;
UNLOCK TABLES;

--
-- Table structure for table `tb_notification`
--

DROP TABLE IF EXISTS `tb_notification`;
/*!40101 SET @saved_cs_client     = @@character_set_client */;
 SET character_set_client = utf8mb4 ;
CREATE TABLE `tb_notification` (
  `id` int(11) NOT NULL AUTO_INCREMENT,
  `userid` int(11) DEFAULT NULL,
  `url` varchar(255) DEFAULT NULL,
  `title` varchar(255) DEFAULT NULL,
  `note` text,
  `created` datetime DEFAULT NULL,
  `icon` char(20) DEFAULT NULL,
  `is_read` enum('0','1') DEFAULT '0',
  `postedBy` int(11) DEFAULT NULL,
  PRIMARY KEY (`id`)
) ENGINE=InnoDB AUTO_INCREMENT=2 DEFAULT CHARSET=latin1;
/*!40101 SET character_set_client = @saved_cs_client */;

--
-- Dumping data for table `tb_notification`
--

LOCK TABLES `tb_notification` WRITE;
/*!40000 ALTER TABLE `tb_notification` DISABLE KEYS */;
INSERT INTO `tb_notification` VALUES (1,1,'#','tester',NULL,'2017-11-28 14:14:03',NULL,'1',1);
/*!40000 ALTER TABLE `tb_notification` ENABLE KEYS */;
UNLOCK TABLES;

--
-- Table structure for table `tb_pages`
--

DROP TABLE IF EXISTS `tb_pages`;
/*!40101 SET @saved_cs_client     = @@character_set_client */;
 SET character_set_client = utf8mb4 ;
CREATE TABLE `tb_pages` (
  `pageID` int(11) NOT NULL AUTO_INCREMENT,
  `cid` int(6) DEFAULT NULL,
  `title` varchar(255) DEFAULT NULL,
  `alias` varchar(100) DEFAULT NULL,
  `sinopsis` varchar(250) DEFAULT NULL,
  `note` text,
  `filename` varchar(50) DEFAULT NULL,
  `headline` enum('1','0') DEFAULT NULL,
  `status` enum('enable','disable') DEFAULT 'enable',
  `access` text,
  `allow_guest` enum('0','1') DEFAULT '0',
  `template` enum('frontend','backend') DEFAULT 'frontend',
  `metakey` varchar(255) DEFAULT NULL,
  `metadesc` text,
  `default` enum('0','1') DEFAULT '0',
  `pagetype` enum('page','post') DEFAULT NULL,
  `labels` text,
  `views` int(11) DEFAULT '0',
  `userid` int(11) DEFAULT NULL,
  `thumbnail` varchar(100) DEFAULT NULL,
  `cover` varchar(100) DEFAULT NULL,
  `image` varchar(255) DEFAULT NULL,
  `updated` datetime DEFAULT NULL,
  `created` datetime DEFAULT NULL,
  PRIMARY KEY (`pageID`)
) ENGINE=MyISAM AUTO_INCREMENT=86 DEFAULT CHARSET=utf8;
/*!40101 SET character_set_client = @saved_cs_client */;

--
-- Dumping data for table `tb_pages`
--

LOCK TABLES `tb_pages` WRITE;
/*!40000 ALTER TABLE `tb_pages` DISABLE KEYS */;
INSERT INTO `tb_pages` VALUES (1,0,'Homepage','home','','Please edit directly at<span style=\"font-style: italic;\"> resources/views/layouts/default/template/homepage.blade.php</span><br>','homepage',NULL,'enable','{\"1\":\"1\",\"2\":\"1\",\"3\":\"1\"}','1','frontend','tet','tetet','1','page','',0,0,NULL,NULL,'','2017-10-10 03:29:00','1970-01-01 00:00:00'),(29,0,'What We Do','service','','<section class=\"features pt-3\">\r\n    <div class=\"container\">\r\n        <div class=\"row\">\r\n            <div class=\"col-lg-12 text-center\">\r\n                <div class=\"navy-line\"></div>\r\n                <h1> What we can do </h1>\r\n                <p>Donec sed odio dui. Etiam porta sem malesuada magna mollis euismod. </p>\r\n            </div>\r\n        </div>\r\n        <div class=\"row justify-content-center\">\r\n            <div class=\"col-lg-5 col-lg-offset-1 features-text\">\r\n                <small>Sximo6</small>\r\n                <h2>Perfectly designed </h2>\r\n                <i class=\"fa fa-bar-chart big-icon float-right\"></i>\r\n                <p>Lorem ipsum dolor sit amet, consectetur adipiscing elit. Suspendisse auctor vestibulum viverra. Proin et dignissim nisl, eget pretium sapien. Cras fringilla nunc ut eros sodales, quis mollis diam interdum. Etiam sodales fermentum ante, imperdiet pharetra eros consectetur sodales. Pellentesque tincidunt sapien magna. Cras rutrum tortor mi, eu congue velit tempor sed. Vestibulum ante ipsum primis in faucibus orci luctus et ultrices posuere cubilia Curae; Proin ac massa mauris. Sed elementum rhoncus erat, tempor viverra nibh luctus sit amet..</p>\r\n            </div>\r\n            <div class=\"col-lg-5 features-text\">\r\n                <small>Sximo6</small>\r\n                <h2>Perfectly designed </h2>\r\n                <i class=\"fa fa-bolt big-icon float-right\"></i>\r\n                <p>Lorem ipsum dolor sit amet, consectetur adipiscing elit. Suspendisse auctor vestibulum viverra. Proin et dignissim nisl, eget pretium sapien. Cras fringilla nunc ut eros sodales, quis mollis diam interdum. Etiam sodales fermentum ante, imperdiet pharetra eros consectetur sodales. Pellentesque tincidunt sapien magna. Cras rutrum tortor mi, eu congue velit tempor sed. Vestibulum ante ipsum primis in faucibus orci luctus et ultrices posuere cubilia Curae; Proin ac massa mauris. Sed elementum rhoncus erat, tempor viverra nibh luctus sit amet.</p>\r\n            </div>\r\n        </div>\r\n        <div class=\"row justify-content-center\">\r\n            <div class=\"col-lg-5 col-lg-offset-1 features-text\">\r\n                <small>Sximo6</small>\r\n                <h2>Perfectly designed </h2>\r\n                <i class=\"fa fa-clock-o big-icon float-right\"></i>\r\n                <p>Lorem ipsum dolor sit amet, consectetur adipiscing elit. Suspendisse auctor vestibulum viverra. Proin et dignissim nisl, eget pretium sapien. Cras fringilla nunc ut eros sodales, quis mollis diam interdum. Etiam sodales fermentum ante, imperdiet pharetra eros consectetur sodales. Pellentesque tincidunt sapien magna. Cras rutrum tortor mi, eu congue velit tempor sed. Vestibulum ante ipsum primis in faucibus orci luctus et ultrices posuere cubilia Curae; Proin ac massa mauris. Sed elementum rhoncus erat, tempor viverra nibh luctus sit amet.</p>\r\n            </div>\r\n            <div class=\"col-lg-5 features-text\">\r\n                <small>Sximo6</small>\r\n                <h2>Perfectly designed </h2>\r\n                <i class=\"fa fa-users big-icon float-right\"></i>\r\n                <p>Lorem ipsum dolor sit amet, consectetur adipiscing elit. Suspendisse auctor vestibulum viverra. Proin et dignissim nisl, eget pretium sapien. Cras fringilla nunc ut eros sodales, quis mollis diam interdum. Etiam sodales fermentum ante, imperdiet pharetra eros consectetur sodales. Pellentesque tincidunt sapien magna. Cras rutrum tortor mi, eu congue velit tempor sed. Vestibulum ante ipsum primis in faucibus orci luctus et ultrices posuere cubilia Curae; Proin ac massa mauris. Sed elementum rhoncus erat, tempor viverra nibh luctus sit amet.</p>\r\n            </div>\r\n        </div>\r\n    </div>\r\n\r\n</section>','fullpage',NULL,'enable','{\"1\":\"1\",\"2\":\"0\",\"3\":\"0\"}','1','frontend','','','0','page','',149,0,NULL,NULL,'','2017-11-03 10:16:43','1970-01-01 00:00:00'),(27,NULL,'About Us','about-us','','<h4>Valuable counselling requires insight.</h4>\r\n<p>We take the time to understand our clients businesses.</p>\r\n<p>Brandt & Lauritzen is a specialised Danish law firm with business-minded attorneys.</p>\r\n<p>We ensure value-creating counselling by combining our in-depth knowledge of the legal framework in Denmark and our understanding of the business side of the matters. We believe valuable counselling requires more than simply an understanding of the legal issues at hand,\r\nit also requires insight into our clients industries in a commercial context.</p>\r\n<h4> Who where are </h4>\r\n<p>We take the time to understand our clients businesses.</p>\r\n<div  id=\"about\" >\r\n    \r\n \r\n <div class=\"row\" >\r\n            <div class=\"col-sm-4 wow fadeInLeft animated\" style=\"visibility: visible; animation-name: fadeInLeft;\">\r\n                <div class=\"about\">\r\n                    <img src=\"uploads/images/about/avatar1.jpg\" class=\"avatar\" alt=\"\">\r\n                    <h4><span class=\"navy\">Amelia</span> Smith</h4>\r\n                    <p>Lorem ipsum dolor sit amet, illum fastidii dissentias quo ne. Sea ne sint animal iisque, nam an soluta sensibus. </p>\r\n                    <ul class=\"list-inline social-icon\">\r\n                        <li class=\"list-inline-item\"><a href=\"#\"><i class=\"fa fa-twitter\"></i></a>\r\n                        </li>\r\n                        <li class=\"list-inline-item\"><a href=\"#\"><i class=\"fa fa-facebook\"></i></a>\r\n                        </li>\r\n                        <li class=\"list-inline-item\"><a href=\"#\"><i class=\"fa fa-linkedin\"></i></a>\r\n                        </li>\r\n                    </ul>\r\n                </div>\r\n            </div>\r\n            <div class=\"col-sm-4\">\r\n                <div class=\"team-member wow zoomIn animated\" style=\"visibility: visible;\">\r\n                    <img src=\"uploads/images/about/avatar3.jpg\" class=\"avatar\" alt=\"\">\r\n                    <h4><span class=\"navy\">John</span> Novak</h4>\r\n                    <p>Lorem ipsum dolor sit amet, illum fastidii dissentias quo ne. Sea ne sint animal iisque, nam an soluta sensibus.</p>\r\n                    <ul class=\"list-inline social-icon\">\r\n                        <li class=\"list-inline-item\"><a href=\"#\"><i class=\"fa fa-twitter\"></i></a>\r\n                        </li>\r\n                        <li class=\"list-inline-item\"><a href=\"#\"><i class=\"fa fa-facebook\"></i></a>\r\n                        </li>\r\n                        <li class=\"list-inline-item\"><a href=\"#\"><i class=\"fa fa-linkedin\"></i></a>\r\n                        </li>\r\n                    </ul>\r\n                </div>\r\n            </div>\r\n            <div class=\"col-sm-4 wow fadeInRight animated\" style=\"visibility: visible; animation-name: fadeInRight;\">\r\n                <div class=\"team-member\">\r\n                    <img src=\"uploads/images/about/avatar2.jpg\" class=\"avatar\" alt=\"\">\r\n                    <h4><span class=\"navy\">Peter</span> Johnson</h4>\r\n                    <p>Lorem ipsum dolor sit amet, illum fastidii dissentias quo ne. Sea ne sint animal iisque, nam an soluta sensibus.</p>\r\n                    <ul class=\"list-inline social-icon\">\r\n                        <li class=\"list-inline-item\"><a href=\"#\"><i class=\"fa fa-twitter\"></i></a>\r\n                        </li>\r\n                        <li class=\"list-inline-item\"><a href=\"#\"><i class=\"fa fa-facebook\"></i></a>\r\n                        </li>\r\n                        <li class=\"list-inline-item\"><a href=\"#\"><i class=\"fa fa-linkedin\"></i></a>\r\n                        </li>\r\n                    </ul>\r\n                </div>\r\n            </div>\r\n        </div>\r\n    \r\n</div>','page',NULL,'enable','{\"1\":\"1\",\"2\":\"0\",\"3\":\"0\"}','1','frontend','','','0','page','',151,0,NULL,NULL,'','2017-11-04 00:27:32','1970-01-01 00:00:00'),(26,NULL,'Contact Us','contact-us','','<div class=\" section bg-gray text-center\" id=\"contact\">\r\n    \r\n    <div class=\"container\">\r\n        <div class=\"section-header\">\r\n          <h2>Contact Us</h2>\r\n          <p>Sed tamen tempor magna labore dolore dolor sint tempor duis magna elit veniam aliqua esse amet veniam enim export quid quid veniam aliqua eram noster malis nulla duis fugiat culpa esse aute nulla ipsum velit export irure minim illum fore</p>\r\n        </div>\r\n\r\n        <div class=\"row contact-info\">\r\n\r\n          <div class=\"col-md-4\">\r\n            <div class=\"contact-address\">\r\n             \r\n              <h3>Address</h3>\r\n              <address>A108 Adam Street, NY 535022, USA</address>\r\n            </div>\r\n          </div>\r\n\r\n          <div class=\"col-md-4\">\r\n            <div class=\"contact-phone\">\r\n             \r\n              <h3>Phone Number</h3>\r\n              <p><a href=\"tel:+155895548855\">+1 5589 55488 55</a></p>\r\n            </div>\r\n          </div>\r\n\r\n          <div class=\"col-md-4\">\r\n            <div class=\"contact-email\">\r\n              \r\n              <h3>Email</h3>\r\n              <p><a href=\"mailto:info@example.com\">info@example.com</a></p>\r\n            </div>\r\n          </div>\r\n\r\n        </div>\r\n      </div>\r\n	<div class=\"container\">\r\n		<h1 class=\"\">Fill The Form </h1>	\r\n		<p>Lorem ipsum dolor sit amet, consectetur adipiscing elit. Suspendisse auctor vestibulum viverra. Proin et dignissim nisl, eget pretium sapien. Cras fringilla nunc ut eros sodales, quis mollis diam interdum. Etiam sodales fermentum ante, imperdiet pharetra eros consectetur sodales. Pellentesque tincidunt sapien magna. Cras rutrum tortor mi, eu congue velit tempor sed. Vestibulum ante ipsum primis in faucibus orci luctus et ultrices posuere cubilia Curae; Proin ac massa mauris. Sed elementum rhoncus erat, tempor viverra nibh luctus sit amet</p>\r\n		<p > This for build using <b> Form Generator </b> . its quite simple but yet powerfull tools for develop real applications </p>\r\n			<div style=\"text-align:left\">\r\n				[sc:Form fnc=render|id=2] [/sc] \r\n			</div>      \r\n	</div>\r\n</div>','fullpage',NULL,'enable','{\"1\":\"1\",\"2\":\"0\",\"3\":\"0\"}','1','frontend','','','0','page','',113,0,NULL,NULL,'','2017-11-03 07:41:11','1970-01-01 00:00:00'),(46,NULL,'Privacy Policy','privacy','','[sc:Sximo fnc=render|id=comment] [/sc]<p>Lorem ipsum dolor sit amet, consectetur adipiscing elit. Ut id mauris vulputate, luctus erat et, porttitor mauris. Cras ultricies tortor tempus orci aliquam, congue congue urna molestie. Integer tristique ac sem sed tincidunt. Suspendisse mattis, tortor a elementum ullamcorper, tortor elit vestibulum mauris, quis mattis leo lorem vel quam. Nullam elementum quam et condimentum tempor. Quisque dignissim leo imperdiet sollicitudin sollicitudin. <br>oncus molestie. Nulla interdum semper magna, eu gravida lorem mollis eget. In sed viverra velit. <br></p><br>Morbi rutrum ante hendrerit, vehicula dolor at, suscipit elit. Vestibulum a mauris tristique, fermentum est nec, rutrum nibh. Duis in semper metus. Nunc maximus, ex id fringilla sagittis, nisl metus bibendum lacus, quis placerat diam quam sed justo. Nullam varius dapibus purus, et malesuada ipsum pulvinar posuere. Fusce sit amet sem tincidunt, suscipit dolor at, bibendum est. Vivamus porta in lectus sed ultrices. Nam viverra mauris a hendrerit posuere. <br><br>Donec elementum velit nisi, a eleifend augue blandit hendrerit. Donec id pulvinar est.Integer vitae orci sapien. Integer at urna lorem. Praesent nec ante suscipit, tincidunt nibh quis, dapibus tellus. Curabitur quis odio faucibus, pretium mauris eu, pretium eros. Morbi nec nibh ullamcorper, dignissim arcu sit amet, lobortis ligula. <br><br>Duis fermentum, quam vel sollicitudin rutrum, ex risus ornare dolor, eget volutpat velit purus a purus. Nullam sed iaculis enim. Aenean ac pellentesque sem. Aliquam blandit libero nunc, nec rutrum mi lacinia eget. <p></p><br><p></p>','page',NULL,'enable','{\"1\":\"1\",\"2\":\"0\",\"3\":\"0\"}','1','frontend','','','0','page','',58,0,NULL,NULL,'','2017-11-03 13:18:42','1970-01-01 00:00:00'),(70,1,'New Sximo 5 Ultimate ( Powefull CMS )','new-sximo-5-ultimate-powefull-cms','Lorem ipsum dolor sit amet, adipisicing elit','<p></p><h3>Introducing Me<br></h3><p>Lorem ipsum dolor sit amet, consectetur adipiscing elit. Ut id mauris \r\nvulputate, luctus erat et, porttitor mauris. Cras ultricies tortor \r\ntempus orci aliquam, congue congue urna molestie. Integer tristique ac \r\nsem sed tincidunt. Suspendisse mattis, tortor a elementum ullamcorper, \r\ntortor elit vestibulum mauris, quis mattis leo lorem vel quam. Nullam \r\nelementum quam et condimentum tempor. Quisque dignissim leo imperdiet \r\nsollicitudin sollicitudin. <br>oncus molestie. Nulla interdum semper magna, eu gravida lorem mollis eget. In sed viverra velit. <br></p>','','1','enable','{\"1\":\"1\",\"2\":\"0\",\"3\":\"0\"}','1','','','','0','post','Sximo ultimate , crud , admin',25,0,'4.jpg',NULL,'4.jpg','2019-11-06 03:34:50','2017-11-02 09:30:39'),(45,NULL,'Term Of Condition','toc','','<div class=\"section-title\">Term Of Condition</div><p>Suspendisse mattis, tortor a elementum ullamcorper, tortor elit vestibulum mauris</p><blockquote><p>consectetur adipiscing elit. Ut id mauris vulputate, luctus erat et, porttitor mauris. </p></blockquote><p>Cras ultricies tortor tempus orci aliquam, congue congue urna molestie. Integer tristique ac sem sed tincidunt. Suspendisse mattis, tortor a elementum ullamcorper, tortor elit vestibulum mauris, quis mattis leo lorem vel quam. Nullam elementum quam et condimentum tempor. Quisque dignissim leo imperdiet sollicitudin sollicitudin. Praesent laoreet nisl at dolor pharetra consequat. Morbi condimentum egestas nisi, efficitur placerat augue posuere id. Vivamus mattis dolor a urna elementum fermentum. Etiam auctor elementum consectetur.In id neque vel tellus rhoncus molestie. </p><blockquote><p>Nulla interdum semper magna, eu gravida lorem mollis eget. In sed viverra velit. Morbi rutrum ante hendrerit, vehicula dolor at, suscipit elit. Vestibulum a mauris tristique, fermentum est nec, rutrum nibh. Duis in semper metus. Nunc maximus, ex id fringilla sagittis, nisl metus bibendum lacus, quis placerat diam quam sed justo. Nullam varius dapibus purus, et malesuada ipsum pulvinar posuere. Fusce sit amet sem tincidunt, suscipit dolor at, bibendum est. Vivamus porta in lectus sed ultrices. Nam viverra mauris a hendrerit posuere. Donec elementum velit nisi, a eleifend augue blandit hendrerit. Donec id pulvinar est.Integer vitae orci sapien. Integer at urna lorem. Praesent nec ante suscipit, tincidunt nibh quis, dapibus tellus. Curabitur quis odio faucibus, pretium mauris eu, pretium eros. </p></blockquote><p><br></p><p>Morbi nec nibh ullamcorper, dignissim arcu sit amet, lobortis ligula. Duis fermentum, quam vel sollicitudin rutrum, ex risus ornare dolor, eget volutpat velit purus a purus. Nullam sed iaculis enim. Aenean ac pellentesque sem. Aliquam blandit libero nunc, nec rutrum mi lacinia eget. Aenean ultricies, quam ut ultricies ullamcorper, nibh dolor viverra ipsum, ac vestibulum purus ante a massa.Nulla bibendum, lectus eget lobortis vehicula, lectus ante congue augue, in tempus tellus tortor et diam. Phasellus lorem dolor, rutrum sit amet dapibus et, malesuada venenatis enim. Donec tincidunt turpis quam, a convallis eros scelerisque a. Pellentesque habitant morbi tristique senectus et netus et malesuada fames ac turpis egestas. Phasellus eget mi ipsum. Donec non lorem sem. Phasellus sed tortor non ligula congue faucibus vitae imperdiet nisl. </p><p><br></p><p>Cras dolor ante, condimentum at elementum mollis, hendrerit in lorem. Phasellus eu enim ante. Cras erat dui, cursus suscipit sem sit amet, congue varius enim. Nam purus sem, gravida non lacus eget, porta fringilla nibh. Praesent egestas felis at risus ullamcorper, at condimentum mauris scelerisque. Etiam eget eros laoreet, vestibulum dui eu, vehicula leo. Nulla sagittis nibh nibh, sit amet interdum ligula feugiat eget. Aliquam vitae ex tincidunt, facilisis massa ut, viverra sem.Praesent diam justo, fermentum in maximus vitae, tristique vel orci. Integer a facilisis neque. Nunc eu justo urna. Praesent commodo eget diam a commodo. Nulla viverra pulvinar justo sed auctor. Maecenas rutrum tincidunt hendrerit. Nunc fringilla sem id sem suscipit tincidunt. Donec condimentum lobortis sem eget blandit.</p>','',NULL,'enable','','1','frontend','','','0','page','',2,0,NULL,NULL,'','2017-11-03 13:20:26','1970-01-01 00:00:00'),(47,3,'Printing And Typesetting Industries','printing-and-typesetting-industry','Lorem ipsum dolor sit amet, adipisicing elit','printing and typesetting industry Lorem Ipsum has been the industry\'s standard dummy text ever since the 1500s, when an unknown printer took a galley of type and scrambled it to make a type specimen book.<br><br>printing and typesetting industry Lorem Ipsum has been the industry\'s \r\nstandard dummy text ever since the 1500s, when an unknown printer took a\r\n galley of type and scrambled it to make a type specimen book.<br><hr>\r\n\r\n<div class=\"someclass\" id=\"someid\" markdown=\"1\">\r\n    Insert markdown here greate !<br></div>\r\n\r\nclass PostsController extends Controller<br><br>printing and typesetting industry. Lorem Ipsum has been the industry\'s standard dummy text ever since the 1500s, when an unknown printer took a galley of type and scrambled it to make a type specimen book.<br><br><pre>class PostsController extends Controller {\r\n\r\n	protected $layout = \"layouts.main\";\r\n	protected $data = array();	\r\n	public $module = \'posts\';\r\n	static $per_page	= \'10\';\r\n	public function __construct()\r\n	{\r\n        }\r\n}\r\n\r\n</pre>\r\n\r\n\r\n <br><br>It has survived not only five centuries, but also the leap into electronic typesetting, remaining essentially unchanged. It was popularised in the 1960s with the release of Letraset sheets containing Lorem Ipsum passages, and more recently with desktop publishing software like Aldus PageMaker including versions of Lorem Ipsum\r\n\r\nis simply dummy text of the <br><span style=\"font-weight: bold;\"><br>printing and typesetting industry</span><br><br>Lorem Ipsum has been the industry\'s standard dummy text ever since the 1500s, when an unknown printer took a galley of type and scrambled it to make a type specimen book.\r\n\r\n It has survived not only five centuries, but also the leap into electronic typesetting, remaining essentially unchanged. It was popularised in the 1960s with the release of Letraset sheets containing Lorem Ipsum passages, and more recently with desktop publishing software like Aldus PageMaker including versions of Lorem Ipsum','',NULL,'enable','{\"1\":\"1\",\"2\":\"0\",\"3\":\"0\"}','1','','printing and typesetting industry Lorem','printing ,and typesetting, industry, Lorem,','0','post','Finance , Accounting',76,0,'1.jpg',NULL,'1.jpg','2019-11-03 06:19:41','2019-10-18 00:00:00'),(48,2,'New Sximo 5.1.6 Sept 2016','new-sximo-5.1.6-sept-2016','Lorem ipsum dolor sit amet, adipisicing elit','<p>is simply dummy text of the printing and typesetting industry. Lorem Ipsum has been the industry\'s standard dummy text ever since the 1500s, when an unknown printer took a galley of type and scrambled it to make a type specimen book. </p><hr><p>It has survived not only five centuries, but also the leap into electronic typesetting, remaining essentially unchanged. It was popularised in the 1960s with the release of Letraset sheets containing Lorem Ipsum passages, and more recently with desktop publishing software like Aldus PageMaker including versions of Lorem Ipsum</p>','','1','enable','{\"1\":\"1\",\"2\":\"0\",\"3\":\"0\"}','1','','','','0','post','Finance , Accounting',48,0,'2.jpg',NULL,'2.jpg','2019-11-10 03:51:26','2017-05-07 00:00:00'),(50,4,'Remaining essentially unchanged','-remaining-essentially-unchanged','Lorem ipsum dolor sit amet, adipisicing elit','<p>is simply dummy text of the printing and typesetting industry. Lorem Ipsum has been the industry\'s standard dummy text ever since the 1500s, when an unknown printer took a galley of type and scrambled it to make a type specimen book. It has survived not only five centuries, but also the leap into electronic typesetting.</p><hr><p>is simply dummy text of the printing and typesetting industry. Lorem Ipsum has been the industry\'s standard dummy text ever since the 1500s, when an unknown printer took a galley of type and scrambled it to make a type specimen book. It has survived not only five centuries, but also the leap into electronic typesetting,</p>[mpro id=\"2\"] test cotent here [/mpro]','','1','enable','','1','','','','0','post','Finance , Accounting',39,0,'3.jpg',NULL,'3.jpg','2017-11-01 11:34:16','2017-09-03 00:00:00'),(53,NULL,'Backend Page','page-backend','','<p></p><div style=\"text-align: center;\">I<span style=\"font-size: 18px;\">nteger vitae orci sapien. Integer at urna lorem. Praesent nec ante suscipit, </span></div><div style=\"text-align: center;\"><span style=\"font-size: 18px;\">tincidunt nibh quis, dapibus tellus. Curabitur quis odio faucibus, </span></div><div style=\"text-align: center;\"><span style=\"font-size: 18px;\">pretium mauris eu, pretium eros.</span> <br></div><br>Morbi nec nibh ullamcorper, dignissim arcu sit amet, lobortis ligula. Duis fermentum, quam vel sollicitudin rutrum, ex risus ornare dolor, eget volutpat velit purus a purus. Nullam sed iaculis enim. Aenean ac pellentesque sem. <br><p></p><p><br>&nbsp;Nullam elementum quam et condimentum tempor. Quisque dignissim leo imperdiet sollicitudin sollicitudin. </p><br><p><br></p>','backend',NULL,'enable','','1','backend','','','0','page','',3,0,NULL,NULL,'','2017-10-10 03:28:34','1970-01-01 00:00:00'),(84,NULL,'FAQ','faq',NULL,'[sc:My fnc=documentation|id=3-faq] [/sc]','fullpage',NULL,'enable','{\"1\":\"1\",\"2\":\"0\",\"3\":\"0\"}','1','frontend',NULL,NULL,'0',NULL,NULL,123,NULL,NULL,NULL,NULL,NULL,NULL);
/*!40000 ALTER TABLE `tb_pages` ENABLE KEYS */;
UNLOCK TABLES;

--
-- Table structure for table `tb_restapi`
--

DROP TABLE IF EXISTS `tb_restapi`;
/*!40101 SET @saved_cs_client     = @@character_set_client */;
 SET character_set_client = utf8mb4 ;
CREATE TABLE `tb_restapi` (
  `id` int(11) NOT NULL AUTO_INCREMENT,
  `apiuser` int(11) DEFAULT NULL,
  `apikey` varchar(100) DEFAULT NULL,
  `created` date DEFAULT NULL,
  `modules` text,
  PRIMARY KEY (`id`)
) ENGINE=InnoDB AUTO_INCREMENT=2 DEFAULT CHARSET=latin1;
/*!40101 SET character_set_client = @saved_cs_client */;

--
-- Dumping data for table `tb_restapi`
--

LOCK TABLES `tb_restapi` WRITE;
/*!40000 ALTER TABLE `tb_restapi` DISABLE KEYS */;
INSERT INTO `tb_restapi` VALUES (1,1,'vbzt9Q-mZT7K-G8fTmm-pKezp','2017-11-22','comment');
/*!40000 ALTER TABLE `tb_restapi` ENABLE KEYS */;
UNLOCK TABLES;

--
-- Table structure for table `tb_users`
--

DROP TABLE IF EXISTS `tb_users`;
/*!40101 SET @saved_cs_client     = @@character_set_client */;
 SET character_set_client = utf8mb4 ;
CREATE TABLE `tb_users` (
  `id` int(11) NOT NULL AUTO_INCREMENT,
  `group_id` int(6) DEFAULT NULL,
  `username` varchar(100) NOT NULL,
  `password` varchar(64) NOT NULL,
  `email` varchar(100) NOT NULL,
  `first_name` varchar(50) DEFAULT NULL,
  `last_name` varchar(50) DEFAULT NULL,
  `p_token` varchar(2000) NOT NULL,
  `avatar` varchar(100) DEFAULT NULL,
  `active` tinyint(1) unsigned DEFAULT NULL,
  `login_attempt` tinyint(2) DEFAULT '0',
  `last_login` datetime DEFAULT NULL,
  `created_at` timestamp NOT NULL DEFAULT CURRENT_TIMESTAMP,
  `updated_at` timestamp NULL DEFAULT NULL,
  `reminder` varchar(64) DEFAULT NULL,
  `activation` varchar(50) DEFAULT NULL,
  `remember_token` varchar(100) DEFAULT NULL,
  `last_activity` int(20) DEFAULT NULL,
  `config` text,
  PRIMARY KEY (`id`)
) ENGINE=InnoDB AUTO_INCREMENT=8 DEFAULT CHARSET=utf8;
/*!40101 SET character_set_client = @saved_cs_client */;

--
-- Dumping data for table `tb_users`
--

LOCK TABLES `tb_users` WRITE;
/*!40000 ALTER TABLE `tb_users` DISABLE KEYS */;
INSERT INTO `tb_users` VALUES (1,1,'superadmin','$2y$10$FoKgRaz10e6Q0KRqfyhnGuOQQlwrm72mR/nivCndQrG0Pftts1xFG','teamb2bsolver@gmail.com','Root','Admin','eyJ0eXAiOiJKV1QiLCJhbGciOiJSUzI1NiJ9.eyJhdWQiOiIzIiwianRpIjoiMjNmNjNkNWVjM2QzNGQxMGNhZDI2NDY5NmNiNWU5ODE2MjUwYmY3ZjdlNzU0MWUwNzZiYzEzNjkzY2I4YjliYzAyZTQ4OWFhNjg2MDkyY2UiLCJpYXQiOjE2Mjc1NDczNjEsIm5iZiI6MTYyNzU0NzM2MSwiZXhwIjoxNjU5MDgzMzYxLCJzdWIiOiIxIiwic2NvcGVzIjpbXX0.Nye61h2xCzMawASXyOmcwmOD3iXuFPX4teO9rmBDxJ0w8EpFwbMVHtTu_43y984yu9I_EzExEMMH0dQV2-M92VPIuWBwEx6GDL7LdePW4dgmzFTNJqVnFDDV6W9gM2ylsP2FuPxKBIrVVReAL0wD5Nwp39KNQaKm-9LeBA3d9tLSI-1_JbB8XXUIf9_C3Du_pmX24H6xAxcPw5LUn0Xv1qMrbmiGJv5TYP6sdoAk8SQUToG7SU_A23DqJe0icxHdn2GGlCwN6KP7KFNkg8wOO4vtRFYqlhQC2t5poYPORyIexL9uex_AH2UTHhJg31N2Undpn-cD0C1OGB1i6MOva9NOhBtRE-L_Z8JhYnfySvk1sAhauCWx36xl8YuuVAPbN4VtOeMPyMGFRqyyoyNDIFWAWQeQIgBv-3RMJcS4zR5QpoAVBjFYKWh60LvRmNt3y-DwqhCZyddfko3JlOyS7nZvgC8rb9p0Cnx8tK28hZm29a5hoz-MYW4V2AEGuT7R8yBaeqcdOB0G77xVS31K8FFjMUhHkSIuclCAIOCrEhgQJGAMJ9crlDup4fvwIArkVjcNJZa2tzNtm_kgawhCMqQ2C6rgCiSXUrX4A-RftZ9YXgescUxXDQ2PB58Gg0cfPPa056ogBx7rF6xMXoyFBZZNHL05B_wo0_5im4voqR8','1.png',1,12,'2021-07-29 08:29:21','2014-03-12 10:18:46','2021-07-29 09:24:32','SNLyM4Smv12Ck8jyopZJMfrypTbEDtVhGT5PMRzxs',NULL,'rrWq57mq0ffkYZT3D6s3rlYGEFov2jR6NYpzgC1gh3HZhGSykjl4pd7HFXpj',1485431605,NULL),(7,3,'','$2y$10$qesvRxX1VjkT/hq68I.v2OjKFnKYaqpET9xbPUR0YC0bdGUnHx/uC','shopnodiptrading2011@gmail.com','Shopnodin','Trading','eyJ0eXAiOiJKV1QiLCJhbGciOiJSUzI1NiJ9.eyJhdWQiOiIzIiwianRpIjoiNzgyOWU5ZjA4ZWMyNDE5YzA0ZjE5YTliODA3ZDJkZjE3NjExYjY3ZTZiZTM4NmJmNWQ2ZDEwYzEwNTEyOTliOTkxM2QwMzMxYjQwYTllZTAiLCJpYXQiOjE2MjcyOTg2MzgsIm5iZiI6MTYyNzI5ODYzOCwiZXhwIjoxNjU4ODM0NjM4LCJzdWIiOiI3Iiwic2NvcGVzIjpbXX0.kdm6dQreoSn5iAkHu9fqKLyhMTrPlW2cJk4KGENBNUvNJ4FCtvkFPTgDtFDZ9Y8C86W3XumpYtPEd1-bRWhK9g_BKnsC4sK1BEBuJL8aDGzSulLelrOkpqtBfg0RjkvtMQcnIL2dg_8tIVGIAyBUDtv0MucNp6Dtuo5OYVAhe0tIID_syfvIacpBhcoWVNilm_wPP-8UYESLny2e_6BE5aDR76vFRO7Usp5RnstYIAGMc9K8r-qNtp2MajMmar-CashsnREGrYaHAs6MC4E3k1RIysFX9uKIAPzCXYtPiEwZwqXcoa8mxglMHt9sEcbtKBDoJ-0eSLfDHbEiVDA8pgy1ZBOgIXDQypMmcNKlVYgSQYqdUlGN2kNrg3rZlsgtQoqyc-vmqCPOniHzJD7Ytef1YDnErVBLN4s8ui5VI92PeF9di_WNmdI9IAf2NU7FMlRYoRMOQlUtyXdMTvIaZ8J2KASKaTkx_47DEHR5kwx_7q3JiLxH0yz1Th_bfX1rYsAIr53KLcP_yi4F9WkLyL2vgvUQehMIA0VD-fUbVuYaF8IcWOnBpmAdEB8gA0EUmBAoeQd1SGZDVEHFGLwCOrsK0iVWmHpFBXTu5xT7poTO8bAWa47TPzw-65dusJdzqiJOd4BivXzm6TpgPtRpGQECzRNWzZvT19iS2nfPj5Q',NULL,1,0,'2021-07-26 11:23:58','2021-07-26 11:17:38',NULL,NULL,NULL,'Bbjv38E9pvAHiXObiuJpUogCYK4gtCaXreYKOfnegnp1d0GHTVnyLzKIdQFQ',NULL,NULL);
/*!40000 ALTER TABLE `tb_users` ENABLE KEYS */;
UNLOCK TABLES;
/*!40103 SET TIME_ZONE=@OLD_TIME_ZONE */;

/*!40101 SET SQL_MODE=@OLD_SQL_MODE */;
/*!40014 SET FOREIGN_KEY_CHECKS=@OLD_FOREIGN_KEY_CHECKS */;
/*!40014 SET UNIQUE_CHECKS=@OLD_UNIQUE_CHECKS */;
/*!40101 SET CHARACTER_SET_CLIENT=@OLD_CHARACTER_SET_CLIENT */;
/*!40101 SET CHARACTER_SET_RESULTS=@OLD_CHARACTER_SET_RESULTS */;
/*!40101 SET COLLATION_CONNECTION=@OLD_COLLATION_CONNECTION */;
/*!40111 SET SQL_NOTES=@OLD_SQL_NOTES */;

-- Dump completed on 2021-08-23 21:33:58
